Rank,ID,WaterSample_ID,shelf,tank,pCO2,DIC,TA,pCO2_calc,Calcite,pH_meas,survival,survival_date,sample_date,bw1_BW,bw1_date,bw1_date_alt,bw1_std_wt,bw1_temp,bw1_sal,bw2_BW,bw2_date,bw2_date_alt,bw2_std_wt,bw2_temp2,bw2_sal,bw3_BW,bw3_date,bw3_date_alt,bw3_std_wt,bw3_temp,bw3_sal,dry_end_meas,dry_measurer,bw1_bw2_std_corr,bw1_bw3_std_corr,bw2_BW_corr,bw3_BW_corr,"dry1_final
",dry2_final,dry3_final,bw1_bw2_dayRange,bw2_bw3_dayRange,bw1_bw2_diff,bw2_bw3_diff,bw1_bw2_daily,bw2_bw3_daily,bw1_bw2_daily_sizeCorr,bw2_bw3_daily_sizeCorr,"Calcification_daily_sizeCorr
","Calcification_daily_sizeCorr_percent
"
1,17002,5,2,2,400,2329.53,2437.2,590.67,2.86,7.83,Y,20170509,20170509,28.924,170506,05/06/17,2.80,13.00,32.667,NA,NA,NA,NA,NA,NA,NA,NA,NA,NA,NA,NA,49.89,Isabel,NA,NA,NA,NA,51.293,NA,NA,NA,NA,NA,NA,NA,NA,NA,NA,NA,
2,17009,18,6,3,2800,2622.52,2522.02,2555.7,1.13,7.23,Y,20170509,20170509,37.168,170504,05/04/17,2.76,13.00,32.433,NA,NA,NA,NA,NA,NA,NA,NA,NA,NA,NA,NA,63.85,Isabel,NA,NA,NA,NA,66.669,NA,NA,NA,NA,NA,NA,NA,NA,NA,NA,NA,
3,17014,14,5,2,900,2441,2468.42,865.45,2.15,7.62,Y,20170509,20170509,37.192,170506,05/06/17,2.80,13.00,32.667,NA,NA,NA,NA,NA,NA,NA,NA,NA,NA,NA,NA,65.54,Isabel,NA,NA,NA,NA,66.715,NA,NA,NA,NA,NA,NA,NA,NA,NA,NA,NA,
4,17016,13,5,1,900,2439.9,2459.91,936.56,2.02,7.62,Y,20170509,20170509,39.398,170505,05/05/17,2.79,12.90,32.533,NA,NA,NA,NA,NA,NA,NA,NA,NA,NA,NA,NA,72.18,Isabel,NA,NA,NA,NA,70.829,NA,NA,NA,NA,NA,NA,NA,NA,NA,NA,NA,
5,17018,3,1,3,400,2377.12,2484.38,574.36,2.93,7.84,Y,20170509,20170509,16.632,170505,05/05/17,2.79,12.90,32.533,NA,NA,NA,NA,NA,NA,NA,NA,NA,NA,NA,NA,28.34,Isabel,NA,NA,NA,NA,28.368,NA,NA,NA,NA,NA,NA,NA,NA,NA,NA,NA,
6,17035,15,5,3,900,2441.67,2467.77,890.65,2.12,7.62,Y,20170509,20170509,22.056,170505,05/05/17,2.79,12.90,32.533,NA,NA,NA,NA,NA,NA,NA,NA,NA,NA,NA,NA,37.56,Isabel,NA,NA,NA,NA,38.484,NA,NA,NA,NA,NA,NA,NA,NA,NA,NA,NA,
7,17047,16,6,1,2800,2616.63,2523.13,2423.47,1.17,7.24,Y,20170509,20170509,18.373,170504,05/04/17,2.76,13.00,32.433,NA,NA,NA,NA,NA,NA,NA,NA,NA,NA,NA,NA,30.27,Isabel,NA,NA,NA,NA,31.616,NA,NA,NA,NA,NA,NA,NA,NA,NA,NA,NA,
8,17060,2,1,2,400,2388.7,2486.18,535.06,3.1,7.84,Y,20170509,20170509,28.299,170505,05/05/17,2.79,12.90,32.533,NA,NA,NA,NA,NA,NA,NA,NA,NA,NA,NA,NA,48.58,Isabel,NA,NA,NA,NA,50.128,NA,NA,NA,NA,NA,NA,NA,NA,NA,NA,NA,
9,17063,12,4,3,2800,2612.89,2488.3,2516.92,1.01,7.22,Y,20170509,20170509,27.798,170505,05/05/17,2.79,12.90,32.533,NA,NA,NA,NA,NA,NA,NA,NA,NA,NA,NA,NA,49.12,Isabel,NA,NA,NA,NA,49.194,NA,NA,NA,NA,NA,NA,NA,NA,NA,NA,NA,
10,17067,4,2,1,400,2359.13,2470.99,545.47,2.98,7.83,Y,20170509,20170509,17.092,170504,05/04/17,2.76,13.00,32.433,NA,NA,NA,NA,NA,NA,NA,NA,NA,NA,NA,NA,29.76,Isabel,NA,NA,NA,NA,29.226,NA,NA,NA,NA,NA,NA,NA,NA,NA,NA,NA,
11,17092,7,3,1,900,2453.26,2468.16,943.47,2.01,7.59,Y,20170509,20170509,26.814,170505,05/05/17,2.79,12.90,32.533,NA,NA,NA,NA,NA,NA,NA,NA,NA,NA,NA,NA,44.92,Isabel,NA,NA,NA,NA,47.358,NA,NA,NA,NA,NA,NA,NA,NA,NA,NA,NA,
12,17103,8,3,2,900,2449.19,2464.79,904.6,2.08,7.59,Y,20170509,20170509,19.045,170506,05/06/17,2.80,13.00,32.667,NA,NA,NA,NA,NA,NA,NA,NA,NA,NA,NA,NA,33.56,Isabel,NA,NA,NA,NA,32.868,NA,NA,NA,NA,NA,NA,NA,NA,NA,NA,NA,
13,17112,1,1,1,400,2404.69,2506.24,576.45,2.97,7.83,Y,20170509,20170509,39.160,170505,05/05/17,2.79,12.90,32.533,NA,NA,NA,NA,NA,NA,NA,NA,NA,NA,NA,NA,69.01,Isabel,NA,NA,NA,NA,70.384,NA,NA,NA,NA,NA,NA,NA,NA,NA,NA,NA,
14,17149,10,4,1,2800,2587.92,2497.79,2378.18,1.08,7.23,Y,20170509,20170509,10.556,170504,05/04/17,2.79,12.90,32.433,NA,NA,NA,NA,NA,NA,NA,NA,NA,NA,NA,NA,19.44,Isabel,NA,NA,NA,NA,17.036,NA,NA,NA,NA,NA,NA,NA,NA,NA,NA,NA,
15,17185,6,2,3,400,2348.8,2454.04,519.42,3.1,7.83,Y,20170509,20170509,24.720,170505,05/05/17,2.79,12.90,32.433,NA,NA,NA,NA,NA,NA,NA,NA,NA,NA,NA,NA,41.84,Isabel,NA,NA,NA,NA,43.452,NA,NA,NA,NA,NA,NA,NA,NA,NA,NA,NA,
16,17192,17,6,2,2800,2608.91,2522.06,2346.38,1.21,7.23,Y,20170509,20170509,26.327,170505,05/05/17,2.79,12.90,32.533,NA,NA,NA,NA,NA,NA,NA,NA,NA,NA,NA,NA,45.86,Isabel,NA,NA,NA,NA,46.449,NA,NA,NA,NA,NA,NA,NA,NA,NA,NA,NA,
17,17209,9,3,3,900,2442.18,2466.7,908.54,2.07,7.59,Y,20170509,20170509,22.069,170504,05/04/17,2.76,13.00,32.433,NA,NA,NA,NA,NA,NA,NA,NA,NA,NA,NA,NA,33.13,Isabel,NA,NA,NA,NA,38.508,NA,NA,NA,NA,NA,NA,NA,NA,NA,NA,NA,
18,17221,11,4,2,2800,2601.68,2504.96,2527.05,1.02,7.22,Y,20170509,20170509,33.468,170506,05/06/17,2.80,13.00,32.667,NA,NA,NA,NA,NA,NA,NA,NA,NA,NA,NA,NA,56.08,Isabel,NA,NA,NA,NA,59.769,NA,NA,NA,NA,NA,NA,NA,NA,NA,NA,NA,
19,17003,11,4,2,2800,2601.68,2504.96,2527.05,1.02,7.22,Y,20170517,20170517,24.296,170505,05/05/17,2.79,12.90,32.533,NA,NA,NA,NA,NA,NA,NA,NA,NA,NA,NA,NA,40.89,Isabel,NA,NA,NA,NA,42.661,NA,NA,NA,NA,NA,NA,NA,NA,NA,NA,NA,
20,17006,8,3,2,900,2449.19,2464.79,904.6,2.08,7.59,Y,20170517,20170517,23.424,170505,05/05/17,2.79,12.90,32.533,NA,NA,NA,NA,NA,NA,NA,NA,NA,NA,NA,NA,40.56,Isabel,NA,NA,NA,NA,41.036,NA,NA,NA,NA,NA,NA,NA,NA,NA,NA,NA,
21,17017,1,1,1,400,2404.69,2506.24,576.45,2.97,7.83,Y,20170517,20170517,21.788,170506,05/06/17,2.80,13.00,32.667,NA,NA,NA,NA,NA,NA,NA,NA,NA,NA,NA,NA,38.97,Isabel,NA,NA,NA,NA,37.984,NA,NA,NA,NA,NA,NA,NA,NA,NA,NA,NA,
22,17025,10,4,1,2800,2587.92,2497.79,2378.18,1.08,7.23,Y,20170517,20170517,22.595,170506,05/06/17,2.80,13.00,32.667,NA,NA,NA,NA,NA,NA,NA,NA,NA,NA,NA,NA,38.56,Isabel,NA,NA,NA,NA,39.489,NA,NA,NA,NA,NA,NA,NA,NA,NA,NA,NA,
23,17034,13,5,1,900,2439.9,2459.91,936.56,2.02,7.62,Y,20170517,20170517,23.217,170505,05/05/17,2.79,12.90,32.533,NA,NA,NA,NA,NA,NA,NA,NA,NA,NA,NA,NA,41.66,Isabel,NA,NA,NA,NA,40.650,NA,NA,NA,NA,NA,NA,NA,NA,NA,NA,NA,
24,17037,2,1,2,400,2388.7,2486.18,535.06,3.1,7.84,Y,20170517,20170517,44.704,170504,05/04/17,2.76,13.00,32.433,NA,NA,NA,NA,NA,NA,NA,NA,NA,NA,NA,NA,81.49,Isabel,NA,NA,NA,NA,80.726,NA,NA,NA,NA,NA,NA,NA,NA,NA,NA,NA,
25,17055,3,1,3,400,2377.12,2484.38,574.36,2.93,7.84,Y,20170517,20170517,49.974,170505,05/05/17,2.79,12.90,32.533,NA,NA,NA,NA,NA,NA,NA,NA,NA,NA,NA,NA,90.88,Isabel,NA,NA,NA,NA,90.554,NA,NA,NA,NA,NA,NA,NA,NA,NA,NA,NA,
26,17059,4,2,1,400,2359.13,2470.99,545.47,2.98,7.83,Y,20170517,20170517,32.934,170505,05/05/17,2.79,12.90,32.533,NA,NA,NA,NA,NA,NA,NA,NA,NA,NA,NA,NA,55.52,Isabel,NA,NA,NA,NA,58.773,NA,NA,NA,NA,NA,NA,NA,NA,NA,NA,NA,
27,17076,16,6,1,2800,2616.63,2523.13,2423.47,1.17,7.24,Y,20170517,20170517,34.814,170506,05/06/17,2.80,13.00,32.667,NA,NA,NA,NA,NA,NA,NA,NA,NA,NA,NA,NA,62.09,Isabel,NA,NA,NA,NA,62.279,NA,NA,NA,NA,NA,NA,NA,NA,NA,NA,NA,
28,17083,14,5,2,900,2441,2468.42,865.45,2.15,7.62,Y,20170517,20170517,46.465,170505,05/05/17,2.79,12.90,32.533,NA,NA,NA,NA,NA,NA,NA,NA,NA,NA,NA,NA,77.92,Isabel,NA,NA,NA,NA,84.009,NA,NA,NA,NA,NA,NA,NA,NA,NA,NA,NA,
29,17084,12,4,3,2800,2612.89,2488.3,2516.92,1.01,7.22,Y,20170517,20170517,31.960,170505,05/05/17,2.79,12.90,32.533,NA,NA,NA,NA,NA,NA,NA,NA,NA,NA,NA,NA,59.71,Isabel,NA,NA,NA,NA,56.957,NA,NA,NA,NA,NA,NA,NA,NA,NA,NA,NA,
30,17107,18,6,3,2800,2622.52,2522.02,2555.7,1.13,7.23,Y,20170517,20170517,33.221,170504,05/04/17,2.79,12.90,32.433,NA,NA,NA,NA,NA,NA,NA,NA,NA,NA,NA,NA,58.79,Isabel,NA,NA,NA,NA,59.307,NA,NA,NA,NA,NA,NA,NA,NA,NA,NA,NA,
31,17121,9,3,3,900,2442.18,2466.7,908.54,2.07,7.59,Y,20170517,20170517,34.438,170505,05/05/17,2.79,12.90,32.533,NA,NA,NA,NA,NA,NA,NA,NA,NA,NA,NA,NA,54.789,Louise,NA,NA,NA,NA,61.578,NA,NA,NA,NA,NA,NA,NA,NA,NA,NA,NA,
32,17124,15,5,3,900,2441.67,2467.77,890.65,2.12,7.62,Y,20170517,20170517,26.671,170505,05/05/17,2.79,12.90,32.533,NA,NA,NA,NA,NA,NA,NA,NA,NA,NA,NA,NA,47.79,Isabel,NA,NA,NA,NA,47.091,NA,NA,NA,NA,NA,NA,NA,NA,NA,NA,NA,
33,17134,5,2,2,400,2329.53,2437.2,590.67,2.86,7.83,Y,20170517,20170517,21.584,170504,05/04/17,2.77,13.00,32.433,NA,NA,NA,NA,NA,NA,NA,NA,NA,NA,NA,NA,36.49,Isabel,NA,NA,NA,NA,37.603,NA,NA,NA,NA,NA,NA,NA,NA,NA,NA,NA,
34,17160,17,6,2,2800,2608.91,2522.06,2346.38,2.01,7.23,Y,20170517,20170517,21.829,170505,05/05/17,2.79,12.90,32.533,NA,NA,NA,NA,NA,NA,NA,NA,NA,NA,NA,NA,37.39,Isabel,NA,NA,NA,NA,38.061,NA,NA,NA,NA,NA,NA,NA,NA,NA,NA,NA,
35,17171,7,3,1,900,2453.26,2468.16,943.47,2.01,7.59,Y,20170517,20170517,19.245,170506,05/06/17,2.80,13.00,32.667,NA,NA,NA,NA,NA,NA,NA,NA,NA,NA,NA,NA,34.14,Isabel,NA,NA,NA,NA,33.241,NA,NA,NA,NA,NA,NA,NA,NA,NA,NA,NA,
36,17202,6,2,3,400,2348.8,2454.04,519.42,3.1,7.83,Y,20170517,20170517,7.816,170506,05/06/17,2.80,13.00,32.667,NA,NA,NA,NA,NA,NA,NA,NA,NA,NA,NA,NA,14.39,Isabel,NA,NA,NA,NA,11.924,NA,NA,NA,NA,NA,NA,NA,NA,NA,NA,NA,
37,17010,14,5,2,900,2441,2468.42,865.45,2.15,7.62,Y,20170602,20170602,18.718,170504,05/04/17,2.77,13.00,32.433,18.693,170530,05/30/17,2.745,17.2,29.433,NA,NA,NA,NA,NA,NA,37.63,Isabel,0.009,NA,18.864,NA,32.258,32.531,NA,26.000,NA,0.273,NA,0.011,NA,0.000,NA,NA,
38,17024,2,1,2,400,2388.7,2486.18,535.06,3.1,7.84,Y,20170602,20170602,17.348,170505,05/05/17,2.79,12.90,32.533,17.372,170530,05/30/17,2.745,17.2,29.433,NA,NA,NA,NA,NA,NA,30.06,Isabel,0.015,NA,17.626,NA,29.703,30.222,NA,25.000,NA,0.519,NA,0.021,NA,0.001,NA,NA,
39,17046,7,3,1,900,2453.26,2468.16,943.47,2.01,7.59,Y,20170602,20170602,42.220,170504,05/04/17,2.76,13.00,32.433,42.030,170530,05/30/17,2.745,17.2,29.433,NA,NA,NA,NA,NA,NA,73.34,Isabel,0.004,NA,42.198,NA,76.092,76.051,NA,26.000,NA,-0.041,NA,-0.002,NA,0.000,NA,NA,
40,17056,18,6,3,2800,2622.52,2522.02,2555.7,1.13,7.23,Y,20170602,20170602,26.405,170505,05/05/17,2.79,12.90,32.533,26.525,170530,05/30/17,2.745,17.2,29.433,NA,NA,NA,NA,NA,NA,45.13,Isabel,0.014,NA,26.909,NA,46.595,47.535,NA,25.000,NA,0.940,NA,0.038,NA,0.001,NA,NA,
41,17064,8,3,2,900,2449.19,2464.79,904.6,2.08,7.59,Y,20170602,20170602,53.982,170506,05/06/17,2.80,13.00,32.667,54.075,170531,05/31/17,2.794,17.2,29.467,NA,NA,NA,NA,NA,NA,98.92,Isabel,0.002,NA,54.198,NA,98.029,98.431,NA,25.000,NA,0.402,NA,0.016,NA,0.000,NA,NA,
42,17077,1,1,1,400,2404.69,2506.24,576.45,2.97,7.83,Y,20170602,20170602,21.250,170504,05/04/17,2.79,12.90,32.433,21.214,170530,05/30/17,2.745,17.2,29.433,NA,NA,NA,NA,NA,NA,37.82,Isabel,0.014,NA,21.521,NA,36.980,37.486,NA,26.000,NA,0.506,NA,0.019,NA,0.001,NA,NA,
43,17078,11,4,2,2800,2601.68,2504.96,2527.05,1.02,7.22,Y,20170602,20170602,58.911,170506,05/06/17,2.80,13.00,32.667,58.793,170530,05/30/17,2.745,17.2,29.433,NA,NA,NA,NA,NA,NA,114.51,Isabel,0.020,NA,59.969,NA,107.223,109.195,NA,24.000,NA,1.972,NA,0.082,NA,0.001,NA,NA,
44,17086,13,5,1,900,2439.9,2459.91,936.56,2.02,7.62,Y,20170602,20170602,29.909,170504,05/04/17,2.77,13.00,32.433,29.814,170530,05/30/17,2.745,17.2,29.433,NA,NA,NA,NA,NA,NA,53.13,Isabel,0.009,NA,30.087,NA,53.131,53.462,NA,26.000,NA,0.331,NA,0.013,NA,0.000,NA,NA,
45,17096,12,4,3,2800,2612.89,2488.3,2516.92,1.01,7.22,Y,20170602,20170602,23.694,170506,05/06/17,2.80,13.00,32.667,23.848,170530,05/30/17,2.745,17.2,29.433,NA,NA,NA,NA,NA,NA,41.83,Isabel,0.020,NA,24.325,NA,41.540,42.715,NA,24.000,NA,1.175,NA,0.049,NA,0.001,NA,NA,
46,17097,16,6,1,2800,2616.63,2523.13,2423.47,1.17,7.24,Y,20170602,20170602,31.231,170505,05/05/17,2.79,12.90,32.533,31.208,170530,05/30/17,2.745,17.2,29.433,NA,NA,NA,NA,NA,NA,56.96,Isabel,0.015,NA,31.671,NA,55.596,56.417,NA,25.000,NA,0.821,NA,0.033,NA,0.001,NA,NA,
47,17109,5,2,2,400,2329.53,2437.2,590.67,2.86,7.83,Y,20170602,20170602,48.541,170504,05/04/17,2.79,12.90,32.433,48.804,170530,05/30/17,2.745,17.2,29.433,NA,NA,NA,NA,NA,NA,86.52,Isabel,0.014,NA,49.511,NA,87.882,89.690,NA,26.000,NA,1.808,NA,0.070,NA,0.001,NA,NA,
48,17127,9,3,3,900,2442.18,2466.7,908.54,2.07,7.59,Y,20170602,20170602,36.391,170506,05/06/17,2.80,13.00,32.667,36.260,170530,05/30/17,2.745,17.2,29.433,NA,NA,NA,NA,NA,NA,67.91,Isabel,0.019,NA,36.939,NA,65.221,66.242,NA,24.000,NA,1.021,NA,0.043,NA,0.001,NA,NA,
49,17150,6,2,3,400,2348.8,2454.04,519.42,3.1,7.83,Y,20170602,20170602,46.441,170505,05/05/17,2.79,12.90,32.533,46.369,170530,05/30/17,2.745,17.2,29.433,NA,NA,NA,NA,NA,NA,81.1,Isabel,0.015,NA,47.057,NA,83.965,85.114,NA,25.000,NA,1.149,NA,0.046,NA,0.001,NA,NA,
50,17165,3,1,3,400,2377.12,2484.38,574.36,2.93,7.84,Y,20170602,20170602,15.713,170505,05/05/17,2.79,12.90,32.533,15.812,170530,05/30/17,2.745,17.2,29.433,NA,NA,NA,NA,NA,NA,27.32,Isabel,0.015,NA,16.043,NA,26.654,27.270,NA,25.000,NA,0.615,NA,0.025,NA,0.001,NA,NA,
51,17183,15,5,3,900,2441.67,2467.77,890.65,2.12,7.62,Y,20170602,20170602,20.213,170505,05/05/17,2.79,12.90,32.533,20.227,170530,05/30/17,2.745,17.2,29.433,NA,NA,NA,NA,NA,NA,36.35,Isabel,0.015,NA,20.522,NA,35.046,35.623,NA,25.000,NA,0.577,NA,0.023,NA,0.001,NA,NA,
52,17191,4,2,1,400,2359.13,2470.99,545.47,2.98,7.83,Y,20170602,20170602,11.353,170505,05/05/17,2.79,12.90,32.533,11.382,170530,05/30/17,2.745,17.2,29.433,NA,NA,NA,NA,NA,NA,20.18,Isabel,0.015,NA,11.551,NA,18.521,18.891,NA,25.000,NA,0.370,NA,0.015,NA,0.001,NA,NA,
53,17197,10,4,1,2800,2587.92,2497.79,2378.18,1.08,7.23,Y,20170602,20170602,21.145,170506,05/06/17,2.80,13.00,32.667,22.183,170530,05/30/17,2.745,17.2,29.433,NA,NA,NA,NA,NA,NA,38.91,Isabel,0.019,NA,22.598,NA,36.786,39.495,NA,24.000,NA,2.709,NA,0.113,NA,0.003,NA,NA,
54,17205,17,6,2,2800,2608.91,2522.06,2346.38,1.21,7.23,Y,20170602,20170602,12.320,170506,05/06/17,2.80,13.00,32.667,12.139,170530,05/30/17,2.745,17.2,29.433,NA,NA,NA,NA,NA,NA,21.45,Isabel,0.019,NA,12.370,NA,20.326,20.420,NA,24.000,NA,0.094,NA,0.004,NA,0.000,NA,NA,
55,17011,14,5,2,900,2441,2468.42,865.45,2.15,7.62,Y,20170605,20170605,65.260,170506,05/06/17,2.80,13.00,32.667,65.030,170530,05/30/17,2.795,17.2,29.433,NA,NA,NA,NA,NA,NA,121.9,Isabel,0.001,NA,65.100,NA,119.063,118.765,NA,24.000,NA,-0.298,NA,-0.012,NA,0.000,NA,NA,
56,17020,9,3,3,900,2442.18,2466.7,908.54,2.07,7.59,Y,20170605,20170605,33.112,170504,05/04/17,2.76,13.00,32.433,33.030,170531,05/31/17,2.794,17.2,29.467,NA,NA,NA,NA,NA,NA,58.29,Isabel,-0.014,NA,32.566,NA,59.104,58.087,NA,27.000,NA,-1.017,NA,-0.038,NA,-0.001,NA,NA,
57,17023,11,4,2,2800,2601.68,2504.96,2527.05,1.02,7.22,Y,20170605,20170605,36.697,170506,05/06/17,2.80,13.00,32.667,36.483,170530,05/30/17,2.795,17.2,29.433,NA,NA,NA,NA,NA,NA,64.39,Isabel,0.001,NA,36.509,NA,65.790,65.441,NA,24.000,NA,-0.350,NA,-0.015,NA,0.000,NA,NA,
58,17049,5,2,2,400,2329.53,2437.2,590.67,2.86,7.83,Y,20170605,20170605,56.303,170504,05/04/17,2.79,12.90,32.433,56.092,170530,05/30/17,2.795,17.2,29.433,NA,NA,NA,NA,NA,NA,102.68,Isabel,-0.004,NA,55.891,NA,102.359,101.589,NA,26.000,NA,-0.770,NA,-0.030,NA,0.000,NA,NA,
59,17054,12,4,3,2800,2612.89,2488.3,2516.92,1.01,7.22,Y,20170605,20170605,64.830,170506,05/06/17,2.80,13.00,32.667,64.846,170601,06/01/17,2.799,17,29.600,NA,NA,NA,NA,NA,NA,109.52,Isabel,0.000,NA,64.830,NA,118.263,118.262,NA,26.000,NA,0.000,NA,0.000,NA,0.000,NA,NA,
60,17066,18,6,3,2800,2622.52,2522.02,2555.7,1.13,7.23,Y,20170605,20170605,52.489,170505,05/05/17,2.79,12.90,32.533,52.310,170531,05/31/17,2.799,17,29.600,NA,NA,NA,NA,NA,NA,93.56,Isabel,-0.005,NA,52.060,NA,95.245,94.445,NA,26.000,NA,-0.801,NA,-0.031,NA,0.000,NA,NA,
61,17098,10,4,1,2800,2587.92,2497.79,2378.18,1.08,7.23,Y,20170605,20170605,34.448,170504,05/04/17,2.76,13.00,32.433,34.180,170531,05/31/17,2.794,17.2,29.467,NA,NA,NA,NA,NA,NA,65.11,Isabel,-0.014,NA,33.700,NA,61.596,60.201,NA,27.000,NA,-1.394,NA,-0.052,NA,-0.001,NA,NA,
62,17119,3,1,3,400,2377.12,2484.38,574.36,2.93,7.84,Y,20170605,20170605,42.005,170504,05/04/17,2.77,13.00,32.433,39.805,170530,05/30/17,2.795,17.2,29.433,NA,NA,NA,NA,NA,NA,71.97,Isabel,-0.009,NA,39.446,NA,75.690,70.918,NA,26.000,NA,-4.773,NA,-0.184,NA,-0.002,NA,NA,
63,17131,17,6,2,2800,2608.91,2522.06,2346.38,1.21,7.23,Y,20170605,20170605,21.634,170506,05/06/17,2.80,13.00,32.667,21.493,170530,05/30/17,2.802,17.2,29.433,NA,NA,NA,NA,NA,NA,37.49,Isabel,-0.002,NA,21.452,NA,37.698,37.358,NA,24.000,NA,-0.340,NA,-0.014,NA,0.000,NA,NA,
64,17138,4,2,1,400,2359.13,2470.99,545.47,2.98,7.83,Y,20170605,20170605,12.556,170506,05/06/17,2.80,13.00,32.667,12.730,170530,05/30/17,2.795,17.2,29.433,NA,NA,NA,NA,NA,NA,25.04,Isabel,0.001,NA,12.744,NA,20.766,21.116,NA,24.000,NA,0.351,NA,0.015,NA,0.001,NA,NA,
65,17141,7,3,1,900,2453.26,2468.16,943.47,2.01,7.59,Y,20170605,20170605,12.294,170504,05/04/17,2.79,12.90,32.433,12.295,170530,05/30/17,2.802,17.2,29.433,NA,NA,NA,NA,NA,NA,22.56,Isabel,-0.006,NA,12.218,NA,20.276,20.136,NA,26.000,NA,-0.140,NA,-0.005,NA,0.000,NA,NA,
66,17186,6,2,3,400,2348.8,2454.04,519.42,3.1,7.83,Y,20170605,20170605,36.541,170504,05/04/17,2.77,13.00,32.433,36.644,170530,05/30/17,2.802,17.2,29.433,NA,NA,NA,NA,NA,NA,65.57,Isabel,-0.012,NA,36.216,NA,65.501,64.894,NA,26.000,NA,-0.606,NA,-0.023,NA,0.000,NA,NA,
67,17189,2,1,2,400,2388.7,2486.18,535.06,3.1,7.84,Y,20170605,20170605,59.722,170505,05/05/17,2.79,12.90,32.533,59.708,170530,05/30/17,2.795,17.2,29.433,NA,NA,NA,NA,NA,NA,104.31,Isabel,-0.003,NA,59.515,NA,108.734,108.350,NA,25.000,NA,-0.385,NA,-0.015,NA,0.000,NA,NA,
68,17196,13,5,1,900,2439.9,2459.91,936.56,2.02,7.62,Y,20170605,20170605,23.109,170506,05/06/17,2.80,13.00,32.667,22.620,170530,05/30/17,2.745,17.2,29.433,NA,NA,NA,NA,NA,NA,38.18,Isabel,0.019,NA,23.057,NA,40.448,40.351,NA,24.000,NA,-0.097,NA,-0.004,NA,0.000,NA,NA,
69,17199,16,6,1,2800,2616.63,2523.13,2423.47,1.17,7.24,Y,20170605,20170605,10.405,170506,05/06/17,2.80,13.00,32.667,10.469,170530,05/30/17,2.802,17.2,29.433,NA,NA,NA,NA,NA,NA,19.79,Isabel,-0.002,NA,10.452,NA,16.754,16.842,NA,24.000,NA,0.088,NA,0.004,NA,0.000,NA,NA,
70,17212,15,5,3,900,2441.67,2467.77,890.65,2.12,7.62,Y,20170605,20170605,16.086,170505,05/05/17,2.79,12.90,32.533,16.060,170530,05/30/17,2.795,17.2,29.433,NA,NA,NA,NA,NA,NA,28.69,Isabel,-0.003,NA,16.008,NA,27.349,27.204,NA,25.000,NA,-0.145,NA,-0.006,NA,0.000,NA,NA,
71,17215,8,3,2,900,2449.19,2464.79,904.6,2.08,7.59,Y,20170605,20170605,5.302,170505,05/05/17,2.79,12.90,32.533,5.312,170531,05/31/17,2.794,17.2,29.467,NA,NA,NA,NA,NA,NA,10.79,Isabel,-0.003,NA,5.296,NA,7.237,7.225,NA,26.000,NA,-0.012,NA,0.000,NA,0.000,NA,NA,
72,17217,1,1,1,400,2404.69,2506.24,576.45,2.97,7.83,Y,20170605,20170605,16.362,170506,05/06/17,2.80,13.00,32.667,16.600,170530,05/30/17,2.795,17.2,29.433,NA,NA,NA,NA,NA,NA,31.32,Isabel,0.002,NA,16.633,NA,27.864,28.370,NA,24.000,NA,0.507,NA,0.021,NA,0.001,NA,NA,
73,17026,16,6,1,2800,2616.63,2523.13,2423.47,1.17,7.24,Y,20170606,20170606,47.084,170505,05/05/17,2.79,12.90,32.533,46.972,170530,05/30/17,2.795,17.2,29.433,NA,NA,NA,NA,NA,NA,83.13,Isabel,-0.004,NA,46.803,NA,85.164,84.640,NA,25.000,NA,-0.524,NA,-0.021,NA,0.000,NA,NA,
74,17032,8,3,2,900,2449.19,2464.79,904.6,2.08,7.59,Y,20170606,20170606,32.175,170505,05/05/17,2.79,12.90,32.533,31.954,170531,05/31/17,2.800,17.2,29.467,NA,NA,NA,NA,NA,NA,58.94,Isabel,-0.005,NA,31.793,NA,57.357,56.645,NA,26.000,NA,-0.712,NA,-0.027,NA,0.000,NA,NA,
75,17036,12,4,3,2800,2612.89,2488.3,2516.92,1.01,7.22,Y,20170606,20170606,18.806,170505,05/05/17,2.79,12.90,32.533,18.600,170530,05/30/17,2.802,17.2,29.433,NA,NA,NA,NA,NA,NA,32.77,Isabel,-0.006,NA,18.487,NA,32.423,31.827,NA,25.000,NA,-0.596,NA,-0.024,NA,-0.001,NA,NA,
76,17040,11,4,2,2800,2601.68,2504.96,2527.05,1.02,7.22,Y,20170606,20170606,47.585,170505,05/05/17,2.79,12.90,32.533,47.184,170530,05/30/17,2.795,17.2,29.433,NA,NA,NA,NA,NA,NA,86.08,Isabel,-0.003,NA,47.032,NA,86.099,85.066,NA,25.000,NA,-1.033,NA,-0.041,NA,0.000,NA,NA,
77,17045,17,6,2,2800,2608.91,2522.06,2346.38,1.21,7.23,Y,20170606,20170606,31.237,170506,05/06/17,2.80,13.00,32.667,32.054,170530,05/30/17,2.802,17.2,29.433,NA,NA,NA,NA,NA,NA,62.97,Isabel,-0.002,NA,32.004,NA,55.608,57.038,NA,24.000,NA,1.430,NA,0.060,NA,0.001,NA,NA,
78,17050,18,6,3,2800,2622.52,2522.02,2555.7,1.13,7.23,Y,20170606,20170606,33.056,170504,05/04/17,2.76,13.00,32.433,32.847,170530,05/30/17,2.802,17.2,29.433,NA,NA,NA,NA,NA,NA,59.71,Isabel,-0.017,NA,32.291,NA,59.000,57.574,NA,26.000,NA,-1.427,NA,-0.055,NA,-0.001,NA,NA,
79,17061,3,1,3,400,2377.12,2484.38,574.36,2.93,7.84,Y,20170606,20170606,33.366,170504,05/04/17,2.79,12.90,32.433,33.389,170530,05/30/17,2.795,17.2,29.433,NA,NA,NA,NA,NA,NA,61.1,Isabel,-0.004,NA,33.269,NA,59.578,59.398,NA,26.000,NA,-0.179,NA,-0.007,NA,0.000,NA,NA,
80,17065,13,5,1,900,2439.9,2459.91,936.56,2.02,7.62,Y,20170606,20170606,27.131,170504,05/04/17,2.77,13.00,32.433,27.153,170530,05/30/17,2.802,17.2,29.433,NA,NA,NA,NA,NA,NA,51.7,Isabel,-0.012,NA,26.836,NA,47.949,47.400,NA,26.000,NA,-0.549,NA,-0.021,NA,0.000,NA,NA,
81,17080,14,5,2,900,2441,2468.42,865.45,2.15,7.62,Y,20170606,20170606,32.599,170505,05/05/17,2.79,12.90,32.533,32.313,170531,05/31/17,2.794,17.2,29.467,NA,NA,NA,NA,NA,NA,60.06,Isabel,-0.003,NA,32.205,NA,58.149,57.413,NA,26.000,NA,-0.735,NA,-0.028,NA,0.000,NA,NA,
82,17104,6,2,3,400,2348.8,2454.04,519.42,3.1,7.83,Y,20170606,20170606,20.289,170506,05/06/17,2.80,13.00,32.667,20.122,170530,05/30/17,2.802,17.2,29.433,NA,NA,NA,NA,NA,NA,36.14,Isabel,-0.001,NA,20.110,NA,35.189,34.855,NA,24.000,NA,-0.334,NA,-0.014,NA,0.000,NA,NA,
83,17117,5,2,2,400,2329.53,2437.2,590.67,2.86,7.83,Y,20170606,20170606,55.448,170504,05/04/17,2.76,13.00,32.433,55.338,170530,05/30/17,2.802,17.2,29.433,NA,NA,NA,NA,NA,NA,94.64,Isabel,-0.017,NA,54.401,NA,100.763,98.811,NA,26.000,NA,-1.952,NA,-0.075,NA,-0.001,NA,NA,
84,17147,10,4,1,2800,2587.92,2497.79,2378.18,1.08,7.23,Y,20170606,20170606,23.267,170504,05/04/17,2.77,13.00,32.433,22.590,170530,05/30/17,2.795,17.2,29.433,NA,NA,NA,NA,NA,NA,41.69,Isabel,-0.009,NA,22.386,NA,40.743,39.100,NA,26.000,NA,-1.644,NA,-0.063,NA,-0.002,NA,NA,
85,17155,9,3,3,900,2442.18,2466.7,908.54,2.07,7.59,Y,20170606,20170606,16.748,170505,05/05/17,2.79,12.90,32.533,16.764,170530,05/30/17,2.745,17.2,29.433,NA,NA,NA,NA,NA,NA,29.35,Isabel,0.015,NA,17.013,NA,28.584,29.078,NA,25.000,NA,0.494,NA,0.020,NA,0.001,NA,NA,
86,17187,15,5,3,900,2441.67,2467.77,890.65,2.12,7.62,Y,20170606,20170606,12.458,170505,05/05/17,2.79,12.90,32.533,12.325,170530,05/30/17,2.795,17.2,29.433,NA,NA,NA,NA,NA,NA,21.67,Isabel,-0.003,NA,12.286,NA,20.584,20.261,NA,25.000,NA,-0.322,NA,-0.013,NA,-0.001,NA,NA,
87,17195,1,1,1,400,2404.69,2506.24,576.45,2.97,7.83,Y,20170606,20170606,29.544,170506,05/06/17,2.80,13.00,32.667,29.762,170530,05/30/17,2.802,17.2,29.433,NA,NA,NA,NA,NA,NA,50.63,Isabel,-0.001,NA,29.744,NA,52.451,52.823,NA,24.000,NA,0.372,NA,0.016,NA,0.000,NA,NA,
88,17198,7,3,1,900,2453.26,2468.16,943.47,2.01,7.59,Y,20170606,20170606,14.121,170506,05/06/17,2.80,13.00,32.667,14.331,170531,05/31/17,2.800,17.2,29.467,NA,NA,NA,NA,NA,NA,28.38,Isabel,0.000,NA,14.334,NA,23.685,24.082,NA,25.000,NA,0.397,NA,0.016,NA,0.001,NA,NA,
89,17207,4,2,1,400,2359.13,2470.99,545.47,2.98,7.83,Y,20170606,20170606,22.786,170505,05/05/17,2.79,12.90,32.533,22.828,170530,05/30/17,2.795,17.2,29.433,NA,NA,NA,NA,NA,NA,43.09,Isabel,-0.003,NA,22.749,NA,39.845,39.777,NA,25.000,NA,-0.068,NA,-0.003,NA,0.000,NA,NA,
90,17220,2,1,2,400,2388.7,2486.18,535.06,3.1,7.84,Y,20170606,20170606,33.068,170505,05/05/17,2.79,12.90,32.533,33.028,170531,05/31/17,2.794,17.2,29.467,NA,NA,NA,NA,NA,NA,57.05,Isabel,-0.003,NA,32.929,NA,59.023,58.764,NA,26.000,NA,-0.259,NA,-0.010,NA,0.000,NA,NA,
91,17013,5,2,2,400,2329.53,2437.2,707.7,2.86,7.83,Y,20170613,20170613,37.542,170505,05/05/17,2.79,12.90,32.533,37.228,170530,05/30/17,2.802,17.2,29.433,NA,NA,NA,NA,NA,NA,65.57,Isabel,-0.006,NA,37.010,NA,67.366,66.375,NA,25.000,NA,-0.991,NA,-0.040,NA,-0.001,NA,NA,
92,17031,13,5,1,900,2439.9,2459.91,936.56,2.02,7.62,Y,20170613,20170613,12.267,170504,05/04/17,2.77,13.00,32.433,12.378,170531,05/31/17,2.794,17.2,29.467,NA,NA,NA,NA,NA,NA,22.36,Isabel,-0.009,NA,12.270,NA,20.227,20.232,NA,27.000,NA,0.004,NA,0.000,NA,0.000,NA,NA,
93,17069,1,1,1,400,2404.69,2506.24,576.45,2.97,7.83,Y,20170613,20170613,57.402,170505,05/05/17,2.79,12.90,32.533,56.813,170531,05/31/17,2.794,17.2,29.467,NA,NA,NA,NA,NA,NA,100.14,Isabel,-0.003,NA,56.643,NA,104.407,102.992,NA,26.000,NA,-1.415,NA,-0.054,NA,-0.001,NA,NA,
94,17070,2,1,2,400,2388.7,2486.18,535.06,3.1,7.84,Y,20170613,20170613,29.195,170504,05/04/17,2.77,13.00,32.433,28.867,170530,05/30/17,2.745,17.2,29.433,NA,NA,NA,NA,NA,NA,47.23,Isabel,0.009,NA,29.131,NA,51.799,51.680,NA,26.000,NA,-0.119,NA,-0.005,NA,0.000,NA,NA,
95,17072,12,4,3,2800,2612.89,2488.3,2516.92,1.01,7.22,Y,20170613,20170613,41.238,170506,05/06/17,2.80,13.00,32.667,41.024,170530,05/30/17,2.802,17.2,29.433,NA,NA,NA,NA,NA,NA,73.73,Isabel,-0.002,NA,40.961,NA,74.261,73.743,NA,24.000,NA,-0.518,NA,-0.022,NA,0.000,NA,NA,
96,17090,17,6,2,2800,2608.91,2522.06,2346.38,1.21,7.23,Y,20170613,20170613,32.751,170505,05/05/17,2.79,12.90,32.533,32.162,170530,05/30/17,2.795,17.2,29.433,NA,NA,NA,NA,NA,NA,54.95,Isabel,-0.003,NA,32.058,NA,58.431,57.140,NA,25.000,NA,-1.291,NA,-0.052,NA,-0.001,NA,NA,
97,17093,9,3,3,900,2442.18,2466.7,908.54,2.07,7.59,Y,20170613,20170613,52.247,170505,05/05/17,2.79,12.90,32.533,52.043,170601,06/01/17,2.799,17,29.600,NA,NA,NA,NA,NA,NA,195.38,Isabel,-0.005,NA,51.794,NA,94.793,93.949,NA,27.000,NA,-0.844,NA,-0.031,NA,0.000,NA,NA,
98,17108,18,6,3,2800,2622.52,2522.02,2555.7,1.13,7.23,Y,20170613,20170613,26.816,170506,05/06/17,2.80,13.00,32.667,26.905,170530,05/30/17,2.802,17.2,29.433,NA,NA,NA,NA,NA,NA,45.81,Isabel,-0.002,NA,26.854,NA,47.363,47.432,NA,24.000,NA,0.070,NA,0.003,NA,0.000,NA,NA,
99,17122,10,4,1,2800,2587.92,2497.79,2378.18,1.08,7.23,Y,20170613,20170613,27.196,170505,05/05/17,2.79,12.90,32.533,27.110,170530,05/30/17,2.795,17.2,29.433,NA,NA,NA,NA,NA,NA,46.01,Isabel,-0.003,NA,27.023,NA,48.071,47.748,NA,25.000,NA,-0.323,NA,-0.013,NA,0.000,NA,NA,
100,17135,14,5,2,900,2441,2468.42,865.45,2.15,7.62,Y,20170613,20170613,9.165,170506,05/06/17,2.80,13.00,32.667,9.092,170531,05/31/17,2.806,17.2,29.467,NA,NA,NA,NA,NA,NA,16.36,Isabel,-0.002,NA,9.074,NA,14.442,14.272,NA,25.000,NA,-0.170,NA,-0.007,NA,0.000,NA,NA,
101,17142,16,6,1,2800,2616.63,2523.13,2423.47,1.17,7.24,Y,20170613,20170613,18.293,170505,05/05/17,2.79,12.90,32.533,18.253,170531,05/31/17,2.806,17.2,29.467,NA,NA,NA,NA,NA,NA,31.33,Isabel,-0.008,NA,18.115,NA,31.465,31.134,NA,26.000,NA,-0.331,NA,-0.013,NA,0.000,NA,NA,
102,17154,7,3,1,900,2453.26,2468.16,943.47,2.01,7.59,Y,20170613,20170613,45.156,170504,05/04/17,2.79,12.90,32.433,45.052,170531,05/31/17,2.800,17.2,29.467,NA,NA,NA,NA,NA,NA,80.14,Isabel,-0.005,NA,44.809,NA,81.568,80.921,NA,27.000,NA,-0.647,NA,-0.024,NA,0.000,NA,NA,
103,17162,6,2,3,400,2348.8,2454.04,519.42,3.1,7.83,Y,20170613,20170613,46.606,170505,05/05/17,2.79,12.90,32.533,46.498,170531,05/31/17,2.800,17.2,29.467,NA,NA,NA,NA,NA,NA,83.03,Isabel,-0.005,NA,46.264,NA,84.272,83.635,NA,26.000,NA,-0.638,NA,-0.025,NA,0.000,NA,NA,
104,17173,15,5,3,900,2441.67,2467.77,890.65,2.12,7.62,Y,20170613,20170613,32.532,170504,05/04/17,2.76,13.00,32.433,32.673,170530,05/30/17,2.795,17.2,29.433,NA,NA,NA,NA,NA,NA,55.86,Isabel,-0.014,NA,32.206,NA,58.022,57.415,NA,26.000,NA,-0.607,NA,-0.023,NA,0.000,NA,NA,
105,17174,3,1,3,400,2377.12,2484.38,574.36,2.93,7.84,Y,20170613,20170613,12.866,170505,05/05/17,2.79,12.90,32.533,12.896,170530,05/30/17,2.795,17.2,29.433,NA,NA,NA,NA,NA,NA,23.82,Isabel,-0.003,NA,12.851,NA,21.344,21.316,NA,25.000,NA,-0.028,NA,-0.001,NA,0.000,NA,NA,
106,17176,4,2,1,400,2359.13,2470.99,545.47,2.98,7.83,Y,20170613,20170613,37.542,170506,05/06/17,2.80,13.00,32.667,36.478,170530,05/30/17,2.795,17.2,29.433,NA,NA,NA,NA,NA,NA,48.33,Isabel,0.001,NA,36.504,NA,67.366,65.431,NA,24.000,NA,-1.936,NA,-0.081,NA,-0.001,NA,NA,
107,17181,11,4,2,2800,2601.68,2504.96,2527.05,1.02,7.22,Y,20170613,20170613,15.324,170506,05/06/17,2.80,13.00,32.667,15.066,170530,05/30/17,2.795,17.2,29.433,NA,NA,NA,NA,NA,NA,27.42,Isabel,0.001,NA,15.082,NA,25.929,25.477,NA,24.000,NA,-0.452,NA,-0.019,NA,-0.001,NA,NA,
108,17184,8,3,2,900,2449.19,2464.79,904.6,2.08,7.59,Y,20170613,20170613,29.425,170505,05/05/17,2.79,12.90,32.533,29.128,170601,06/01/17,2.799,17,29.600,NA,NA,NA,NA,NA,NA,56.61,Isabel,-0.005,NA,28.988,NA,52.228,51.414,NA,27.000,NA,-0.815,NA,-0.030,NA,-0.001,NA,NA,
109,17008,5,2,2,400,2329.53,2437.2,590.67,2.86,7.83,Y,20170626,20170626,16.333,170505,05/05/17,2.79,12.90,32.533,15.878,170531,05/31/17,2.806,17.2,29.467,NA,NA,NA,NA,NA,NA,27.208,Louise,-0.008,NA,15.758,NA,27.810,26.738,NA,26.000,NA,-1.071,NA,-0.041,NA,-0.001,NA,NA,
110,17022,12,4,3,2800,2612.89,2488.3,2516.92,1.01,7.22,Y,20170626,20170626,31.978,170506,05/06/17,2.80,13.00,32.667,32.000,170601,06/01/17,2.806,17,29.600,NA,NA,NA,NA,NA,NA,52.629,Louise,-0.003,NA,31.913,NA,56.989,56.868,NA,26.000,NA,-0.121,NA,-0.005,NA,0.000,NA,NA,
111,17028,3,1,3,400,2377.12,2484.38,574.36,2.93,7.84,Y,20170626,20170626,27.733,170505,05/05/17,2.79,12.90,32.533,27.845,170531,05/31/17,2.806,17.2,29.467,NA,NA,NA,NA,NA,NA,46.276,Louise,-0.008,NA,27.635,NA,49.072,48.890,NA,26.000,NA,-0.183,NA,-0.007,NA,0.000,NA,NA,
112,17030,13,5,1,900,2439.9,2459.91,936.56,2.02,7.62,Y,20170626,20170626,21.460,170505,05/05/17,2.79,12.90,32.533,21.326,170531,05/31/17,2.794,17.2,29.467,NA,NA,NA,NA,NA,NA,34.559,Louise,-0.003,NA,21.257,NA,37.373,36.993,NA,26.000,NA,-0.380,NA,-0.015,NA,0.000,NA,NA,
113,17048,15,5,3,900,2441.67,2467.77,890.65,2.12,7.62,Y,20170626,20170626,29.498,170506,05/06/17,2.80,13.00,32.667,29.488,170531,05/31/17,2.794,17.2,29.467,NA,NA,NA,NA,NA,NA,49.155,Louise,0.001,NA,29.526,NA,52.365,52.417,NA,25.000,NA,0.052,NA,0.002,NA,0.000,NA,NA,
114,17053,10,4,1,2800,2587.92,2497.79,2378.18,1.08,7.22,Y,20170626,20170626,15.645,170505,05/05/17,2.79,12.90,32.533,15.499,170531,05/31/17,2.794,17.2,29.467,NA,NA,NA,NA,NA,NA,25.27,Louise,-0.003,NA,15.452,NA,26.528,26.168,NA,26.000,NA,-0.360,NA,-0.014,NA,-0.001,NA,NA,
115,17075,7,3,1,900,2453.26,2468.16,943.47,2.01,7.59,Y,20170626,20170626,39.837,170504,05/04/17,2.76,13.00,32.433,39.814,170531,05/31/17,2.794,17.2,29.467,NA,NA,NA,NA,NA,NA,65.044,Louise,-0.014,NA,39.255,NA,71.648,70.562,NA,27.000,NA,-1.086,NA,-0.040,NA,-0.001,NA,NA,
116,17095,1,1,1,400,2404.69,2506.24,576.45,2.97,7.83,Y,20170626,20170626,67.265,170506,05/06/17,2.80,13.00,32.667,65.903,170531,05/31/17,2.806,17.2,29.467,NA,NA,NA,NA,NA,NA,106.978,Louise,-0.003,NA,65.691,NA,122.803,119.868,NA,25.000,NA,-2.935,NA,-0.117,NA,-0.001,NA,NA,
117,17110,11,4,2,2800,2601.68,2504.96,2527.05,1.02,7.22,Y,20170626,20170626,49.502,170504,05/04/17,2.77,13.00,32.433,48.892,170531,05/31/17,2.806,17.2,29.467,NA,NA,NA,NA,NA,NA,81.184,Louise,-0.013,NA,48.257,NA,89.673,87.351,NA,27.000,NA,-2.322,NA,-0.086,NA,-0.001,NA,NA,
118,17114,17,6,2,2800,2608.91,2522.06,2346.38,1.21,7.23,Y,20170626,20170626,30.066,170504,05/04/17,2.76,13.00,32.433,30.000,170531,05/31/17,2.806,17.2,29.467,NA,NA,NA,NA,NA,NA,49.779,Louise,-0.018,NA,29.452,NA,53.424,52.278,NA,27.000,NA,-1.146,NA,-0.042,NA,-0.001,NA,NA,
119,17116,8,3,2,900,2449.19,2464.79,904.6,2.08,7.59,Y,20170626,20170626,43.821,170504,05/04/17,2.77,13.00,32.433,43.855,170601,06/01/17,2.799,17,29.600,NA,NA,NA,NA,NA,NA,72.33,Louise,-0.011,NA,43.391,NA,79.078,78.275,NA,28.000,NA,-0.802,NA,-0.029,NA,0.000,NA,NA,
120,17151,14,5,2,900,2441,2468.42,865.45,2.15,7.62,Y,20170626,20170626,24.454,170504,05/04/17,2.79,12.90,32.433,24.493,170601,06/01/17,2.806,17,29.600,NA,NA,NA,NA,NA,NA,40.56,Louise,-0.008,NA,24.306,NA,42.957,42.680,NA,28.000,NA,-0.277,NA,-0.010,NA,0.000,NA,NA,
121,17157,6,2,3,400,2348.8,2454.04,519.42,3.1,7.83,Y,20170626,20170626,23.871,170505,05/05/17,2.79,12.90,32.533,23.857,170601,06/01/17,2.799,17,29.600,NA,NA,NA,NA,NA,NA,39.87,Louise,-0.005,NA,23.743,NA,41.869,41.631,NA,27.000,NA,-0.238,NA,-0.009,NA,0.000,NA,NA,
122,17163,4,2,1,400,2359.13,2470.99,545.47,2.98,7.83,Y,20170626,20170626,9.230,170505,05/05/17,2.79,12.90,32.533,9.321,170531,05/31/17,2.794,17.2,29.467,NA,NA,NA,NA,NA,NA,16.365,Louise,-0.003,NA,9.293,NA,14.563,14.680,NA,26.000,NA,0.117,NA,0.005,NA,0.000,NA,NA,
123,17179,9,3,3,900,2442.18,2466.7,908.54,2.07,7.59,Y,20170626,20170626,24.334,170505,05/05/17,2.79,12.90,32.533,24.094,170531,05/31/17,2.806,17.2,29.467,NA,NA,NA,NA,NA,NA,39.653,Louise,-0.007,NA,23.921,NA,42.733,41.963,NA,26.000,NA,-0.770,NA,-0.030,NA,-0.001,NA,NA,
124,17182,2,1,2,400,2388.7,2486.18,535.06,3.1,7.84,Y,20170626,20170626,16.433,170504,05/04/17,2.76,13.00,32.433,16.331,170531,05/31/17,2.806,17.2,29.467,NA,NA,NA,NA,NA,NA,27.95,Louise,-0.018,NA,16.033,NA,27.996,27.250,NA,27.000,NA,-0.746,NA,-0.028,NA,-0.001,NA,NA,
125,17190,16,6,1,2800,2616.63,2523.13,2423.47,1.17,7.24,Y,20170626,20170626,23.606,170505,05/05/17,2.79,12.90,32.533,23.731,170531,05/31/17,2.794,17.2,29.467,NA,NA,NA,NA,NA,NA,39.737,Louise,-0.003,NA,23.660,NA,41.375,41.475,NA,26.000,NA,0.100,NA,0.004,NA,0.000,NA,NA,
126,17222,18,6,3,2800,2622.52,2522.02,2555.7,1.13,7.23,Y,20170626,20170626,30.423,170505,05/05/17,2.79,12.90,32.533,30.009,170531,05/31/17,2.800,17.2,29.467,NA,NA,NA,NA,NA,NA,49.194,Louise,-0.005,NA,29.859,NA,54.090,53.037,NA,26.000,NA,-1.053,NA,-0.041,NA,-0.001,NA,NA,
127,17001,3,1,3,400,2377.12,2484.38,574.36,2.93,7.84,Y,20170724,20170724,32.650,170505,05/05/17,2.79,12.90,32.533,32.455,170531,05/31/17,2.794,17.2,29.467,32.323,170705,07/05/17,2.790,17,NA,53.827,Louise,-0.003,-0.002,32.350,32.272,58.243,57.683,57.539,26.000,35.000,-0.560,-0.144,-0.022,-0.004,0.000,0.000,0.192,
128,17041,18,6,3,2800,2622.52,2522.02,2555.7,1.13,7.23,Y,20170724,20170724,43.832,170504,05/04/17,2.77,13.00,32.433,43.303,170531,05/31/17,2.794,17.2,29.467,42.951,170705,07/05/17,2.790,17,NA,69.807,Louise,-0.009,-0.007,42.922,42.646,79.098,77.402,76.886,27.000,35.000,-1.696,-0.516,-0.063,-0.015,-0.001,0.000,0.235,
129,17042,13,5,1,900,2439.9,2459.91,936.56,2.02,7.62,Y,20170724,20170724,22.859,170506,05/06/17,2.80,13.00,32.667,22.949,170531,05/31/17,2.800,17.2,29.467,22.927,170705,07/05/17,2.790,17,NA,38.212,Louise,-0.001,0.003,22.932,22.995,39.982,40.118,40.236,25.000,35.000,0.137,0.118,0.005,0.003,0.000,0.000,0.614,
130,17052,5,2,2,400,2329.53,2437.2,590.67,2.86,7.83,Y,20170724,20170724,37.484,170506,05/06/17,2.80,13.00,32.667,37.396,170531,05/31/17,2.794,17.2,29.467,37.012,170705,07/05/17,2.790,17,NA,60.045,Louise,0.001,0.003,37.432,37.109,67.258,67.162,66.560,25.000,35.000,-0.096,-0.602,-0.004,-0.017,0.000,0.000,4.459,
131,17085,16,6,1,2800,2616.63,2523.13,2423.47,1.17,7.24,Y,20170724,20170724,48.638,170504,05/04/17,2.77,13.00,32.433,48.263,170531,05/31/17,2.799,17,29.600,47.652,170705,07/05/17,2.790,17,NA,77.076,Louise,-0.011,-0.007,47.752,47.313,88.062,86.409,85.592,27.000,35.000,-1.653,-0.817,-0.061,-0.023,-0.001,0.000,0.381,
132,17106,14,5,2,900,2441,2468.42,865.45,2.15,7.62,Y,20170724,20170724,52.506,170506,05/06/17,2.80,13.00,32.667,52.161,170601,06/01/17,2.806,17.2,29.467,51.866,170707,07/07/17,2.793,16.7,NA,86.175,Louise,-0.002,0.003,52.062,52.008,95.277,94.448,94.348,26.000,36.000,-0.829,-0.100,-0.032,-0.003,0.000,0.000,0.087,
133,17111,4,2,1,400,2359.13,2470.99,545.47,2.98,7.83,Y,20170724,20170724,18.960,170506,05/06/17,2.80,13.00,32.667,19.009,170531,05/31/17,2.806,17.2,29.467,19.081,170705,07/05/17,2.790,17,NA,31.784,Louise,-0.002,0.004,18.973,19.156,32.710,32.734,33.075,25.000,35.000,0.023,0.341,0.001,0.010,0.000,0.000,10.473,
134,17113,1,1,1,400,2404.69,2506.24,576.45,2.97,7.83,Y,20170724,20170724,31.010,170505,05/05/17,2.79,12.90,32.533,31.092,170601,06/01/17,2.799,17,29.600,31.059,170707,07/07/17,2.803,16.8,NA,51.089,Louise,-0.005,-0.006,30.936,30.858,55.184,55.046,54.901,27.000,36.000,-0.138,-0.146,-0.005,-0.004,0.000,0.000,0.792,
135,17120,7,3,1,900,2453.26,2468.16,943.47,2.01,7.59,Y,20170724,20170724,22.093,170504,05/04/17,2.77,13.00,32.433,21.974,170601,06/01/17,2.806,17,29.600,21.941,170705,07/05/17,2.790,17,NA,36.703,Louise,-0.013,-0.007,21.686,21.785,38.554,37.794,37.979,28.000,34.000,-0.760,0.185,-0.027,0.005,-0.001,0.000,-0.200,
136,17129,12,4,3,2800,2612.89,2488.3,2516.92,1.01,7.22,Y,20170724,20170724,28.079,170504,05/04/17,2.76,13.00,32.433,27.553,170601,06/01/17,2.799,17,29.600,27.111,170705,07/05/17,2.790,17,NA,NA,Louise,-0.016,-0.012,27.116,26.776,49.718,47.922,47.288,28.000,34.000,-1.795,-0.634,-0.064,-0.019,-0.001,0.000,0.291,
137,17133,10,4,1,2800,2587.92,2497.79,2378.18,1.08,7.23,Y,20170724,20170724,15.006,170506,05/06/17,2.80,13.00,32.667,15.009,170601,06/01/17,2.799,17,29.600,14.856,170705,07/05/17,2.790,17,NA,25.014,Louise,-0.001,0.003,14.996,14.895,25.336,25.317,25.128,26.000,34.000,-0.019,-0.189,-0.001,-0.006,0.000,0.000,7.597,
138,17143,2,1,2,400,2388.7,2486.18,535.06,3.1,7.84,Y,20170724,20170724,24.005,170505,05/05/17,2.79,12.90,32.533,24.064,170601,06/01/17,2.806,17,29.600,24.049,170705,07/05/17,2.790,17,NA,39.959,Louise,-0.007,-0.001,23.888,24.017,42.119,41.902,42.142,27.000,34.000,-0.218,0.241,-0.008,0.007,0.000,0.000,-0.878,
139,17158,9,3,3,900,2442.18,2466.7,908.54,2.07,7.59,Y,20170724,20170724,16.267,170505,05/05/17,2.79,12.90,32.533,15.997,170601,06/01/17,2.806,17,29.600,15.681,170705,07/05/17,2.790,17,NA,37.207,Louise,-0.007,-0.001,15.880,15.661,27.686,26.965,26.556,27.000,34.000,-0.721,-0.409,-0.027,-0.012,-0.001,0.000,0.450,
140,17166,6,2,3,400,2348.8,2454.04,519.42,3.1,7.83,Y,20170724,20170724,18.797,170506,05/06/17,2.80,13.00,32.667,19.007,170531,05/31/17,2.806,17,29.600,19.110,170705,07/05/17,2.790,17,NA,30.697,Louise,-0.002,0.004,18.971,19.185,32.406,32.731,33.130,25.000,35.000,0.325,0.400,0.013,0.011,0.000,0.000,0.879,
141,17170,11,4,2,2800,2601.68,2504.96,2527.05,1.02,7.22,Y,20170724,20170724,19.293,170506,05/06/17,2.80,13.00,32.667,19.334,170531,05/31/17,2.794,17.2,29.467,19.162,170705,07/05/17,2.790,17,NA,32.195,Louise,0.001,0.003,19.352,19.212,33.331,33.441,33.180,25.000,35.000,0.110,-0.261,0.004,-0.007,0.000,0.000,-1.694,
142,17206,8,3,2,900,2449.19,2464.79,904.6,2.08,7.59,Y,20170724,20170724,13.780,170505,05/05/17,2.79,12.90,32.533,13.937,170601,06/01/17,2.799,17,29.600,13.938,170705,07/05/17,2.790,17,NA,23.726,Louise,-0.005,-0.001,13.870,13.920,23.048,23.217,23.310,27.000,34.000,0.169,0.093,0.006,0.003,0.000,0.000,0.435,
143,17210,17,6,2,2800,2608.91,2522.06,2346.38,1.21,7.23,Y,20170724,20170724,54.544,170505,05/05/17,2.79,12.90,32.533,54.291,170531,05/31/17,2.806,17.2,29.467,53.347,170705,07/05/17,2.790,17,NA,87.459,Louise,-0.007,-0.001,53.901,53.277,99.078,97.878,96.714,26.000,35.000,-1.200,-1.164,-0.046,-0.033,0.000,0.000,0.721,
144,17218,15,5,3,900,2441.67,2467.77,890.65,2.12,7.62,Y,20170724,20170724,12.933,170505,05/05/17,2.79,12.90,32.533,12.590,170531,05/31/17,2.794,17.2,29.467,12.478,170705,07/05/17,2.790,17,NA,21.621,Louise,-0.003,-0.001,12.553,12.462,21.469,20.759,20.590,26.000,35.000,-0.709,-0.169,-0.027,-0.005,-0.001,0.000,0.177,
145,17007,2,1,2,400,2388.7,2486.18,535.06,3.1,7.84,Y,20170822,20170822,9.963,170506,05/06/17,2.80,13.00,32.667,9.959,170601,06/01/17,2.799,17,29.600,9.986,170705,07/05/17,2.790,17,NA,17.054,Louise,0.000,0.004,9.964,10.025,15.929,15.931,16.045,26.000,34.000,0.002,0.113,0.000,0.003,0.000,0.000,43.271,"
"
146,17012,7,3,1,900,2453.26,2468.16,943.47,2.01,7.59,Y,20170822,20170822,28.959,170505,05/05/17,2.79,12.90,32.533,28.862,170531,05/31/17,2.794,17.2,29.467,28.843,170705,07/05/17,2.790,17,NA,47.354,Louise,-0.003,-0.001,28.776,28.805,51.360,51.017,51.071,26.000,35.000,-0.343,0.054,-0.013,0.002,0.000,0.000,-0.117,
147,17019,12,4,3,2800,2612.89,2488.3,2516.92,1.01,7.22,Y,20170822,20170822,28.342,170506,05/06/17,2.80,13.00,32.667,28.336,170531,05/31/17,2.806,17.2,29.467,27.701,170707,07/07/17,2.793,16.7,NA,44.99,Louise,-0.003,0.002,28.262,27.757,50.208,50.058,49.118,25.000,37.000,-0.149,-0.941,-0.006,-0.025,0.000,-0.001,4.264,
148,17027,8,3,2,900,2449.19,2464.79,904.6,2.08,7.59,Y,20170822,20170822,13.175,170505,05/05/17,2.79,12.90,32.533,13.116,170601,06/01/17,2.806,17,29.600,13.053,170705,07/05/17,2.790,17,NA,22.123,Louise,-0.008,-0.002,13.017,13.032,21.920,21.626,21.654,27.000,34.000,-0.294,0.028,-0.011,0.001,0.000,0.000,-0.077,
149,17029,13,5,1,900,2439.9,2459.91,936.56,2.02,7.62,Y,20170822,20170822,31.364,170505,05/05/17,2.79,12.90,32.533,31.359,170601,06/01/17,2.799,17,29.600,31.288,170707,07/07/17,2.793,16.7,NA,51.566,Louise,-0.005,-0.003,31.209,31.209,55.844,55.555,55.556,27.000,36.000,-0.289,0.001,-0.011,0.000,0.000,0.000,-0.004,
150,17079,6,2,3,400,2348.8,2454.04,519.42,3.1,7.83,Y,20170822,20170822,37.400,170506,05/06/17,2.80,13.00,32.667,37.421,170601,06/01/17,2.806,17,29.600,37.407,170705,07/05/17,2.790,17,NA,61.797,Louise,-0.003,0.003,37.296,37.505,67.102,66.909,67.298,26.000,34.000,-0.193,0.390,-0.007,0.011,0.000,0.000,-1.543,
151,17082,9,3,3,900,2442.18,2466.7,908.54,2.07,7.59,Y,20170822,20170822,33.673,170505,05/05/17,2.79,12.90,32.533,33.838,170531,05/31/17,2.806,17.2,29.467,33.885,170705,07/05/17,2.790,17,NA,55.286,Louise,-0.008,-0.002,33.583,33.828,60.150,59.983,60.441,26.000,35.000,-0.168,0.458,-0.006,0.013,0.000,0.000,-2.029,
152,17094,17,6,2,2800,2608.91,2522.06,2346.38,1.21,7.23,Y,20170822,20170822,63.729,170505,05/05/17,2.79,12.90,32.533,63.417,170601,06/01/17,2.799,17,29.600,62.739,170707,07/07/17,2.810,16.8,NA,101.019,Louise,-0.005,-0.009,63.113,62.191,116.208,115.060,113.339,27.000,36.000,-1.149,-1.720,-0.043,-0.048,0.000,0.000,1.123,
153,17099,3,1,3,400,2377.12,2484.38,574.36,2.93,7.84,Y,20170822,20170822,52.579,170506,05/06/17,2.80,13.00,32.667,52.377,170531,05/31/17,2.800,17.2,29.467,52.182,170707,07/07/17,2.800,16.8,NA,85.934,Louise,-0.001,-0.001,52.321,52.126,95.412,94.931,94.568,25.000,37.000,-0.481,-0.363,-0.019,-0.010,0.000,0.000,0.510,
154,17130,18,6,3,2800,2622.52,2522.02,2555.7,1.13,7.23,Y,20170822,20170822,13.159,170506,05/06/17,2.80,13.00,32.667,13.233,170601,06/01/17,2.799,17,29.600,13.153,170707,07/07/17,2.810,16.8,NA,21.806,Louise,-0.001,-0.005,13.222,13.091,21.890,22.008,21.763,26.000,36.000,0.118,-0.246,0.005,-0.007,0.000,0.000,-1.502,
155,17145,16,6,1,2800,2616.63,2523.13,2423.47,1.17,7.24,Y,20170822,20170822,21.984,170505,05/05/17,2.79,12.90,32.533,22.047,170531,05/31/17,2.800,17.2,29.467,21.869,170707,07/07/17,2.793,16.7,NA,NA,Louise,-0.005,-0.003,21.928,21.806,38.350,38.245,38.018,26.000,37.000,-0.105,-0.227,-0.004,-0.006,0.000,0.000,1.526,
156,17178,11,4,2,2800,2601.68,2504.96,2527.05,1.02,7.22,Y,20170822,20170822,45.399,170505,05/05/17,2.79,12.90,32.533,44.945,170531,05/31/17,2.800,17.2,29.467,44.211,170707,07/07/17,2.793,16.7,NA,71.263,Louise,-0.005,-0.003,44.719,44.100,82.021,80.753,79.598,26.000,37.000,-1.268,-1.154,-0.049,-0.031,-0.001,0.000,0.640,
157,17203,4,2,1,400,2359.13,2470.99,545.47,2.98,7.83,Y,20170822,20170822,10.845,170506,05/06/17,2.80,13.00,32.667,10.834,170531,05/31/17,2.806,17.2,29.467,10.869,170705,07/05/17,2.790,17,NA,18.881,Louise,-0.003,0.003,10.799,10.897,17.574,17.488,17.672,25.000,35.000,-0.086,0.184,-0.003,0.005,0.000,0.000,-1.537,
158,17204,15,5,3,900,2441.67,2467.77,890.65,2.12,7.62,Y,20170822,20170822,54.753,170504,05/04/17,2.77,13.00,32.433,54.873,170531,05/31/17,2.806,17.2,29.467,54.788,170707,07/07/17,2.793,16.7,NA,89.908,Louise,-0.013,-0.008,54.160,54.333,99.468,98.362,98.685,27.000,37.000,-1.106,0.323,-0.041,0.009,0.000,0.000,-0.213,
159,17208,14,5,2,900,2441,2468.42,865.45,2.15,7.62,Y,20170822,20170822,21.282,170505,05/05/17,2.79,12.90,32.533,21.199,170531,05/31/17,2.806,17.2,29.467,21.149,170707,07/07/17,2.793,16.7,NA,35.336,Louise,-0.007,-0.003,21.047,21.096,37.041,36.602,36.694,26.000,37.000,-0.438,0.092,-0.017,0.002,0.000,0.000,-0.147,
160,17211,5,2,2,400,2329.53,2437.2,590.67,2.86,7.83,Y,20170822,20170822,30.759,170505,05/05/17,2.79,12.90,32.533,30.711,170601,06/01/17,2.806,17,29.600,30.227,170705,07/05/17,2.790,17,NA,50.454,Louise,-0.007,-0.001,30.487,30.188,54.715,54.209,53.650,27.000,34.000,-0.506,-0.559,-0.019,-0.016,0.000,0.000,0.876,
161,17213,10,4,1,2800,2587.92,2497.79,2378.18,1.08,7.23,Y,20170822,20170822,41.263,170505,05/05/17,2.79,12.90,32.533,41.124,170531,05/31/17,2.806,17.2,29.467,40.629,170707,07/07/17,2.793,16.7,NA,65.381,Louise,-0.008,-0.003,40.814,40.512,74.307,73.470,72.907,26.000,37.000,-0.836,-0.563,-0.032,-0.015,0.000,0.000,0.473,
162,17005,1,1,1,400,2404.69,2506.24,576.45,2.97,7.83,Y,20170822,20170824,45.080,170505,05/05/17,2.79,12.90,32.533,44.835,170601,06/01/17,2.799,17,29.600,44.962,170707,07/07/17,2.800,16.8,NA,73.613,Louise,-0.005,-0.005,44.620,44.736,81.426,80.568,80.784,27.000,36.000,-0.858,0.216,-0.032,0.006,0.000,0.000,-0.189,
163,17043,2,1,2,400,2388.7,2486.18,535.06,3.1,7.84,Y,20170822,20170824,27.920,170504,05/04/17,2.79,12.90,32.433,27.925,170601,06/01/17,2.806,17,29.600,27.676,170707,07/07/17,2.810,16.8,NA,45.265,Louise,-0.008,-0.009,27.711,27.425,49.421,49.031,48.497,28.000,36.000,-0.390,-0.534,-0.014,-0.015,0.000,0.000,1.064,
164,17051,3,1,3,400,2377.12,2484.38,574.36,2.93,7.84,Y,20170822,20170824,24.983,170506,05/06/17,2.80,13.00,32.667,24.601,170601,06/01/17,2.806,17,29.600,24.316,170707,07/07/17,2.793,16.7,NA,38.272,Louise,-0.003,0.002,24.528,24.359,43.944,43.095,42.780,26.000,36.000,-0.849,-0.314,-0.033,-0.009,-0.001,0.000,0.267,
165,17062,4,2,1,400,2359.13,2470.99,545.47,2.98,7.83,Y,20170822,20170824,43.581,170504,05/04/17,2.77,13.00,32.433,43.566,170601,06/01/17,2.806,17,29.600,43.373,170707,07/07/17,2.810,16.8,NA,68.98,Louise,-0.013,-0.015,42.995,42.741,78.630,77.537,77.064,28.000,36.000,-1.094,-0.473,-0.039,-0.013,0.000,0.000,0.336,
166,17068,5,2,2,400,2329.53,2437.2,590.67,2.86,7.83,Y,20170822,20170824,41.882,170506,05/06/17,2.80,13.00,32.667,41.606,170601,06/01/17,2.806,17,29.600,41.290,170707,07/07/17,2.800,16.8,NA,67.666,Louise,-0.003,-0.001,41.482,41.260,75.462,74.715,74.302,26.000,36.000,-0.747,-0.413,-0.029,-0.011,0.000,0.000,0.400,
167,17089,6,2,3,400,2348.8,2454.04,519.42,3.1,7.83,Y,20170822,20170824,15.247,170505,05/05/17,2.79,12.90,32.533,15.392,170601,06/01/17,2.806,17,29.600,15.431,170707,07/07/17,2.810,16.8,NA,25.869,Louise,-0.007,-0.009,15.279,15.296,25.785,25.845,25.876,27.000,36.000,0.060,0.032,0.002,0.001,0.000,0.000,0.392,
168,17123,11,4,2,2800,2601.68,2504.96,2527.05,1.02,7.22,Y,20170822,20170824,36.204,170505,05/05/17,2.79,12.90,32.533,36.245,170601,06/01/17,2.806,17,29.600,36.232,170707,07/07/17,2.793,16.7,NA,59.725,Louise,-0.008,-0.003,35.971,36.132,64.872,64.438,64.737,27.000,36.000,-0.434,0.299,-0.016,0.008,0.000,0.000,-0.518,
169,17126,12,4,3,2800,2612.89,2488.3,2516.92,1.01,7.22,Y,20170822,20170824,27.569,170504,05/04/17,2.77,13.00,32.433,27.626,170531,05/31/17,2.800,17.2,29.467,27.574,170707,07/07/17,2.810,16.8,NA,45.999,Louise,-0.011,-0.015,27.327,27.173,48.767,48.315,48.028,27.000,37.000,-0.452,-0.287,-0.017,-0.008,0.000,0.000,0.463,
170,17153,14,5,2,900,2441,2468.42,865.45,2.15,7.62,Y,20170822,20170824,44.936,170505,05/05/17,2.79,12.90,32.533,45.009,170601,06/01/17,2.799,17,29.600,44.672,170707,07/07/17,2.793,16.7,NA,71.774,Louise,-0.005,-0.003,44.793,44.560,81.158,80.891,80.456,27.000,36.000,-0.266,-0.436,-0.010,-0.012,0.000,0.000,1.227,
171,17156,15,5,3,900,2441.67,2467.77,890.65,2.12,7.62,Y,20170822,20170824,29.917,170505,05/05/17,2.79,12.90,32.533,29.884,170601,06/01/17,2.799,17,29.600,29.835,170707,07/07/17,2.803,16.8,NA,49.394,Louise,-0.005,-0.006,29.741,29.650,53.146,52.817,52.647,27.000,36.000,-0.328,-0.170,-0.012,-0.005,0.000,0.000,0.389,
172,17159,16,6,1,2800,2616.63,2523.13,2423.47,1.17,7.24,Y,20170822,20170824,12.374,170505,05/05/17,2.79,12.90,32.533,12.467,170601,06/01/17,2.799,17,29.600,12.361,170707,07/07/17,2.793,16.7,NA,20.963,Louise,-0.005,-0.003,12.407,12.330,20.426,20.488,20.344,27.000,36.000,0.062,-0.144,0.002,-0.004,0.000,0.000,-1.741,
173,17168,17,6,2,2800,2608.91,2522.06,2346.38,1.21,7.23,Y,20170822,20170824,21.128,170505,05/05/17,2.79,12.90,32.533,21.170,170601,06/01/17,2.799,17,29.600,21.131,170707,07/07/17,2.810,16.8,NA,33.144,Louise,-0.005,-0.009,21.063,20.941,36.753,36.633,36.405,27.000,36.000,-0.120,-0.228,-0.004,-0.006,0.000,0.000,1.424,
174,17004,18,6,3,2800,2622.52,2522.02,2555.7,1.13,7.23,Y,20170915,20170915,24.503,170506,05/06/17,2.80,13.00,32.667,24.541,170601,06/01/17,2.800,17,29.600,24.141,170707,07/07/17,2.800,16.8,NA,38.563,Louise,-0.001,-0.001,24.526,24.124,43.047,43.092,42.341,26.000,36.000,0.044,-0.751,0.002,-0.021,0.000,0.000,-12.262,
175,17021,5,2,2,400,2329.53,2437.2,590.67,2.86,7.83,Y,20170915,20170915,23.466,170505,05/05/17,2.79,12.90,32.533,23.273,170601,06/01/17,2.800,17,29.600,23.062,170707,07/07/17,2.810,16.8,NA,37.533,Louise,-0.005,-0.009,23.159,22.860,41.115,40.541,39.984,27.000,36.000,-0.574,-0.557,-0.021,-0.015,-0.001,0.000,0.728,
176,17033,6,2,3,400,2348.8,2454.04,519.42,3.1,7.83,Y,20170915,20170915,33.432,170504,05/04/17,2.79,12.90,32.433,32.829,170601,06/01/17,2.800,17,29.600,32.007,170707,07/07/17,2.803,16.8,NA,52.04,Louise,-0.005,-0.007,32.656,31.796,59.701,58.254,56.650,28.000,36.000,-1.447,-1.604,-0.052,-0.045,-0.001,-0.001,0.862,
177,17038,15,5,3,900,2441.67,2467.77,890.65,2.12,7.62,Y,20170915,20170915,35.505,170505,05/05/17,2.79,12.90,32.533,34.858,170604,06/04/17,2.798,17,29.900,34.155,170707,07/07/17,2.803,16.8,NA,53.315,Louise,-0.004,-0.006,34.704,33.943,63.568,62.074,60.654,30.000,33.000,-1.495,-1.420,-0.050,-0.043,-0.001,-0.001,0.864,
178,17039,9,3,3,900,2442.18,2466.7,908.54,2.07,7.59,Y,20170915,20170915,18.839,170505,05/05/17,2.79,12.90,32.533,18.976,170601,06/01/17,2.799,17,29.600,19.084,170705,07/05/17,2.790,17,NA,32.435,Louise,-0.005,-0.002,18.879,19.052,32.483,32.558,32.881,27.000,34.000,0.075,0.323,0.003,0.010,0.000,0.000,3.441,
179,17057,10,4,1,2800,2587.92,2497.79,2378.18,1.08,7.23,Y,20170915,20170915,32.074,170505,05/05/17,2.79,12.90,32.533,32.001,170604,06/04/17,2.798,17,29.900,31.366,170707,07/07/17,2.810,16.8,NA,51.212,Louise,-0.004,-0.009,31.859,31.092,57.169,56.768,55.337,30.000,33.000,-0.400,-1.431,-0.013,-0.043,0.000,-0.001,3.249,
180,17058,10,4,1,2800,2587.92,2497.79,2378.18,1.08,7.23,Y,20170915,20170915,23.403,170505,05/05/17,2.79,12.90,32.533,23.409,170604,06/04/17,2.798,17,29.900,22.954,170707,07/07/17,2.793,16.7,NA,36.622,Louise,-0.004,-0.003,23.305,22.896,40.996,40.814,40.051,30.000,33.000,-0.181,-0.764,-0.006,-0.023,0.000,-0.001,3.825,
181,17073,8,3,2,900,2449.19,2464.79,904.6,2.08,7.59,Y,20170915,20170915,45.235,170506,05/06/17,2.80,13.00,32.667,47.869,170604,06/04/17,2.798,17,29.900,47.572,170707,07/07/17,2.803,16.8,NA,76.912,Louise,0.000,-0.002,47.863,47.481,81.715,86.617,85.905,29.000,33.000,4.902,-0.712,0.169,-0.022,0.002,0.000,-0.128,
182,17074,3,1,3,400,2377.12,2484.38,574.36,2.93,7.84,Y,20170915,20170915,45.752,170505,05/05/17,2.79,12.90,32.533,45.647,170601,06/01/17,2.800,17,29.600,45.391,170707,07/07/17,2.803,16.8,NA,74.428,Louise,-0.005,-0.006,45.423,45.109,82.679,82.067,81.480,27.000,36.000,-0.612,-0.587,-0.023,-0.016,0.000,0.000,0.719,
183,17081,4,2,1,400,2359.13,2470.99,545.47,2.98,7.83,Y,20170915,20170915,73.494,170505,05/05/17,2.79,12.90,32.533,73.502,170604,06/04/17,2.798,17,29.900,74.167,170707,07/07/17,2.793,16.7,NA,116.542,Louise,-0.004,-0.003,73.177,73.980,134.422,133.829,135.328,30.000,33.000,-0.593,1.499,-0.020,0.045,0.000,0.000,-2.300,
184,17088,9,3,3,900,2442.18,2466.7,908.54,2.07,7.59,Y,20170915,20170915,36.563,170504,05/04/17,2.77,13.00,32.433,36.172,170604,06/04/17,2.798,17,29.900,35.779,170707,07/07/17,2.800,16.8,NA,59.337,Louise,-0.010,-0.011,35.802,35.392,65.541,64.121,63.357,31.000,33.000,-1.420,-0.764,-0.046,-0.023,-0.001,0.000,0.506,
185,17091,5,2,2,400,2329.53,2437.2,590.67,2.86,7.83,Y,20170915,20170915,26.320,170505,05/05/17,2.80,13.00,32.667,26.054,170604,06/04/17,2.798,17,29.900,25.718,170707,07/07/17,2.803,16.8,NA,43.338,Louise,0.000,-0.002,26.051,25.669,46.438,45.935,45.223,30.000,33.000,-0.503,-0.712,-0.017,-0.022,0.000,0.000,1.289,
186,17105,2,1,2,400,2388.7,2486.18,535.06,3.1,7.84,Y,20170915,20170915,62.045,170504,05/04/17,2.79,12.90,32.433,61.804,170601,06/01/17,2.800,17,29.600,61.487,170707,07/07/17,2.800,16.8,NA,100.92,Louise,-0.005,-0.005,61.479,61.156,113.068,112.011,111.410,28.000,36.000,-1.057,-0.601,-0.038,-0.017,0.000,0.000,0.443,
187,17115,2,1,2,400,2388.7,2486.18,535.06,3.1,7.84,Y,20170915,20170915,33.819,170504,05/04/17,2.79,12.90,32.433,33.901,170601,06/01/17,2.800,17,29.600,33.708,170707,07/07/17,2.810,16.8,NA,56.412,Louise,-0.005,-0.009,33.722,33.401,60.423,60.243,59.644,28.000,36.000,-0.180,-0.598,-0.006,-0.017,0.000,0.000,2.584,
188,17118,1,1,1,400,2404.69,2506.24,576.45,2.97,7.83,Y,20170915,20170915,53.860,170504,05/04/17,2.77,13.00,32.433,53.021,170604,06/04/17,2.798,17,29.900,53.403,170707,07/07/17,2.810,16.8,NA,83.622,Louise,-0.010,-0.015,52.479,52.625,97.801,95.226,95.499,31.000,33.000,-2.575,0.272,-0.083,0.008,-0.001,0.000,-0.099,
189,17139,13,5,1,900,2439.9,2459.91,936.56,2.02,7.62,Y,20170915,20170915,16.028,170506,05/06/17,2.80,13.00,32.667,15.537,170601,06/01/17,2.806,17,29.600,NA,NA,NA,NA,NA,NA,25.95,Louise,-0.003,NA,15.485,NA,27.242,26.228,NA,26.000,NA,-1.014,NA,-0.039,NA,-0.001,NA,NA,
190,17144,1,1,1,400,2404.69,2506.24,576.45,2.97,7.83,Y,20170915,20170915,9.650,170504,05/04/17,2.79,12.90,32.433,9.747,170601,06/01/17,2.806,17,29.600,NA,NA,NA,NA,NA,NA,16.936,Louise,-0.008,NA,9.673,NA,15.346,15.388,NA,28.000,NA,0.042,NA,0.001,NA,0.000,NA,NA,
191,17148,6,2,3,400,2348.8,2454.04,519.42,3.1,7.83,Y,20170915,20170915,39.653,170504,05/04/17,2.79,12.90,32.433,39.390,170601,06/01/17,2.800,17,29.600,38.883,170707,07/07/17,2.810,16.8,NA,64.436,Louise,-0.005,-0.009,39.183,38.529,71.304,70.427,69.208,28.000,36.000,-0.877,-1.219,-0.031,-0.034,0.000,0.000,1.081,
192,17152,3,1,3,400,2377.12,2484.38,574.36,2.93,7.84,Y,20170915,20170915,16.675,170505,05/05/17,2.79,12.90,32.533,16.548,170604,06/04/17,2.798,17,29.900,16.386,170707,07/07/17,2.810,16.8,NA,27.058,Louise,-0.004,-0.009,16.475,16.243,28.447,28.075,27.642,30.000,33.000,-0.373,-0.432,-0.012,-0.013,0.000,0.000,1.054,
193,17161,7,3,1,900,2453.26,2468.16,943.47,2.01,7.59,Y,20170915,20170915,13.240,170506,05/06/17,2.80,13.00,32.667,16.473,170604,06/04/17,2.798,17,29.900,16.302,170707,07/07/17,2.793,16.7,NA,27.11,Louise,0.001,0.003,16.487,16.347,22.041,28.097,27.836,29.000,33.000,6.056,-0.261,0.209,-0.008,0.009,0.000,-0.038,
194,17167,16,6,1,2800,2616.63,2523.13,2423.47,1.17,7.24,Y,20170915,20170915,58.759,170505,05/05/17,2.79,12.90,32.533,58.374,170604,06/04/17,2.798,17,29.900,57.693,170707,07/07/17,2.810,16.8,NA,92.451,Louise,-0.004,-0.009,58.116,57.189,106.939,105.739,104.010,30.000,33.000,-1.200,-1.729,-0.040,-0.052,0.000,0.000,1.310,
195,17169,12,4,3,2800,2612.89,2488.3,2516.92,1.01,7.22,Y,20170915,20170915,11.166,170506,05/06/17,2.80,13.00,32.667,11.547,170601,06/01/17,2.800,17,29.600,11.464,170707,07/07/17,2.793,16.7,NA,19.02,Louise,-0.001,0.002,11.540,11.484,18.173,18.870,18.767,26.000,36.000,0.698,-0.103,0.027,-0.003,0.001,0.000,-0.107,
196,17172,15,5,3,900,2441.67,2467.77,890.65,2.12,7.62,Y,20170915,20170915,10.343,170506,05/06/17,2.80,13.00,32.667,10.542,170604,06/04/17,2.798,17,29.900,10.656,170707,07/07/17,2.803,16.8,NA,18.406,Louise,0.000,-0.002,10.540,10.635,16.638,17.006,17.184,29.000,33.000,0.368,0.177,0.013,0.005,0.001,0.000,0.423,
197,17180,15,5,3,900,2441.67,2467.77,890.65,2.12,7.62,Y,20170915,20170915,27.751,170505,05/05/17,2.79,12.90,32.533,27.804,170604,06/04/17,2.798,17,29.900,27.794,170707,07/07/17,2.803,16.8,NA,45.884,Louise,-0.005,-0.007,27.671,27.611,49.106,48.957,48.844,30.000,33.000,-0.149,-0.113,-0.005,-0.003,0.000,0.000,0.690,
198,17188,18,6,3,2800,2622.52,2522.02,2555.7,1.13,7.23,Y,20170915,20170915,12.055,170505,05/05/17,2.79,12.90,32.533,12.016,170604,06/04/17,2.798,17,29.900,11.832,170707,07/07/17,2.803,16.8,NA,19.581,Louise,-0.004,-0.006,11.962,11.759,19.831,19.659,19.279,30.000,33.000,-0.173,-0.380,-0.006,-0.012,0.000,-0.001,2.002,
199,17193,9,3,3,900,2442.18,2466.7,908.54,2.07,7.59,Y,20170915,20170915,47.962,170505,05/05/17,2.79,12.90,32.533,47.400,170601,06/01/17,2.800,17,29.600,46.685,170707,07/07/17,2.810,16.8,NA,77.151,Louise,-0.005,-0.009,47.167,46.277,86.801,85.320,83.659,27.000,36.000,-1.481,-1.661,-0.055,-0.046,-0.001,-0.001,0.841,
200,17194,15,5,3,900,2441.67,2467.77,890.65,2.12,7.62,Y,20170915,20170915,26.472,170505,05/05/17,2.79,12.90,32.533,26.450,170601,06/01/17,2.800,17,29.600,26.150,170707,07/07/17,2.800,16.8,NA,42.469,Louise,-0.005,-0.005,26.311,26.009,46.720,46.420,45.858,27.000,36.000,-0.300,-0.562,-0.011,-0.016,0.000,0.000,1.404,
201,17200,9,3,3,900,2442.18,2466.7,908.54,2.07,7.59,Y,20170915,20170915,8.309,170505,05/05/17,2.79,12.90,32.533,8.264,170601,06/01/17,2.800,17,29.600,NA,NA,NA,NA,NA,NA,14.069,Louise,-0.005,NA,8.223,NA,12.845,12.685,NA,27.000,NA,-0.160,NA,-0.006,NA,0.000,NA,NA,
202,17214,14,5,2,900,2441,2468.42,865.45,2.15,7.62,Y,20170915,20170915,11.521,170506,05/06/17,2.80,13.00,32.667,11.780,170601,06/01/17,2.800,17,29.600,11.805,170707,07/07/17,2.810,16.8,NA,20.398,Louise,0.000,-0.003,11.784,11.765,18.835,19.326,19.290,26.000,36.000,0.491,-0.037,0.019,-0.001,0.001,0.000,-0.054,
203,Alan: missing info 17015,NA,NA,NA,NA,NA,NA,NA,NA,NA,N,NA,NA,NA,NA,NA,NA,NA,NA,NA,NA,NA,NA,NA,NA,NA,NA,NA,NA,NA,NA,NA,NA,NA,NA,NA,NA,NA,NA,NA,NA,NA,NA,NA,NA,NA,NA,NA,NA,
204,17044,11,4,2,2800,2601.68,2504.96,2527.05,1.02,7.22,N,NA,NA,NA,NA,NA,NA,NA,NA,NA,NA,NA,NA,NA,NA,NA,NA,NA,NA,NA,NA,NA,NA,NA,NA,NA,NA,NA,NA,NA,NA,NA,NA,NA,NA,NA,NA,NA,NA,
205,17071,14,5,2,900,2441,2468.42,865.45,2.15,7.62,N,NA,NA,NA,NA,NA,NA,NA,NA,NA,NA,NA,NA,NA,NA,NA,NA,NA,NA,NA,NA,NA,NA,NA,NA,NA,NA,NA,NA,NA,NA,NA,NA,NA,NA,NA,NA,NA,NA,
206,17087,16,6,1,2800,2616.63,2523.13,2423.47,1.17,7.24,N,NA,NA,NA,NA,NA,NA,NA,NA,NA,NA,NA,NA,NA,NA,NA,NA,NA,NA,NA,NA,NA,NA,NA,NA,NA,NA,NA,NA,NA,NA,NA,NA,NA,NA,NA,NA,NA,NA,
207,17100,13,5,1,900,2439.9,2459.91,936.56,2.02,7.62,N,NA,NA,NA,NA,NA,NA,NA,NA,NA,NA,NA,NA,NA,NA,NA,NA,NA,NA,NA,NA,NA,NA,NA,NA,NA,NA,NA,NA,NA,NA,NA,NA,NA,NA,NA,NA,NA,NA,
208,17101,17,6,2,2800,2608.91,2522.06,2346.38,1.21,7.23,N,NA,NA,NA,NA,NA,NA,NA,NA,NA,NA,NA,NA,NA,NA,NA,NA,NA,NA,NA,NA,NA,NA,NA,NA,NA,NA,NA,NA,NA,NA,NA,NA,NA,NA,NA,NA,NA,NA,
209,17102,1,1,1,400,2404.69,2506.24,576.45,2.97,7.83,N,NA,NA,NA,NA,NA,NA,NA,NA,NA,NA,NA,NA,NA,NA,NA,NA,NA,NA,NA,NA,NA,NA,NA,NA,NA,NA,NA,NA,NA,NA,NA,NA,NA,NA,NA,NA,NA,NA,
210,17125,14,5,2,900,2441,2468.42,865.45,2.15,7.62,N,NA,NA,NA,NA,NA,NA,NA,NA,NA,NA,NA,NA,NA,NA,NA,NA,NA,NA,NA,NA,NA,NA,NA,NA,NA,NA,NA,NA,NA,NA,NA,NA,NA,NA,NA,NA,NA,NA,
211,17128,7,3,1,900,2453.26,2468.16,943.47,2.01,7.59,N,NA,NA,NA,NA,NA,NA,NA,NA,NA,NA,NA,NA,NA,NA,NA,NA,NA,NA,NA,NA,NA,NA,NA,NA,NA,NA,NA,NA,NA,NA,NA,NA,NA,NA,NA,NA,NA,NA,
212,Alan: missing data 17132,17,6,2,2800,2608.91,2522.06,2346.38,1.21,7.23,N,NA,NA,NA,NA,NA,NA,NA,NA,NA,NA,NA,NA,NA,NA,NA,NA,NA,NA,NA,NA,NA,NA,NA,NA,NA,NA,NA,NA,NA,NA,NA,NA,NA,NA,NA,NA,NA,NA,
213,Alan: missing data 17136,NA,NA,NA,NA,NA,NA,NA,NA,NA,N,NA,NA,NA,NA,NA,NA,NA,NA,NA,NA,NA,NA,NA,NA,NA,NA,NA,NA,NA,NA,NA,NA,NA,NA,NA,NA,NA,NA,NA,NA,NA,NA,NA,NA,NA,NA,NA,NA,
214,17137,1,1,1,400,2404.69,2506.24,576.45,2.97,7.83,N,NA,NA,NA,NA,NA,NA,NA,NA,NA,NA,NA,NA,NA,NA,NA,NA,NA,NA,NA,NA,NA,NA,NA,NA,NA,NA,NA,NA,NA,NA,NA,NA,NA,NA,NA,NA,NA,NA,
215,17140,17,6,2,2800,2608.91,2522.06,2346.38,1.21,7.23,N,NA,NA,NA,NA,NA,NA,NA,NA,NA,NA,NA,NA,NA,NA,NA,NA,NA,NA,NA,NA,NA,NA,NA,NA,NA,NA,NA,NA,NA,NA,NA,NA,NA,NA,NA,NA,NA,NA,
216,17146,NA,NA,NA,NA,NA,NA,NA,NA,NA,N,NA,NA,NA,NA,NA,NA,NA,NA,NA,NA,NA,NA,NA,NA,NA,NA,NA,NA,NA,NA,NA,NA,NA,NA,NA,NA,NA,NA,NA,NA,NA,NA,NA,NA,NA,NA,NA,NA,
217,17164,11,4,2,2800,2601.68,2504.96,2527.05,1.02,7.22,N,NA,NA,NA,NA,NA,NA,NA,NA,NA,NA,NA,NA,NA,NA,NA,NA,NA,NA,NA,NA,NA,NA,NA,NA,NA,NA,NA,NA,NA,NA,NA,NA,NA,NA,NA,NA,NA,NA,
218,Alan: missing data 17175,NA,NA,NA,NA,NA,NA,NA,NA,NA,N,NA,NA,NA,NA,NA,NA,NA,NA,NA,NA,NA,NA,NA,NA,NA,NA,NA,NA,NA,NA,NA,NA,NA,NA,NA,NA,NA,NA,NA,NA,NA,NA,NA,NA,NA,NA,NA,NA,
219,17177,4,2,1,400,2359.13,2470.99,545.47,2.98,7.83,N,NA,NA,NA,NA,NA,NA,NA,NA,NA,NA,NA,NA,NA,NA,NA,NA,NA,NA,NA,NA,NA,NA,NA,NA,NA,NA,NA,NA,NA,NA,NA,NA,NA,NA,NA,NA,NA,NA,
220,17201,18,6,3,2800,2622.52,2522.02,2555.7,1.13,7.23,N,NA,NA,NA,NA,NA,NA,NA,NA,NA,NA,NA,NA,NA,NA,NA,NA,NA,NA,NA,NA,NA,NA,NA,NA,NA,NA,NA,NA,NA,NA,NA,NA,NA,NA,NA,NA,NA,NA,
221,17216,4,2,1,400,2359.13,2470.99,545.47,2.98,7.83,N,NA,NA,NA,NA,NA,NA,NA,NA,NA,NA,NA,NA,NA,NA,NA,NA,NA,NA,NA,NA,NA,NA,NA,NA,NA,NA,NA,NA,NA,NA,NA,NA,NA,NA,NA,NA,NA,NA,
222,17219,1,1,1,400,2404.69,2506.24,576.45,2.97,7.83,N,NA,NA,NA,NA,NA,NA,NA,NA,NA,NA,NA,NA,NA,NA,NA,NA,NA,NA,NA,NA,NA,NA,NA,NA,NA,NA,NA,NA,NA,NA,NA,NA,NA,NA,NA,NA,NA,NA,