ID,experiment,Acc_Exp,shelf,tank,tankID,exp_pCO2,pCO2,PopOrigin,length,width,pop,DrillDate,survival,survival_date,sample_index,tpnum_actual,sample_date,t_start,t_shuck,t_end,g_index,g_collect,g_20,m_tissue,dm_tissue,g_tissue,p_fluid,wet_wgt,tin_wgt,dry_wgt,wet_wgtcorr,dry_wgtcorr,bag_wgt,totalshell_wgt,shell_wgt,dry_end_meas,Hard_Nell_Index,Hard_Nell_Size_Correction,ShellWt_ShellSizeCor,Simple_ConditionIndex,Repair_Shell_Quality,notes
17001,exposure,Exposure,1,3,3,400,400,Rowley2-Sawyers,3.586,2.523,Rowley2,20170427,Y,20170724,129,8,20170724,13:37,13:45,13:49,0,N,N,Y,Y,Y,Y,5.23,1.29,1.867,3.94,0.577,NA,NA,NA,53.827,2.720692227,0.7586983344,5.949392748,19.18280205,2,0=None; 1=Removed; 2=Minimal; 3=Minor; 4=Some; 5=Lots
17002,exposure,Acclimation,2,2,5,400,400,Rowley1-RR,3.099,2.162,Rowley,20170427,Y,20170509,5,1,20170509,NA,13:30,NA,0,Y,NA,Y,Y,Y,Y,6.25,1.31,1.12,4.94,-0.19,6.67,56.56,49.89,49.89,-0.7709268082,-0.2487663144,7.446226424,-7.340319572,2,
17003,exposure,Acclimation,4,2,11,2800,400,Ipswich,3.094,1.96,Ipswich,20170427,Y,20170517,29,2,20170517,10:47,11:00,11:05,0,N,NA,Y,Y,Y,Y,4.01,1.29,1.62,2.72,0.33,11.41,52.3,40.89,40.89,2.967070908,0.9589757297,6.742807013,13.40064646,0,
17004,calcein,Calcein,6,3,18,2800,2800,Rowley2-Sawyers,3.223,2.091,Rowley2,20170427,Y,20170915,202,11,20170915,14:14,14:16,14:18,0,N,N,Y,Y,Y,N,4.07,1.31,NA,NA,NA,NA,NA,NA,38.563,#VALUE!,#VALUE!,5.722113581,#VALUE!,1,
17005,exposure,Exposure,1,1,1,400,400,Rowley1-RR,4.279,2.077,Rowley,20170427,Y,20170822,162,10,20170824,11:03,11:05,11:10,0,N,N,Y,Y,Y,Y,7.62,1.27,1.985,6.35,0.715,NA,NA,NA,73.613,1.529599734,0.3574666356,8.282772524,23.9837258,3,
17006,exposure,Acclimation,3,2,8,900,400,Ipswich,2.707,1.852,Ipswich,20170427,Y,20170517,26,2,20170517,13:57,14:07,14:14,0,Y,NA,Y,Y,Y,Y,5.44,1.27,1.75,4.17,0.48,11.31,51.87,40.56,40.56,2.837966313,1.048380611,8.090376043,21.43762246,2,
17007,exposure,Exposure,1,2,2,400,400,Rowley2-Sawyers,2.934,1.425,Rowley2,20170427,Y,20170822,145,9,20170822,11:08,11:12,11:17,0,N,N,Y,Y,Y,Y,2.63,1.28,1.457,1.35,0.177,NA,NA,NA,17.054,7.687997602,2.620312748,4.078977266,8.656369366,0,
17008,exposure,Exposure,2,2,5,400,400,Rowley1-RR,3.101,1.852,Rowley,20170427,Y,20170626,113,7,20170626,13:06,13:12,13:17,0,N,NA,Y,Y,Y,Y,4.71,1.29,1.86,3.42,0.57,NA,NA,NA,27.208,6.125649319,1.97537869,4.737550696,23.78501783,1,
17009,exposure,Acclimation,6,3,18,2800,400,Ipswich,3.838,2.181,Ipswich,20170427,Y,20170509,18,1,20170509,NA,15:32,NA,0,N,NA,Y,Y,Y,Y,5.96,1.27,0.88,4.69,-0.39,11.4,75.25,63.85,63.85,-1.302359441,-0.3393328403,7.627817006,-13.47982609,0,
17010,exposure,Acclimation,5,2,14,900,400,Rowley2-Sawyers,3.31,1.992,Rowley2,20170427,Y,20170602,50,3,20170602,14:28,14:38,14:42,0,N,NA,Y,Y,Y,N,6.1,1.3,2.09,4.8,0.79,11.48,49.11,37.63,37.63,4.373726637,1.321367564,5.707118504,30.76581522,3,
17011,exposure,Exposure,5,2,14,900,900,Rowley1-RR,7.55,2.358,Rowley,20170427,Y,20170605,66,4,20170605,14:22,14:30,14:35,0,N,NA,Y,Y,Y,Y,11.59,1.29,2.31,10.3,1.02,11.55,133.45,121.9,121.9,0.8123800346,0.1076000046,6.847199052,24.17434944,0,Shelf 3 heaters were disconnected; start temp 56 9am
17012,exposure,Exposure,3,1,7,900,900,Ipswich,3.81,2.311,Ipswich,20170427,Y,20170822,150,9,20170822,14:08,14:14,14:18,0,N,N,Y,Y,Y,Y,5.38,1.29,1.918,4.09,0.628,NA,NA,NA,47.354,3.24249762,0.851049244,5.378135608,21.16397224,3,
17013,exposure,Exposure,2,2,5,400,400,Rowley2-Sawyers,4.446,2.338,Rowley2,20170427,Y,20170613,95,6,20170613,14:17,14:20,14:25,0,N,NA,Y,Y,Y,Y,9.26,1.29,2.4,7.97,1.11,11.39,76.96,65.57,65.57,2.124024264,0.4777382511,6.307993229,34.4283331,NA,"Extrapallial fluid may be contaminated, chamber flooded before measurement"
17014,exposure,Acclimation,5,2,14,900,400,Rowley1-RR,4.191,2.362,Rowley,20170427,Y,20170509,14,1,20170509,NA,14:04,NA,0,Y,NA,Y,Y,Y,Y,5.77,1.29,0.93,4.48,-0.36,6.63,72.17,65.54,65.54,-1.226077859,-0.292550193,6.620775821,-11.4420469,3,Not sure drilled through. P1 to Louise/no P2. M1/M2 mantle mangled a little
17015,exposure,DEAD,NA,NA,NA,NA,NA,Ipswich,3.909,2.403,Ipswich,20170427,N,NA,NA,NA,NA,NA,NA,NA,NA,NA,NA,NA,NA,NA,NA,NA,NA,NA,NA,NA,NA,NA,NA,NA,#VALUE!,#VALUE!,#VALUE!,#VALUE!,NA,
17016,exposure,Acclimation,5,1,13,900,400,Rowley2-Sawyers,4.86,2.157,Rowley2,20170427,Y,20170509,13,1,20170509,NA,11:40,NA,0,N,NA,Y,Y,Y,Y,7.64,1.28,1.06,6.36,-0.22,6.65,78.83,72.18,72.18,-0.4792351755,-0.09860806081,6.885420423,-6.794843738,0,
17017,exposure,Acclimation,1,1,1,400,400,Rowley1-RR,3.216,1.897,Rowley,20170427,Y,20170517,19,2,20170517,10:39,10:49,10:55,0,Y,NA,Y,Y,Y,Y,5.41,1.3,1.94,4.11,0.64,11.39,50.36,38.97,38.97,3.995836837,1.242486579,6.387737118,25.91124546,5,
17018,exposure,Acclimation,1,3,3,400,400,Ipswich,3.078,2.058,Ipswich,20170427,Y,20170509,3,1,20170509,NA,12:30,NA,0,N,NA,Y,Y,Y,Y,3.36,1.29,0.54,2.07,-0.75,11.38,39.72,28.34,28.34,-12.78471562,-4.153578823,4.47389575,-29.79917704,0,
17019,exposure,Exposure,4,3,12,2800,2800,Rowley1-RR,3.974,2.059,Rowley,20170427,Y,20170822,155,9,20170822,11:00,11:03,11:07,0,N,N,Y,Y,Y,Y,7.09,1.29,1.997,5.8,0.707,NA,NA,NA,44.99,2.709414353,0.6817851919,5.498342431,24.71595006,1,Maybe dead/dying
17020,exposure,Exposure,3,3,9,900,900,Ipswich,3.755,2.099,Ipswich,20170427,Y,20170605,62,4,20170605,14:38,14:43,14:48,0,Y,NA,Y,Y,Y,Y,8.79,1.29,2.19,7.5,0.9,11.51,69.8,58.29,58.29,2.058672156,0.5482482441,7.395570397,32.05762316,1,Hole punched in tissue by syringe
17021,calcein,Calcein,2,2,5,400,400,Rowley2-Sawyers,5.776,1.715,Rowley2,20170427,Y,20170915,181,11,20170915,11:02,11:04,11:08,0,N,N,Y,Y,Y,N,5.15,1.3,NA,NA,NA,NA,NA,NA,37.533,#VALUE!,#VALUE!,3.788977008,#VALUE!,1,
17022,exposure,Exposure,4,3,12,2800,2800,Rowley1-RR,3.095,2.497,Rowley,20170427,Y,20170626,119,7,20170626,11:24,11:32,11:38,0,Y,NA,Y,Y,Y,Y,6.11,1.28,2.31,4.83,1.03,NA,NA,NA,52.629,4.05195838,1.309194953,6.809981348,37.05080317,3,
17023,exposure,Exposure,4,2,11,2800,2800,Ipswich,3.696,2.131,Ipswich,20170427,Y,20170605,72,4,20170605,13:15,13:21,13:25,0,N,NA,Y,Y,Y,Y,8.56,1.3,2.28,7.26,0.98,11.49,75.88,64.39,64.39,2.096384934,0.5672037159,8.175287094,34.91952838,0,
17024,exposure,Acclimation,1,2,2,400,400,Rowley2-Sawyers,3.052,1.726,Rowley2,20170427,Y,20170602,38,3,20170602,14:42,14:44,14:48,0,N,NA,Y,Y,Y,Y,5.29,1.3,1.83,3.99,0.53,11.42,41.48,30.06,30.06,4.41889821,1.447869663,5.706418981,23.09208829,4,
17025,exposure,Acclimation,4,1,10,2800,400,Rowley1-RR,3.199,2.193,Rowley,20170427,Y,20170517,28,2,20170517,14:52,15:07,15:10,0,N,NA,Y,Y,Y,N,7.56,1.31,2.23,6.25,0.92,11.4,49.96,38.56,38.56,3.817427386,1.19331897,5.49647369,34.73452718,3,
17026,exposure,Exposure,6,1,16,2800,2800,Ipswich,3.971,2.663,Ipswich,20170427,Y,20170606,88,5,20170606,10:42,10:48,10:53,0,N,NA,Y,Y,Y,Y,7.58,1.28,2.1,6.3,0.82,11.47,94.6,83.13,83.13,1.565725131,0.3942898845,7.861161653,25.21612366,4,"Damaged, possibly dying, deteriorating mantle"
17027,exposure,Exposure,3,2,8,900,900,Rowley2-Sawyers,3.352,1.465,Rowley2,20170427,Y,20170822,151,9,20170822,11:15,11:20,11:25,0,N,N,Y,Y,Y,Y,2.85,1.29,1.441,1.56,0.151,NA,NA,NA,22.123,4.375304967,1.305281912,4.505078726,6.814062771,3,
17028,exposure,Exposure,1,3,3,400,400,Rowley1-RR,3.448,2.196,Rowley,20170427,Y,20170626,111,7,20170626,13:16,13:27,13:31,0,Y,NA,Y,Y,Y,Y,4.41,1.29,1.85,3.12,0.56,NA,NA,NA,46.276,3.878623465,1.124890796,6.111618256,20.35111604,1,Pallial fluid probably contaminated with gut fluid
17029,exposure,Exposure,5,1,13,900,900,Ipswich,3.175,2.009,Ipswich,20170427,Y,20170822,156,9,20170822,13:24,13:29,13:32,0,N,N,Y,Y,Y,Y,5.36,1.29,2.058,4.07,0.768,NA,NA,NA,51.566,3.659345086,1.152549633,8.084250793,30.40880732,1,
17030,exposure,Exposure,5,1,13,900,900,Rowley2-Sawyers,4.619,2.022,Rowley2,20170501,Y,20170626,120,7,20170626,13:32,13:41,13:45,0,Y,NA,Y,Y,Y,Y,7.59,1.27,2.25,6.32,0.98,NA,NA,NA,34.559,4.486914874,0.9714039563,3.700258405,32.06723533,0,
17031,exposure,Exposure,5,1,13,900,900,Rowley1-RR,3.089,1.675,Rowley,20170427,Y,20170613,103,6,20170613,13:09,13:14,13:19,0,N,NA,Y,Y,Y,N,4,1.29,1.77,2.71,0.48,11.79,34.15,22.36,22.36,7.921367228,2.564379161,4.321545397,21.10206117,3,
17032,exposure,Exposure,3,2,8,900,900,Ipswich,4.055,2.135,Ipswich,20170427,Y,20170606,80,5,20170606,11:28,11:31,11:36,0,Y,NA,Y,Y,Y,Y,8.42,1.29,2.7,7.13,1.41,11.41,70.35,58.94,58.94,3.355208021,0.8274249126,6.808028946,47.92087548,3,
17033,calcein,Calcein,2,3,6,400,400,Rowley2-Sawyers,4.141,2.221,Rowley2,20170427,Y,20170915,183,11,20170915,10:25,10:26,10:32,0,N,N,Y,Y,Y,N,6.65,1.3,NA,NA,NA,NA,NA,NA,52.04,#VALUE!,#VALUE!,5.658267807,#VALUE!,5,Stabbed while shucking
17034,exposure,Acclimation,5,1,13,900,400,Rowley1-RR,3.355,1.933,Rowley,20170427,Y,20170517,31,2,20170517,14:06,14:20,14:25,0,Y,NA,Y,Y,Y,N,5.28,1.3,1.98,3.98,0.68,11.38,53.04,41.66,41.66,4.101158698,1.222401996,6.42384254,26.70218026,1,
17035,exposure,Acclimation,5,3,15,900,400,Ipswich,3.569,1.962,Ipswich,20170427,Y,20170509,15,1,20170509,NA,15:20,NA,0,N,NA,Y,Y,Y,Y,4.59,1.3,0.54,3.29,-0.76,11.38,48.94,37.56,37.56,-6.150240669,-1.72323919,5.363892095,-28.72042199,0,
17036,exposure,Exposure,4,3,12,2800,2800,Rowley2-Sawyers,2.36,2.144,Rowley2,20170427,Y,20170606,84,5,20170606,11:18,11:27,11:30,0,N,NA,Y,Y,Y,Y,4.57,1.29,1.86,3.28,0.57,12.03,44.8,32.77,32.77,5.303035942,2.247049128,6.476489375,25.33999143,4,
17037,exposure,Acclimation,1,2,2,400,400,Ipswich,3.809,2.541,Ipswich,20170427,Y,20170517,20,2,20170517,14:42,14:54,14:59,0,Y,NA,Y,Y,Y,Y,9.4,1.27,2.61,8.13,1.34,11.34,92.83,81.49,81.49,2.022599684,0.5310054302,8.419546117,43.07219253,1,
17038,calcein,Calcein,5,3,15,900,900,Rowley2-Sawyers,5.328,2.137,Rowley2,20170427,Y,20170915,199,11,20170915,14:56,14:57,14:59,0,N,N,Y,Y,Y,N,8.23,1.28,NA,NA,NA,NA,NA,NA,53.315,#VALUE!,#VALUE!,4.682531151,#VALUE!,1,
17039,calcein,Calcein,3,3,9,900,900,Rowley1-RR,3.245,2.115,Rowley,20170427,Y,20170915,189,11,20170915,13:24,13:25,13:28,0,N,N,Y,Y,Y,N,4.49,1.28,NA,NA,NA,NA,NA,NA,32.435,#VALUE!,#VALUE!,4.72594681,#VALUE!,0,
17040,exposure,Exposure,4,2,11,2800,2800,Ipswich,4.415,2.609,Ipswich,20170427,Y,20170606,83,5,20170606,13:35,13:47,13:50,0,N,NA,Y,Y,Y,Y,13.88,1.31,2.64,12.57,1.33,11.53,97.61,86.08,86.08,1.229176093,0.2784090812,7.47304283,39.18765243,2,
17041,exposure,Exposure,6,3,18,2800,2800,Rowley2-Sawyers,5,2.127,Rowley2,20170427,Y,20170724,144,8,20170724,14:58,15:05,15:08,0,N,N,Y,Y,Y,Y,9.73,1.29,2.509,8.44,1.219,NA,NA,NA,69.807,2.069008547,0.4138017093,6.563892807,37.37962658,3,
17042,exposure,Exposure,5,1,13,900,900,Rowley1-RR,2.806,1.971,Rowley,20170427,Y,20170724,139,8,20170724,12:41,13:19,13:22,0,N,N,Y,Y,Y,Y,4.83,1.29,1.828,3.54,0.538,NA,NA,NA,38.212,3.977216611,1.417397224,6.909163628,22.87679235,2,
17043,exposure,Exposure,1,2,2,400,400,Ipswich,3.321,2.205,Ipswich,20170427,Y,20170822,163,10,20170824,10:44,10:54,10:58,0,N,N,Y,Y,Y,Y,6.08,1.27,2.214,4.81,0.944,NA,NA,NA,45.265,4.335751602,1.305556038,6.181374487,34.8845608,5,
17044,calcein,DEAD,4,2,11,2800,2800,Rowley2-Sawyers,3.673,1.949,Rowley2,20170427,N,NA,NA,NA,NA,NA,NA,NA,NA,NA,NA,NA,NA,NA,NA,NA,NA,NA,NA,NA,NA,NA,NA,NA,#VALUE!,#VALUE!,#VALUE!,#VALUE!,NA,
17045,exposure,Exposure,6,2,17,2800,2800,Rowley1-RR,4.087,2.017,Rowley,20170427,Y,20170606,89,5,20170606,14:01,14:06,14:11,0,N,NA,Y,Y,Y,Y,3.75,1.29,1.7,2.46,0.41,11.46,74.43,62.97,62.97,2.646763009,0.6476053361,7.638765138,14.28001254,1,
17046,exposure,Acclimation,3,1,7,900,400,Ipswich,4.732,2.08,Ipswich,20170427,Y,20170602,43,3,20170602,11:44,11:51,11:56,0,N,NA,Y,Y,Y,Y,8.04,1.31,2.18,6.73,0.87,11.53,84.87,73.34,73.34,1.762638625,0.3724933697,7.451313479,27.73097997,2,
17047,exposure,Acclimation,6,1,16,2800,400,Rowley2-Sawyers,4.089,1.414,Rowley2,20170427,Y,20170509,16,1,20170509,NA,11:55,NA,0,Y,NA,Y,Y,Y,Y,4.57,1.29,0.81,3.28,-0.48,6.62,36.89,30.27,30.27,-4.834537939,-1.182327694,5.23535217,-19.96218046,0,Stabbed while shucking
17048,exposure,Exposure,5,3,15,900,900,Rowley1-RR,3.854,1.968,Rowley,20170427,Y,20170626,122,7,20170626,13:53,13:56,14:01,0,Y,NA,Y,Y,Y,Y,6.84,1.28,2.03,5.56,0.75,NA,NA,NA,49.155,2.744219028,0.7120443768,6.480833977,27.2328354,2,Sickly looking
17049,exposure,Exposure,2,2,5,400,400,Ipswich,4.7,2.283,Ipswich,20170427,Y,20170605,71,4,20170605,15:04,15:12,15:16,0,Y,NA,Y,Y,Y,Y,13.29,1.3,3.19,11.99,1.89,11.45,114.13,102.68,102.68,1.535171012,0.3266321301,9.569342317,57.69788842,3,Fell to ground while open
17050,exposure,Exposure,6,3,18,2800,2800,Rowley2-Sawyers,4.35,2.097,Rowley2,20170427,Y,20170606,90,5,20170606,11:39,11:44,11:49,0,Y,NA,Y,Y,Y,Y,8.54,1.29,2.66,7.25,1.37,11.41,71.12,59.71,59.71,3.164721441,0.7275221703,6.545749538,45.36038411,4,"Stabbed while shucking, maybe also by syringe"
17051,exposure,Exposure,1,3,3,400,400,Rowley1-RR,3.495,2.27,Rowley,20170427,Y,20170822,164,10,20170824,12:22,12:28,12:32,0,N,N,Y,Y,Y,Y,4.99,1.28,2.0332,3.71,0.7532,NA,NA,NA,38.272,5.304631792,1.517777337,4.824009126,26.74076286,2,
17052,exposure,Exposure,2,2,5,400,400,Ipswich,3.968,2.338,Ipswich,20170427,Y,20170724,131,8,20170724,14:28,14:34,14:38,0,N,N,Y,Y,Y,Y,5.34,1.28,1.863,4.06,0.583,NA,NA,NA,60.045,2.391474046,0.6026900318,6.472330397,19.14081693,3,Sickly looking
17053,exposure,Exposure,4,1,10,2800,2800,Rowley2-Sawyers,3.676,1.75,Rowley2,20170427,Y,20170626,118,7,20170626,13:58,14:06,14:10,0,N,NA,Y,Y,Y,Y,5.09,1.28,1.73,3.81,0.45,NA,NA,NA,25.27,4.673930994,1.271471979,3.928182807,17.74212922,3,
17054,exposure,Exposure,4,3,12,2800,2800,Rowley1-RR,3.435,2.719,Rowley,20170427,Y,20170605,64,4,20170605,16:10,16:21,16:25,0,Y,NA,Y,Y,Y,Y,11.73,1.3,2.61,10.43,1.31,11.6,121.12,109.52,109.52,1.146815495,0.3338618616,11.7262051,42.86504867,1,
17055,exposure,Acclimation,1,3,3,400,400,Rowley2-Sawyers,5.059,2.157,Rowley2,20170427,Y,20170517,21,2,20170517,11:34,11:49,11:56,0,Y,NA,Y,Y,Y,Y,9.44,1.28,2.34,8.16,1.06,11.41,102.29,90.88,90.88,1.42937897,0.2825418007,8.328245021,32.08842884,1,Yellow P2
17056,exposure,Acclimation,6,3,18,2800,400,Rowley1-RR,3.172,2.095,Rowley,20170427,Y,20170602,54,3,20170602,11:26,11:33,11:38,0,N,NA,Y,Y,Y,Y,7.87,1.29,2.35,6.58,1.06,11.39,56.52,45.13,45.13,3.569559604,1.125334049,6.791225129,41.11944671,2,
17057,calcein,Calcein,4,1,10,2800,2800,Ipswich,4,1.834,Ipswich,20170427,Y,20170915,191,11,20170915,13:55,13:56,14:00,0,N,N,Y,Y,Y,N,5.28,1.3,NA,NA,NA,NA,NA,NA,51.212,#VALUE!,#VALUE!,6.980916031,#VALUE!,2,
17058,calcein,Calcein,4,1,10,2800,2800,Rowley2-Sawyers,3.74,2.25,Rowley2,20170427,Y,20170915,192,11,20170915,14:32,14:33,14:36,0,N,N,Y,Y,Y,N,5.27,1.29,NA,NA,NA,NA,NA,NA,36.622,#VALUE!,#VALUE!,4.351990493,#VALUE!,2,
17059,exposure,Acclimation,2,1,4,400,400,Rowley1-RR,4.677,2.263,Rowley,20170427,Y,20170517,22,2,20170517,13:35,13:47,13:52,0,Y,NA,Y,Y,Y,Y,5.8,1.28,1.86,4.52,0.58,11.41,66.93,55.52,55.52,2.31121369,0.494165852,5.245628541,17.82797562,4,
17060,exposure,Acclimation,1,2,2,400,400,Rowley1-RR,3.164,2.044,Rowley,20170427,Y,20170509,2,1,20170509,NA,13:04,NA,0,N,NA,Y,Y,Y,Y,3.2,1.28,0.5,1.92,-0.78,6.64,55.22,48.58,48.58,-8.362494854,-2.643013544,7.511733024,-30.67156382,4,
17061,exposure,Exposure,1,3,3,400,400,Rowley2-Sawyers,3.739,2.289,Rowley2,20170427,Y,20170606,75,5,20170606,13:29,13:35,13:38,0,N,NA,Y,Y,Y,Y,8.63,1.28,2.24,7.35,0.96,11.46,72.56,61.1,61.1,2.137679949,0.5717250466,7.139042254,32.81486366,0,
17062,exposure,Exposure,2,1,4,400,400,Rowley1-RR,5.895,1.812,Rowley,20170427,Y,20170822,165,10,20170824,10:15,10:20,10:23,0,N,N,Y,Y,Y,Y,6.56,1.28,2.099,5.28,0.819,NA,NA,NA,68.98,2.248675505,0.3814547083,6.457749393,25.05895178,4,
17063,exposure,Acclimation,4,3,12,2800,400,Ipswich,3.654,2.2,Ipswich,20170427,Y,20170509,12,1,20170509,NA,15:06,NA,0,N,NA,Y,Y,Y,Y,8.34,1.31,1.21,7.03,-0.1,11.31,60.43,49.12,49.12,-0.2895918377,-0.07925337649,6.110364731,-3.526991297,5,
17064,exposure,Acclimation,3,2,8,900,400,Rowley2-Sawyers,6.031,2.322,Rowley2,20170427,Y,20170602,44,3,20170602,14:08,14:17,14:23,0,Y,NA,Y,Y,Y,Y,11,1.3,2.79,9.7,1.49,11.71,110.63,98.92,98.92,1.55285329,0.2574785757,7.063705166,39.81626301,1,Returned to tank temporarily before shucking
17065,exposure,Exposure,5,1,13,900,900,Rowley1-RR,3.566,2.058,Rowley,20170427,Y,20170606,85,5,20170606,11:32,11:38,11:41,0,N,NA,Y,Y,Y,Y,6.12,1.29,2.2,4.83,0.91,11.48,63.18,51.7,51.7,3.64421271,1.021932897,7.044721582,33.59139484,3,
17066,exposure,Exposure,6,3,18,2800,2800,Rowley1-RR,5.322,2.794,Rowley,20170427,Y,20170605,70,4,20170605,16:15,16:30,16:35,0,Y,NA,Y,Y,Y,Y,14.58,1.27,2.82,13.31,1.55,11.46,105.02,93.56,93.56,1.244696389,0.2338775627,6.292003292,40.19583568,2,Returned to tank temporarily before shucking
17067,exposure,Acclimation,2,1,4,400,400,Rowley2-Sawyers,4.36,1.74,Rowley2,20170427,Y,20170509,4,1,20170509,NA,10:25,NA,0,Y,NA,Y,N,Y,Y,4.21,1.29,0.75,2.92,-0.54,6.63,36.39,29.76,29.76,-6.214096332,-1.425251452,3.922809238,-19.60540829,0,
17068,exposure,Exposure,2,2,5,400,400,Rowley1-RR,4.754,1.93,Rowley,20170427,Y,20170822,166,10,20170824,10:59,11:02,11:06,0,N,N,Y,Y,Y,Y,8.94,1.26,2.211,7.68,0.951,NA,NA,NA,67.666,1.82999032,0.3849369626,7.374864036,31.39585204,3,
17069,exposure,Exposure,1,1,1,400,400,Ipswich,4.999,2.539,Ipswich,20170427,Y,20170613,91,6,20170613,13:15,13:20,13:25,0,N,NA,Y,Y,Y,Y,8.74,1.27,2.31,7.47,1.04,11.51,111.65,100.14,100.14,1.390289204,0.2781134635,7.889722884,29.19176946,NA,
17070,exposure,Exposure,1,2,2,400,400,Rowley2-Sawyers,4.804,2.232,Rowley2,20170427,Y,20170613,92,6,20170613,11:03,11:11,11:15,0,Y,NA,Y,Y,Y,N,9.62,1.3,2.55,8.32,1.25,11.58,58.81,47.23,47.23,3.18103715,0.6621642695,4.404744851,38.17345058,3,
17071,calcein,DEAD,5,2,14,900,900,Ipswich,4.411,2.275,Ipswich,20170427,N,NA,NA,NA,NA,NA,NA,NA,NA,NA,NA,NA,NA,NA,NA,NA,NA,NA,NA,NA,NA,NA,NA,NA,#VALUE!,#VALUE!,#VALUE!,#VALUE!,1,
17072,exposure,Exposure,4,3,12,2800,2800,Rowley1-RR,4.074,2.292,Rowley,20170427,Y,20170613,102,6,20170613,13:51,13:57,14:02,0,Y,NA,Y,Y,Y,Y,9.19,1.28,2.71,7.91,1.43,11.51,85.24,73.73,73.73,2.451970947,0.6018583572,7.896026477,46.79702216,1,Returned to tank temporarily before shucking
17073,calcein,Calcein,3,2,8,900,900,Rowley1-RR,4.812,2.395,Rowley,20170427,Y,20170915,186,11,20170915,11:11,11:13,11:17,0,N,N,Y,Y,Y,N,4.41,1.28,NA,NA,NA,NA,NA,NA,76.912,#VALUE!,#VALUE!,6.673642963,#VALUE!,0,
17074,calcein,Calcein,1,3,3,400,400,Ipswich,4.014,2.19,Ipswich,20170427,Y,20170915,178,11,20170915,10:53,10:54,10:58,0,N,N,Y,Y,Y,N,8.57,1.29,NA,NA,NA,NA,NA,NA,74.428,#VALUE!,#VALUE!,8.466713535,#VALUE!,5,
17075,exposure,Exposure,3,1,7,900,900,Rowley2-Sawyers,5.77,1.955,Rowley2,20170427,Y,20170626,115,7,20170626,10:36,10:50,10:57,0,Y,NA,Y,Y,Y,Y,10.9,1.28,2.54,9.62,1.26,NA,NA,NA,65.044,2.013669685,0.3489895468,5.766133143,37.51537204,1,
17076,exposure,Acclimation,6,1,16,2800,400,Rowley1-RR,3.584,2.369,Rowley,20170427,Y,20170517,34,2,20170517,14:17,14:28,14:34,2,Y,Y,Y,Y,Y,Y,9.68,1.29,2.67,8.39,1.38,11.3,73.39,62.09,62.09,2.64908239,0.739141292,7.312882545,47.36009398,1,
17077,exposure,Acclimation,1,1,1,400,400,Ipswich,3.711,1.845,Ipswich,20170427,Y,20170602,37,3,20170602,10:37,10:42,10:52,0,N,NA,Y,Y,Y,Y,7.97,1.28,2.08,6.69,0.8,11.49,49.31,37.82,37.82,3.161857876,0.852023141,5.523752354,30.57358207,3,
17078,exposure,Acclimation,4,2,11,2800,400,Rowley2-Sawyers,5.517,2.425,Rowley2,20170427,Y,20170602,47,3,20170602,11:07,11:18,11:24,0,Y,NA,Y,Y,Y,Y,10.19,1.29,2.56,8.9,1.27,11.62,126.13,114.51,114.51,1.246149936,0.225874558,8.559111575,34.7213304,3,
17079,exposure,Exposure,2,3,6,400,400,Rowley1-RR,3.777,2.532,Rowley,20170427,Y,20170822,149,9,20170822,10:11,10:22,10:29,0,N,N,Y,Y,Y,Y,4.72,1.29,1.904,3.43,0.614,NA,NA,NA,61.797,2.896722274,0.7669373243,6.461847526,19.85468623,3,
17080,exposure,Exposure,5,2,14,900,900,Ipswich,3.322,2.372,Ipswich,20170427,Y,20170606,86,5,20170606,10:54,11:04,11:07,0,N,NA,Y,Y,Y,Y,6.51,1.3,1.89,5.21,0.59,11.45,71.51,60.06,60.06,1.885510523,0.5675829388,7.62203634,21.01816781,1,
17081,calcein,Calcein,2,1,4,400,400,Rowley2-Sawyers,7.7,2.131,Rowley2,20170427,Y,20170915,180,11,20170915,12:32,12:34,12:40,0,N,N,Y,Y,Y,N,6.08,1.3,NA,NA,NA,NA,NA,NA,116.542,#VALUE!,#VALUE!,7.102451748,#VALUE!,4,
17082,exposure,Exposure,3,3,9,900,900,Rowley1-RR,3.922,2.529,Rowley,20170427,Y,20170822,152,9,20170822,1036,10:38,10:44,0,N,N,Y,Y,Y,Y,5.46,1.28,1.849,4.18,0.569,NA,NA,NA,55.286,2.46218576,0.627788312,5.573894582,18.06691732,1,
17083,exposure,Acclimation,5,2,14,900,400,Ipswich,3.301,2.329,Ipswich,20170427,Y,20170517,32,2,20170517,14:33,14:45,14:50,1,Y,NA,Y,Y,Y,Y,8.59,1.31,2.23,7.28,0.92,11.45,89.37,77.92,77.92,1.621838121,0.4913172132,10.13523752,33.18030096,2,
17084,exposure,Acclimation,4,3,12,2800,400,Rowley2-Sawyers,4.456,2.248,Rowley2,20170427,Y,20170517,30,2,20170517,11:23,11:37,11:43,0,Y,NA,Y,Y,Y,Y,6.36,1.29,2.06,5.07,0.77,11.46,71.17,59.71,59.71,2.54352315,0.5708086063,5.960814161,24.32876036,3,
17085,exposure,Exposure,6,1,16,2800,2800,Rowley1-RR,6.1,1.844,Rowley,20170427,Y,20170724,142,8,20170724,14:33,14:41,14:44,0,N,N,Y,Y,Y,Y,8.08,1.31,2.231,6.77,0.921,NA,NA,NA,77.076,1.765028789,0.2893489818,6.852174531,27.46086761,2,
17086,exposure,Acclimation,5,1,13,900,400,Ipswich,3.55,2.197,Ipswich,20170427,Y,20170602,49,3,20170602,11:18,11:26,11:31,0,N,NA,Y,Y,Y,Y,9.16,1.29,2.21,7.87,0.92,11.62,64.75,53.13,53.13,2.20025633,0.6197905155,6.812106137,32.94265685,5,Stabbed while shucking
17087,calcein,DEAD,6,1,16,2800,2800,Rowley2-Sawyers,4.227,2.017,Rowley2,20170427,N,NA,NA,NA,NA,NA,NA,NA,NA,NA,NA,NA,NA,NA,NA,NA,NA,NA,NA,NA,NA,NA,NA,NA,#VALUE!,#VALUE!,#VALUE!,#VALUE!,4,
17088,calcein,Calcein,3,3,9,900,900,Ipswich,4.564,2.376,Ipswich,20170427,Y,20170915,190,11,20170915,14:20,14:21,14:22,0,N,N,Y,Y,Y,N,4.91,1.29,NA,NA,NA,NA,NA,NA,59.337,#VALUE!,#VALUE!,5.471841553,#VALUE!,2,
17089,exposure,Exposure,2,3,6,400,400,Rowley1-RR,2.875,1.639,Rowley,20170427,Y,20170822,167,10,20170824,12:08,12:17,12:22,0,N,N,Y,Y,Y,Y,2.95,1.28,1.555,1.67,0.275,NA,NA,NA,25.869,6.365559499,2.214107652,5.489879831,12.66847365,4,
17090,exposure,Exposure,6,2,17,2800,2800,Rowley2-Sawyers,5.49,2.316,Rowley2,20170427,Y,20170613,107,6,20170613,14:29,14:33,14:39,0,Y,NA,Y,Y,Y,Y,13.03,1.29,2.53,11.74,1.24,11.57,66.52,54.95,54.95,1.922143872,0.350117281,4.321721705,34.77492767,1,
17091,calcein,Calcein,2,2,5,400,400,Ipswich,3.351,2.355,Ipswich,20170427,Y,20170915,182,11,20170915,14:38,14:39,14:41,0,N,N,Y,Y,Y,N,9.48,1.29,NA,NA,NA,NA,NA,NA,43.338,#VALUE!,#VALUE!,5.491658541,#VALUE!,4,
17092,exposure,Acclimation,3,1,7,900,400,Rowley2-Sawyers,5.489,2.413,Rowley2,20170427,Y,20170509,7,1,20170509,NA,10:45,NA,0,N,NA,Y,Y,Y,Y,11.52,1.31,1.83,10.21,0.52,6.67,51.59,44.92,44.92,1.133803658,0.2065592382,3.391479489,14.28821798,0,
17093,exposure,Exposure,3,3,9,900,900,Rowley1-RR,4.47,2.838,Rowley,20170427,Y,20170613,99,6,20170613,11:35,11:41,11:46,0,N,NA,Y,Y,Y,Y,9.07,1.28,2.53,7.79,1.25,11.41,206.79,195.38,195.38,0.8212822752,0.1837320526,15.40139967,35.09538862,1,
17094,exposure,Exposure,6,2,17,2800,2800,Ipswich,5.072,2.536,Ipswich,20170427,Y,20170822,160,9,20170822,13:32,13:35,13:43,2,Y,N,Y,Y,Y,Y,14.57,1.28,3.652,13.29,2.372,NA,NA,NA,101.019,1.766796941,0.3483432455,7.853704759,66.13790556,4,
17095,exposure,Exposure,1,1,1,400,400,Rowley2-Sawyers,5.149,3.013,Rowley2,20170427,Y,20170626,109,7,20170626,13:11,13:19,13:23,0,Y,NA,Y,Y,Y,Y,10.53,1.29,2.31,9.24,1.02,NA,NA,NA,106.978,1.031890766,0.2004060529,6.895606189,25.89638601,1,
17096,exposure,Acclimation,4,3,12,2800,400,Rowley1-RR,3.772,2.036,Rowley,20170427,Y,20170602,48,3,20170602,13:52,13:58,14:04,0,Y,NA,Y,Y,Y,Y,7.7,1.28,2.48,6.42,1.2,11.48,53.31,41.83,41.83,4.468464926,1.184640754,5.4467621,43.30185657,4,Some shell still attached to soft tissue (corrected)
17097,exposure,Acclimation,6,1,16,2800,400,Ipswich,3.765,2.13,Ipswich,20170427,Y,20170602,52,3,20170602,14:56,15:03,15:08,0,Y,NA,Y,Y,Y,Y,9.83,1.29,2.46,8.54,1.17,11.5,68.46,56.96,56.96,2.405237744,0.6388413664,7.102731484,41.31555297,1,Low P2 volume
17098,exposure,Exposure,4,1,10,2800,2800,Rowley2-Sawyers,4.453,2.251,Rowley2,20170427,Y,20170605,63,4,20170605,13:21,13:29,13:33,0,N,NA,Y,Y,Y,Y,6.13,1.28,1.81,4.85,0.53,11.4,76.51,65.11,65.11,1.678365082,0.3769065983,6.495603471,16.74024364,1,"Different order sampled: DM, then gills, then M1/M2"
17099,exposure,Exposure,1,3,3,400,400,Rowley1-RR,3.245,2.115,Rowley,20170427,Y,20170822,146,9,20170822,13:38,13:46,13:51,0,N,N,Y,Y,Y,Y,9.28,1.29,2.169,7.99,0.879,NA,NA,NA,85.934,1.280197776,0.3945139524,12.52102708,33.5526123,4,
17100,calcein,DEAD,5,1,13,900,900,Ipswich,3.576,2.41,Ipswich,20170427,N,NA,NA,NA,NA,NA,NA,NA,NA,NA,NA,NA,NA,NA,NA,NA,NA,NA,NA,NA,NA,NA,NA,NA,#VALUE!,#VALUE!,#VALUE!,#VALUE!,4,
17101,exposure,DEAD,6,2,17,2800,2800,Rowley2-Sawyers,5.036,1.851,Rowley2,20170427,N,NA,NA,NA,NA,NA,NA,NA,NA,NA,NA,NA,NA,NA,NA,NA,NA,NA,NA,NA,NA,NA,NA,NA,#VALUE!,#VALUE!,#VALUE!,#VALUE!,3,
17102,exposure,DEAD,1,1,1,400,400,Rowley1-RR,3.428,1.361,Rowley,20170427,N,NA,NA,NA,NA,NA,NA,NA,NA,NA,NA,NA,NA,NA,NA,NA,NA,NA,NA,NA,NA,NA,NA,NA,#VALUE!,#VALUE!,#VALUE!,#VALUE!,3,See photo for G1 maturity
17103,exposure,Acclimation,3,2,8,900,400,Rowley1-RR,3.725,1.73,Rowley,20170427,Y,20170509,8,1,20170509,NA,13:42,NA,0,N,NA,Y,Y,Y,Y,4.6,1.29,0.98,3.31,-0.31,6.69,40.25,33.56,33.56,-2.790690975,-0.7491787853,5.207743337,-12.21168249,4,
17104,exposure,Exposure,2,3,6,400,400,Rowley2-Sawyers,3.947,1.813,Rowley2,20170427,Y,20170606,78,5,20170606,13:51,14:00,14:03,0,N,NA,Y,Y,Y,Y,7.24,1.29,2.19,5.95,0.9,11.56,47.7,36.14,36.14,4.185404101,1.060401343,5.050370246,33.64418747,1,
17105,calcein,Calcein,1,2,2,400,400,Ipswich,5.003,3.037,Ipswich,20170427,Y,20170915,177,11,20170915,13:16,13:18,13:21,0,N,N,Y,Y,Y,N,13.24,130,NA,NA,NA,NA,NA,NA,100.92,#VALUE!,#VALUE!,6.64204704,#VALUE!,3,Stabbed shucking
17106,exposure,Exposure,5,2,14,900,900,Ipswich,3.801,2.507,Ipswich,20170427,Y,20170724,140,8,20170724,14:17,14:22,14:25,0,N,N,Y,Y,Y,Y,7.49,1.29,2.036,6.2,0.746,NA,NA,NA,86.175,1.396258551,0.3673397925,9.043344775,24.16644263,5,
17107,exposure,Acclimation,6,3,18,2800,400,Rowley2-Sawyers,4.822,2.066,Rowley2,20170427,Y,20170517,36,2,20170517,11:44,11:58,12:07,2,Y,NA,Y,Y,Y,Y,11.29,1.29,2.54,10,1.25,11.35,70.14,58.79,58.79,2.126211941,0.4409398467,5.901276137,39.60328867,4,
17108,exposure,Exposure,6,3,18,2800,2800,Ipswich,4.055,2.132,Ipswich,20170427,Y,20170613,108,6,20170613,10:46,10:58,11:03,0,N,NA,Y,Y,Y,Y,8.12,1.29,2.35,6.83,1.06,11.46,57.27,45.81,45.81,3.387855433,0.8354760624,5.298857409,36.05096015,3,
17109,exposure,Acclimation,2,2,5,400,400,Rowley2-Sawyers,3.836,2.536,Rowley2,20170427,Y,20170602,41,3,20170602,10:49,10:55,11:01,0,N,NA,Y,Y,Y,Y,8.57,1.3,2.49,7.27,1.19,11.61,98.13,86.52,86.52,1.891890689,0.4931936102,8.893826706,38.15338171,3,
17110,exposure,Exposure,4,2,11,2800,2800,Ipswich,4.02,2.471,Ipswich,20170427,Y,20170626,126,7,20170626,14:13,14:19,14:24,0,Y,NA,Y,Y,Y,Y,9.6,1.3,1.92,8.3,0.62,NA,NA,NA,81.184,0.9201172051,0.2288848769,8.1728146,19.67171801,1,
17111,exposure,Exposure,2,1,4,400,400,Rowley1-RR,3.09,1.701,Rowley,20170427,Y,20170724,130,8,20170724,13:20,13:29,13:33,0,N,N,Y,Y,Y,Y,3.83,1.31,1.723,2.52,0.413,NA,NA,NA,31.784,5.156333026,1.66871619,6.047080625,18.01435244,5,Stabbed by syringe
17112,exposure,Acclimation,1,1,1,400,400,Rowley2-Sawyers,5.379,2.046,Rowley2,20170427,Y,20170509,1,1,20170509,NA,9:44,NA,0,Y,NA,Y,Y,Y,Y,6.36,1.28,1.37,5.08,0.09,6.82,75.83,69.01,69.01,0.2567241767,0.04772711967,6.270538718,2.71293209,0,
17113,exposure,Exposure,1,1,1,400,400,Rowley1-RR,3.428,1.361,Rowley,20170427,Y,20170724,127,8,20170724,14:05,14:09,14:12,0,N,N,Y,Y,Y,Y,5.87,1.3,2.093,4.57,0.793,NA,NA,NA,51.089,3.396484095,0.9908063288,10.95036168,36.71332494,1,
17114,exposure,Exposure,6,2,17,2800,2800,Ipswich,3.992,1.934,Ipswich,20170427,Y,20170626,124,7,20170626,14:08,14:12,14:16,0,Y,NA,Y,Y,Y,Y,7.42,1.28,1.82,6.14,0.54,NA,NA,NA,49.779,1.766766764,0.4425768446,6.447616018,19.43436069,1,
17115,calcein,Calcein,1,2,2,400,400,Rowley2-Sawyers,4.656,1.808,Rowley2,20170427,Y,20170915,176,11,20170915,10:35,10:37,10:40,0,N,N,Y,Y,Y,N,5.11,1.31,NA,NA,NA,NA,NA,NA,56.412,#VALUE!,#VALUE!,6.70131603,#VALUE!,2,
17116,exposure,Exposure,3,2,8,900,900,Rowley1-RR,3.69,2.401,Rowley,20170427,Y,20170626,116,7,20170626,13:40,13:47,13:51,0,Y,NA,Y,Y,Y,Y,5.69,1.29,1.92,4.4,0.63,NA,NA,NA,72.33,1.979563365,0.5364670366,8.163942531,21.16563421,2,
17117,exposure,Exposure,2,2,5,400,400,Ipswich,5.018,2.397,Ipswich,20170427,Y,20170606,77,5,20170606,11:03,11:11,11:16,0,N,NA,Y,Y,Y,N,12.52,1.3,3.04,11.22,1.74,11.44,106.08,94.64,94.64,1.63863286,0.3265509885,7.868211776,50.17067023,3,"Maybe dying, detached from shell"
17118,calcein,Calcein,1,1,1,400,400,Rowley2-Sawyers,7.3,2.264,Rowley2,20170427,Y,20170915,174,11,20170915,12:42,12:45,12:49,0,N,N,Y,Y,Y,N,6.23,1.29,NA,NA,NA,NA,NA,NA,83.622,#VALUE!,#VALUE!,5.059659228,#VALUE!,3,"Maybe dying, detached from shell"
17119,exposure,Exposure,1,3,3,400,400,Ipswich,5.387,2.004,Ipswich,20170427,Y,20170605,57,4,20170605,15:08,15:19,15:24,0,Y,NA,Y,Y,Y,Y,11.24,1.3,2.35,9.94,1.05,11.4,83.37,71.97,71.97,1.467747712,0.2724610566,6.666637025,31.95706991,1,
17120,exposure,Exposure,3,1,7,900,900,Rowley1-RR,3.187,2.04,Rowley,20170427,Y,20170724,133,8,20170724,14:22,14:28,14:30,0,N,N,Y,Y,Y,Y,4.64,1.3,1.631,3.34,0.331,NA,NA,NA,36.703,2.700100711,0.847223317,5.645329986,12.98141035,2,
17121,exposure,Acclimation,3,3,9,900,400,Rowley2-Sawyers,5.483,1.781,Rowley2,20170427,Y,20170517,27,2,20170517,12:08,12:19,12:25,0,Y,NA,Y,Y,Y,Y,9.03,1.29,2.12,7.74,0.83,NA,NA,NA,54.789,1.957238535,0.3569648979,5.61062456,26.56054669,0,
17122,exposure,Exposure,4,1,10,2800,2800,Ipswich,3.405,2.333,Ipswich,20170427,Y,20170613,100,6,20170613,14:35,14:42,14:46,0,Y,NA,Y,Y,Y,Y,9.1,1.27,2.63,7.83,1.36,11.47,57.48,46.01,46.01,3.775069166,1.108684043,5.791890975,48.25285126,4,Valve came off
17123,exposure,Exposure,4,2,11,2800,2800,Rowley1-RR,3.764,2.533,Rowley,20170427,Y,20170822,168,10,20170824,10:26,10:31,10:35,0,N,N,Y,Y,Y,Y,7.22,1.28,2.135,5.94,0.855,NA,NA,NA,59.725,2.410035897,0.6402858387,6.264282774,27.69004825,0,
17124,exposure,Acclimation,5,3,15,900,400,Rowley2-Sawyers,4.348,1.849,Rowley2,20170427,Y,20170517,33,2,20170517,11:55,12:09,12:15,0,Y,NA,Y,Y,Y,Y,8.19,1.29,2.43,6.9,1.14,11.59,59.38,47.79,47.79,3.457154034,0.7951136234,5.944435019,40.20607033,0,
17125,exposure,DEAD,5,2,14,900,900,Ipswich,3.801,2.507,Ipswich,20170427,N,NA,NA,NA,NA,NA,NA,NA,NA,NA,NA,NA,NA,NA,NA,NA,NA,NA,NA,NA,NA,NA,NA,NA,#VALUE!,#VALUE!,#VALUE!,#VALUE!,0,Not looking healthy
17126,exposure,Exposure,4,3,12,2800,2800,Rowley1-RR,4.139,2.324,Rowley,20170427,Y,20170822,169,10,20170824,11:58,12:00,12:04,0,N,N,Y,Y,Y,Y,2.81,1.29,1.479,1.52,0.189,NA,NA,NA,45.999,2.703148009,0.6530920534,4.782080034,6.093909905,2,
17127,exposure,Acclimation,3,3,9,900,400,Rowley1-RR,3.769,2.131,Rowley,20170427,Y,20170602,45,3,20170602,10:53,11:02,11:08,0,N,NA,Y,Y,Y,Y,8.2,1.28,2.12,6.92,0.84,11.54,79.45,67.91,67.91,1.787472879,0.4742565347,8.455205031,29.63974702,2,
17128,calcein,DEAD,3,1,7,900,900,Ipswich,3.403,2.065,Ipswich,20170427,N,NA,NA,NA,NA,NA,NA,NA,NA,NA,NA,NA,NA,NA,NA,NA,NA,NA,NA,NA,NA,NA,NA,NA,#VALUE!,#VALUE!,#VALUE!,#VALUE!,2,
17129,exposure,Exposure,4,3,12,2800,2800,Rowley2-Sawyers,4.381,2.201,Rowley2,20170427,Y,20170724,138,8,20170724,13:56,14:03,14:08,0,N,N,Y,Y,Y,Y,3.69,1.28,1.635,2.41,0.355,NA,NA,NA,NA,#VALUE!,#VALUE!,#VALUE!,11.43224979,NA,
17130,exposure,Exposure,6,3,18,2800,2800,Rowley1-RR,2.672,1.977,Rowley,20170427,Y,20170822,161,9,20170822,14:02,14:08,14:12,0,N,N,Y,Y,Y,Y,2.89,1.28,1.579,1.61,0.299,NA,NA,NA,21.806,8.516659897,3.187372716,4.127935328,13.00917113,1,Stabbed while shucking
17131,exposure,Exposure,6,2,17,2800,2800,Ipswich,3.983,1.8,Ipswich,20170427,Y,20170605,69,4,20170605,13:09,13:14,13:19,0,N,NA,Y,Y,Y,Y,4.25,1.28,1.69,2.97,0.41,11.35,48.84,37.49,37.49,3.682238945,0.9244888137,5.22916841,15.31237128,2,
17132,calcein,DEAD,6,2,17,2800,2800,Rowley2-Sawyers,3.239,1.513,Rowley2,20170427,N,NA,NA,NA,NA,NA,NA,NA,NA,NA,NA,NA,NA,NA,NA,NA,NA,NA,NA,NA,NA,NA,NA,NA,#VALUE!,#VALUE!,#VALUE!,#VALUE!,4,17106 replaced 17125 which was already dead; 17106 didn't look health
17133,exposure,Exposure,4,1,10,2800,2800,Rowley1-RR,2.939,1.977,Rowley,20170427,Y,20170724,136,8,20170724,13:33,13:37,13:41,0,N,N,Y,Y,Y,Y,3.56,1.29,1.543,2.27,0.253,NA,NA,NA,25.014,4.455654613,1.516044441,4.305037017,10.49584464,2,
17134,exposure,Acclimation,2,2,5,400,400,Ipswich,3.172,2.012,Ipswich,20170427,Y,20170517,23,2,20170517,14:25,14:38,14:42,0,N,NA,Y,Y,Y,Y,5.58,1.29,1.88,4.29,0.59,11.32,47.81,36.49,36.49,3.768954166,1.188194882,5.717586035,23.35454626,1,17113 replaced 17102 which was already dead
17135,exposure,Exposure,5,2,14,900,900,Rowley2-Sawyers,2.408,1.464,Rowley2,20170427,Y,20170613,104,6,20170613,10:40,10:48,10:53,0,N,NA,Y,Y,Y,N,2.78,1.31,1.5,1.47,0.19,11.47,27.83,16.36,16.36,7.900470702,3.280926371,4.640723998,10.11940136,2,
17136,exposure,DEAD,NA,NA,NA,NA,NA,Rowley1-RR,5.311,2.122,Rowley,20170427,N,NA,NA,NA,NA,NA,NA,NA,NA,NA,NA,NA,NA,NA,NA,NA,NA,NA,NA,NA,NA,NA,NA,NA,#VALUE!,#VALUE!,#VALUE!,#VALUE!,NA,
17137,exposure,DEAD,1,1,1,400,400,Ipswich,4.009,2.055,Ipswich,20170427,N,NA,NA,NA,NA,NA,NA,NA,NA,NA,NA,NA,NA,NA,NA,NA,NA,NA,NA,NA,NA,NA,NA,NA,#VALUE!,#VALUE!,#VALUE!,#VALUE!,3,
17138,exposure,Exposure,2,1,4,400,400,Rowley2-Sawyers,3.127,1.58,Rowley2,20170427,Y,20170605,58,4,20170605,11:43,12:09,12:13,0,N,NA,Y,Y,Y,Y,4.37,1.3,1.79,3.07,0.49,11.35,36.39,25.04,25.04,6.374166155,2.038428575,5.06814879,22.04466969,2,
17139,calcein,Calcein,5,1,13,900,900,Rowley1-RR,2.868,1.671,Rowley,20170427,Y,20170915,194,11,20170915,14:49,14:51,14:53,0,N,N,Y,Y,Y,N,3.96,1.28,NA,NA,NA,NA,NA,NA,25.95,#VALUE!,#VALUE!,5.414791834,#VALUE!,2,
17140,calcein,DEAD,6,2,17,2800,2800,Ipswich,4.424,2.115,Ipswich,20170427,N,NA,NA,NA,NA,NA,NA,NA,NA,NA,NA,NA,NA,NA,NA,NA,NA,NA,NA,NA,NA,NA,NA,NA,#VALUE!,#VALUE!,#VALUE!,#VALUE!,1,
17141,exposure,Exposure,3,1,7,900,900,Rowley2-Sawyers,2.513,2.045,Rowley2,20170427,Y,20170605,60,4,20170605,14:27,14:37,14:41,0,N,NA,Y,Y,Y,Y,3.93,1.29,1.6,2.64,0.31,11.38,33.94,22.56,22.56,5.204975285,2.071219771,4.389886526,13.67473104,3,
17142,exposure,Exposure,6,1,16,2800,2800,Rowley1-RR,2.524,2.052,Rowley,20170427,Y,20170613,106,6,20170613,13:22,13:27,13:32,0,N,NA,Y,Y,Y,Y,3.9,1.29,1.69,2.61,0.4,11.46,42.79,31.33,31.33,4.891691828,1.938071247,6.049140725,17.57626686,1,
17143,exposure,Exposure,1,2,2,400,400,Ipswich,2.731,1.981,Ipswich,20170427,Y,20170724,128,8,20170724,15:05,15:10,15:14,1,Y,N,Y,Y,Y,Y,4.6,1.29,1.964,3.31,0.674,NA,NA,NA,39.959,5.095857695,1.865931049,7.385985241,28.97722605,2,
17144,calcein,Calcein,1,1,1,400,400,Rowley2-Sawyers,3.441,1.429,Rowley2,20170427,Y,20170915,175,11,20170915,14:44,14:45,14:47,0,N,N,Y,Y,Y,N,2.61,1.29,NA,NA,NA,NA,NA,NA,16.936,#VALUE!,#VALUE!,3.444244262,#VALUE!,1,
17145,exposure,Exposure,6,1,16,2800,2800,Ipswich,3.369,1.82,Ipswich,20170427,Y,20170822,159,9,20170822,10:51,10:33,11:01,0,N,N,Y,Y,Y,Y,3.67,1.29,1.651,2.38,0.361,NA,NA,NA,NA,#VALUE!,#VALUE!,#VALUE!,14.57877396,NA,
17146,calcein,DEAD,NA,NA,NA,NA,NA,Rowley2-Sawyers,2.927,1.532,Rowley2,20170427,N,NA,NA,NA,NA,NA,NA,NA,NA,NA,NA,NA,NA,NA,NA,NA,NA,NA,NA,NA,NA,NA,NA,NA,#VALUE!,#VALUE!,#VALUE!,#VALUE!,2,
17147,exposure,Exposure,4,1,10,2800,2800,Rowley1-RR,4.948,1.615,Rowley,20170427,Y,20170606,82,5,20170606,10:49,10:54,10:59,0,Y,NA,Y,Y,Y,Y,5.26,1.29,1.77,3.97,0.48,11.54,53.23,41.69,41.69,2.900139146,0.5861235138,5.217106202,16.9800955,0,
17148,calcein,Calcein,2,3,6,400,400,Ipswich,4.654,2.124,Ipswich,20170427,Y,20170915,184,11,20170915,11:28,11:29,11:35,0,N,N,Y,Y,Y,N,4.92,1.28,NA,NA,NA,NA,NA,NA,64.436,#VALUE!,#VALUE!,6.518500174,#VALUE!,3,
17149,exposure,Acclimation,4,1,10,2800,400,Rowley2-Sawyers,2.631,1.697,Rowley2,20170427,Y,20170509,10,1,20170509,NA,11:30,NA,0,N,NA,Y,Y,Y,Y,2.21,1.29,0.41,0.92,-0.88,6.63,26.07,19.44,19.44,-49.20379317,-18.70155575,4.354051586,-41.64677024,0,
17150,exposure,Acclimation,2,3,6,400,400,Rowley1-RR,4.1,2.251,Rowley,20170427,Y,20170602,42,3,20170602,14:47,14:53,14:59,0,Y,NA,Y,Y,Y,N,8.94,1.29,2.33,7.65,1.04,11.6,92.7,81.1,81.1,1.676297317,0.4088530042,8.787422392,34.23368604,1,
17151,exposure,Exposure,5,2,14,900,900,Ipswich,3.088,2.12,Ipswich,20170427,Y,20170626,121,7,20170626,10:42,10:58,11:05,0,Y,NA,Y,Y,Y,Y,7.7,1.27,2.54,6.43,1.27,NA,NA,NA,40.56,4.869616964,1.576948499,6.195620295,49.63604215,2,
17152,calcein,Calcein,1,3,3,400,400,Rowley2-Sawyers,3.031,2.004,Rowley2,20170501,Y,20170915,179,11,20170915,13:09,13:11,13:13,0,N,N,Y,Y,Y,N,3.64,1.3,NA,NA,NA,NA,NA,NA,27.058,#VALUE!,#VALUE!,4.454634117,#VALUE!,1,
17153,exposure,Exposure,5,2,14,900,900,Rowley1-RR,4.089,2.869,Rowley,20170427,Y,20170822,170,10,20170824,12:02,12:08,12:12,0,N,N,Y,Y,Y,Y,6.98,1.26,2.308,5.72,1.048,NA,NA,NA,71.774,2.552690155,0.6242822586,6.11814114,30.59760637,3,
17154,exposure,Exposure,3,1,7,900,900,Ipswich,3.841,2.465,Ipswich,20170427,Y,20170613,97,6,20170613,13:36,13:40,13:45,0,Y,Y,Y,Y,Y,Y,11.74,1.31,3.16,10.43,1.85,11.41,91.55,80.14,80.14,2.213288777,0.5762272266,8.464242694,60.1230651,3,
17155,exposure,Exposure,3,3,9,900,900,Rowley2-Sawyers,2.498,1.876,Rowley2,20170427,Y,20170606,81,5,20170606,13:47,13:53,13:57,0,N,NA,Y,Y,Y,Y,3.07,1.29,1.52,1.78,0.23,11.43,40.78,29.35,29.35,4.402503685,1.762411403,6.263006141,10.62466394,2,
17156,exposure,Exposure,5,3,15,900,900,Rowley1-RR,3.556,2.433,Rowley,20170427,Y,20170822,171,10,20170824,11:19,11:25,11:30,0,N,N,Y,Y,Y,Y,3.6,1.29,1.577,2.31,0.287,NA,NA,NA,49.394,2.515334337,0.7073493636,5.70913531,9.75730692,3,
17157,exposure,Exposure,2,3,6,400,400,Ipswich,2.979,2.137,Ipswich,20170427,Y,20170626,114,7,20170626,14:20,14:26,14:30,0,Y,NA,Y,Y,Y,Y,8.28,1.29,2.36,6.99,1.07,NA,NA,NA,39.87,3.839373529,1.288812866,6.262838465,42.40785097,4,
17158,exposure,Exposure,3,3,9,900,900,Rowley2-Sawyers,3.5,1.943,Rowley2,20170501,Y,20170724,135,8,20170724,15:11,15:21,15:24,0,N,N,Y,Y,Y,Y,5.57,1.29,1.663,4.28,0.373,NA,NA,NA,37.207,2.342288621,0.6692253202,5.471215352,14.30337119,1,
17159,exposure,Exposure,6,1,16,2800,2800,Rowley1-RR,2.872,1.6,Rowley,20170427,Y,20170822,172,10,20170824,11:09,11:18,11:24,0,N,N,Y,Y,Y,Y,2.38,1.29,1.466,1.09,0.176,NA,NA,NA,20.963,7.702518242,2.681935321,4.561934192,8.210327079,2,
17160,exposure,Acclimation,6,2,17,2800,400,Ipswich,3.284,2.278,Ipswich,20170427,Y,20170517,35,2,20170517,13:48,13:59,14:04,0,N,NA,Y,Y,Y,Y,7.29,1.3,2.15,5.99,0.85,11.54,48.93,37.39,37.39,3.795217223,1.155669069,4.998026989,31.07710045,2,
17161,calcein,Calcein,3,1,7,900,900,Rowley2-Sawyers,2.931,1.842,Rowley2,20170501,Y,20170915,185,11,20170915,10:45,10:46,10:49,0,N,N,Y,Y,Y,N,2.76,1.29,NA,NA,NA,NA,NA,NA,27.11,#VALUE!,#VALUE!,5.021391387,#VALUE!,3,
17162,exposure,Exposure,2,3,6,400,400,Rowley1-RR,4.383,2.317,Rowley,20170427,Y,20170613,96,6,20170613,11:25,11:28,11:33,0,N,NA,Y,Y,Y,Y,9.24,1.29,2.2,7.95,0.91,11.37,94.4,83.03,83.03,1.378603021,0.3145341138,8.175936946,28.55568878,5,
17163,exposure,Exposure,2,1,4,400,400,Rowley2-Sawyers,2.788,1.691,Rowley2,20170501,Y,20170626,112,7,20170626,14:26,14:32,14:36,0,Y,NA,Y,Y,Y,Y,3.93,1.29,1.64,2.64,0.35,NA,NA,NA,16.365,8.101176754,2.905730543,3.471199964,16.1194365,5,
17164,calcein,DEAD,4,2,11,2800,2800,Ipswich,3.325,1.922,Ipswich,20170427,N,NA,NA,NA,NA,NA,NA,NA,NA,NA,NA,NA,NA,NA,NA,NA,NA,NA,NA,NA,NA,NA,NA,NA,#VALUE!,#VALUE!,#VALUE!,#VALUE!,2,
17165,exposure,Acclimation,1,3,3,400,400,Rowley1-RR,2.66,1.859,Rowley,20170427,Y,20170602,39,3,20170602,11:33,11:40,11:49,0,Y,NA,Y,Y,Y,Y,4.34,1.29,1.93,3.05,0.64,11.5,38.82,27.32,27.32,7.680675899,2.887472143,5.524839533,28.78057463,1,
17166,exposure,Exposure,2,3,6,400,400,Rowley2-Sawyers,3.719,1.815,Rowley2,20170501,Y,20170724,132,8,20170724,14:09,14:16,14:19,0,N,N,Y,Y,Y,Y,7.04,1.28,2.38,5.76,1.1,NA,NA,NA,30.697,6.221201493,1.672815674,4.54771381,42.33906678,5,
17167,calcein,Calcein,6,1,16,2800,2800,Ipswich,4.833,2.47,Ipswich,20170427,Y,20170915,200,11,20170915,14:02,14:09,14:12,0,N,N,Y,Y,Y,N,8.11,1.29,NA,NA,NA,NA,NA,NA,92.451,#VALUE!,#VALUE!,7.7445799,#VALUE!,1,
17168,exposure,Exposure,6,2,17,2800,2800,Rowley1-RR,3.03,1.775,Rowley,20170427,Y,20170822,173,10,20170824,10:33,10:39,10:44,0,N,N,Y,Y,Y,Y,3.91,1.27,1.705,2.64,0.435,NA,NA,NA,33.144,4.971419481,1.640732502,6.162599359,18.7572326,2,
17169,calcein,Calcein,4,3,12,2800,2800,Rowley2-Sawyers,2.859,1.876,Rowley2,20170501,Y,20170915,193,11,20170915,14:26,14:27,14:30,0,N,N,Y,Y,Y,N,3.35,1.29,NA,NA,NA,NA,NA,NA,19.02,#VALUE!,#VALUE!,3.546202431,#VALUE!,3,
17170,exposure,Exposure,4,2,11,2800,2800,Ipswich,2.984,2.227,Ipswich,20170427,Y,20170724,137,8,20170724,15:27,15:33,15:36,0,N,N,Y,Y,Y,Y,4.4,1.3,1.759,3.1,0.459,NA,NA,NA,32.195,4.598991027,1.541216832,4.844727937,17.80545875,4,
17171,exposure,Acclimation,3,1,7,900,400,Rowley1-RR,3.469,1.927,Rowley,20170427,Y,20170517,25,2,20170517,11:09,11:24,11:30,0,Y,NA,Y,Y,Y,N,5.72,1.29,2.08,4.43,0.79,11.42,45.56,34.14,34.14,5.223478943,1.50575928,5.107136932,30.55512636,3,
17172,calcein,Calcein,5,3,15,900,900,Rowley2-Sawyers,2.43,1.742,Rowley2,20170501,Y,20170915,196,11,20170915,12:51,12:53,12:57,0,N,N,Y,Y,Y,N,3.04,1.29,NA,NA,NA,NA,NA,NA,18.406,#VALUE!,#VALUE!,4.348154763,#VALUE!,4,
17173,exposure,Exposure,5,3,15,900,900,Ipswich,3.838,2.015,Ipswich,20170427,Y,20170613,105,6,20170613,13:43,13:47,13:52,0,Y,NA,Y,Y,Y,Y,7.28,1.29,2.15,5.99,0.86,11.52,67.38,55.86,55.86,2.57022236,0.66967753,7.223054812,30.92490974,1,
17174,exposure,Exposure,1,3,3,400,400,Rowley1-RR,3.163,1.694,Rowley,20170427,Y,20170613,93,6,20170613,14:22,14:27,14:32,0,N,NA,Y,Y,Y,Y,3.28,1.29,1.6,1.99,0.31,11.45,35.27,23.82,23.82,6.53983604,2.067605451,4.445587465,13.39230695,NA,
17175,exposure,DEAD,NA,NA,NA,NA,NA,Rowley2-Sawyers,2.926,1.865,Rowley2,20170501,N,NA,NA,NA,NA,NA,NA,NA,NA,NA,NA,NA,NA,NA,NA,NA,NA,NA,NA,NA,NA,NA,NA,NA,#VALUE!,#VALUE!,#VALUE!,#VALUE!,2,
17176,exposure,Exposure,2,1,4,400,400,Ipswich,3.325,1.834,Ipswich,20170427,Y,20170613,94,6,20170613,13:28,13:34,13:38,0,Y,NA,Y,Y,Y,N,4.74,1.3,1.97,3.44,0.67,11.28,59.61,48.33,48.33,4.029949138,1.212014778,7.925484376,27.13184405,3,
17177,exposure,DEAD,2,1,4,400,400,Rowley1-RR,3.37,1.953,Rowley,20170427,N,NA,NA,NA,NA,NA,NA,NA,NA,NA,NA,NA,NA,NA,NA,NA,NA,NA,NA,NA,NA,NA,NA,NA,#VALUE!,#VALUE!,#VALUE!,#VALUE!,3,
17178,exposure,Exposure,4,2,11,2800,2800,Rowley2-Sawyers,4.003,2.24,Rowley2,20170501,Y,20170822,154,9,20170822,13:48,14:01,14:06,0,N,N,Y,Y,Y,Y,7.57,1.28,2.291,6.29,1.011,NA,NA,NA,71.263,2.255466645,0.5634440783,7.947499197,33.76248089,1,
17179,exposure,Exposure,3,3,9,900,900,Ipswich,3.166,2.011,Ipswich,20170427,Y,20170626,117,7,20170626,10:50,11:07,11:11,0,Y,NA,Y,Y,Y,Y,5.28,1.28,1.9,4,0.62,NA,NA,NA,39.653,3.908909792,1.234652493,6.228064031,24.57141681,1,
17180,calcein,Calcein,5,3,15,900,900,Rowley1-RR,3.156,2.071,Rowley,20170427,Y,20170915,197,11,20170915,13:38,13:39,13:41,0,N,N,Y,Y,Y,N,5,1.29,NA,NA,NA,NA,NA,NA,45.884,#VALUE!,#VALUE!,7.020114209,#VALUE!,1,
17181,exposure,Exposure,4,2,11,2800,2800,Rowley2-Sawyers,3.412,2.065,Rowley2,20170501,Y,20170613,101,6,20170613,11:18,11:21,11:26,0,Y,NA,Y,Y,Y,Y,5.35,1.28,2.09,4.07,0.81,11.34,38.76,27.42,27.42,7.258103538,2.12722847,3.891691197,30.51549925,1,
17182,exposure,Exposure,1,2,2,400,400,Ipswich,2.562,1.821,Ipswich,20170427,Y,20170626,110,7,20170626,14:32,14:40,14:45,0,Y,NA,Y,Y,Y,N,3.45,1.28,1.67,2.17,0.39,NA,NA,NA,27.95,6.430178973,2.509827858,5.990909251,18.05593869,4,
17183,exposure,Acclimation,5,3,15,900,400,Rowley1-RR,3.561,1.759,Rowley,20170427,Y,20170602,51,3,20170602,14:19,14:25,14:31,0,N,NA,Y,Y,Y,Y,4.83,1.3,1.69,3.53,0.39,11.37,47.72,36.35,36.35,3.039383395,0.8535196279,5.803187491,15.58280731,4,
17184,exposure,Exposure,3,2,8,900,900,Rowley2-Sawyers,4.062,2.483,Rowley2,20170501,Y,20170613,98,6,20170613,10:30,10:34,10:41,0,N,NA,Y,Y,Y,Y,7.67,1.29,2.5,6.38,1.21,11.6,68.21,56.61,56.61,3.35020619,0.8247676489,5.612760568,38.10018207,3,
17185,exposure,Acclimation,2,3,6,400,400,Ipswich,3.713,1.979,Ipswich,20170427,Y,20170509,6,1,20170509,NA,14:38,NA,0,N,NA,Y,Y,Y,Y,3.69,1.28,0.43,2.41,-0.85,11.34,53.18,41.84,41.84,-8.429662893,-2.270310502,5.69404549,-31.35693126,0,
17186,exposure,Exposure,2,3,6,400,400,Rowley1-RR,3.781,2.148,Rowley,20170427,Y,20170605,59,4,20170605,11:31,11:59,12:05,0,Y,NA,Y,Y,Y,Y,8.06,1.3,2.41,6.76,1.11,11.5,77.07,65.57,65.57,2.50421204,0.662314742,8.073544238,38.94955512,2,
17187,exposure,Exposure,5,3,15,900,900,Rowley2-Sawyers,3.33,1.93,Rowley2,20170501,Y,20170606,87,5,20170606,13:18,13:20,13:24,0,N,NA,Y,Y,Y,Y,4.18,1.29,1.73,2.89,0.44,11.61,33.28,21.67,21.67,7.025802259,2.109850528,3.371765548,17.35609047,0,
17188,calcein,Calcein,6,3,18,2800,2800,Ipswich,2.709,1.584,Ipswich,20170427,Y,20170915,201,11,20170915,11:19,11:20,11:25,0,N,N,Y,Y,Y,N,2.16,1.29,NA,NA,NA,NA,NA,NA,19.581,#VALUE!,#VALUE!,4.563212412,#VALUE!,1,
17189,exposure,Exposure,1,2,2,400,400,Rowley1-RR,5.373,2.222,Rowley,20170427,Y,20170605,56,4,20170605,14:59,15:05,15:09,0,N,NA,Y,Y,Y,Y,13.44,1.29,3.07,12.15,1.78,11.58,115.89,104.31,104.31,1.404487179,0.2613972043,8.73705461,51.51569398,1,
17190,exposure,Exposure,6,1,16,2800,2800,Rowley2-Sawyers,2.984,2.015,Rowley2,20170501,Y,20170626,123,7,20170626,11:31,11:40,11:44,0,N,NA,Y,Y,Y,Y,2.77,1.29,1.48,1.48,0.19,NA,NA,NA,39.737,3.230701321,1.082674705,6.608778664,7.748482675,1,
17191,exposure,Acclimation,2,1,4,400,400,Ipswich,2.792,1.595,Ipswich,20170501,Y,20170602,40,3,20170602,13:42,13:50,13:56,0,N,NA,Y,Y,Y,Y,3.56,1.3,1.53,2.26,0.23,11.51,31.69,20.18,20.18,5.043107607,1.806270633,4.531532098,10.89907862,3,
17192,exposure,Acclimation,6,2,17,2800,400,Rowley1-RR,3.598,2.575,Rowley,20170427,Y,20170509,17,1,20170509,NA,14:18,NA,0,Y,NA,Y,Y,Y,Y,4.98,1.29,0.75,3.69,-0.54,6.78,52.64,45.86,45.86,-3.191048047,-0.8868949546,4.949891256,-17.74085571,0,
17193,calcein,Calcein,3,3,9,900,900,Rowley2-Sawyers,5.746,2.198,Rowley2,20170501,Y,20170915,188,11,20170915,13:00,13:03,13:06,0,N,N,Y,Y,Y,N,11.51,1.29,NA,NA,NA,NA,NA,NA,77.151,#VALUE!,#VALUE!,6.108692299,#VALUE!,1,
17194,calcein,Calcein,5,3,15,900,900,Ipswich,3.548,1.997,Ipswich,20170501,Y,20170915,198,11,20170915,13:31,13:32,13:35,0,N,N,Y,Y,Y,N,5.22,1.29,NA,NA,NA,NA,NA,NA,42.469,#VALUE!,#VALUE!,5.99391195,#VALUE!,3,
17195,exposure,Exposure,1,1,1,400,400,Rowley1-RR,5.115,1.813,Rowley,20170501,Y,20170606,73,5,20170606,10:26,10:31,10:37,0,N,NA,Y,Y,Y,Y,8.88,1.29,2.11,7.59,0.82,11.61,62.24,50.63,50.63,2.133851287,0.4171752271,5.459646013,26.92725799,1,
17196,exposure,Exposure,5,1,13,900,900,Rowley2-Sawyers,3.941,2.612,Rowley2,20170501,Y,20170605,65,4,20170605,15:40,15:50,15:54,0,Y,NA,Y,Y,Y,Y,6.11,1.29,2.09,4.82,0.8,11.82,50,38.18,38.18,4.347174011,1.103063692,3.708995587,24.9344724,2,
17197,exposure,Acclimation,4,1,10,2800,400,Ipswich,3.404,1.727,Ipswich,20170501,Y,20170602,46,3,20170602,11:51,11:59,12:05,0,Y,NA,Y,Y,Y,Y,10.74,1.28,2.43,9.46,1.15,11.51,50.42,38.91,38.91,3.124247803,0.9178166285,6.618801274,47.43041186,3,
17198,exposure,Exposure,3,1,7,900,900,Rowley1-RR,2.713,1.894,Rowley,20170501,Y,20170606,79,5,20170606,10:32,10:43,10:47,0,N,NA,Y,Y,Y,Y,4.47,1.29,1.9,3.18,0.61,11.51,39.89,28.38,28.38,6.759122599,2.491383192,5.52309639,26.91007764,4,
17199,exposure,Exposure,6,1,16,2800,2800,Rowley2-Sawyers,2.899,1.585,Rowley2,20170501,Y,20170605,68,4,20170605,15:57,16:12,16:16,0,N,NA,Y,Y,Y,N,3.63,1.27,1.7,2.36,0.43,11.36,31.15,19.79,19.79,9.206841325,3.175867998,4.306934949,20.05994392,2,
17200,calcein,Calcein,3,3,9,900,900,Ipswich,2.736,1.468,Ipswich,20170501,Y,20170915,187,11,20170915,10:08,10:12,10:18,0,N,N,Y,Y,Y,N,2.31,1.31,NA,NA,NA,NA,NA,NA,14.069,#VALUE!,#VALUE!,3.502846296,#VALUE!,2,
17201,exposure,DEAD,6,3,18,2800,2800,Rowley1-RR,3.593,2.508,Rowley,20170501,N,NA,NA,NA,NA,NA,NA,NA,NA,NA,NA,NA,NA,NA,NA,NA,NA,NA,NA,NA,NA,NA,NA,NA,#VALUE!,#VALUE!,#VALUE!,#VALUE!,1,
17202,exposure,Acclimation,2,3,6,400,400,Rowley2-Sawyers,2.322,1.578,Rowley2,20170501,Y,20170517,24,2,20170517,10:57,11:11,11:18,0,N,NA,Y,Y,Y,N,3.28,1.28,1.69,2,0.41,11.42,25.81,14.39,14.39,14.24600417,6.135230047,3.927277412,21.4190029,1,
17203,exposure,Exposure,2,1,4,400,400,Ipswich,2.355,1.714,Ipswich,20170501,Y,20170822,147,9,20170822,10:43,10:48,10:53,0,N,N,Y,Y,Y,Y,2.64,1.3,1.486,1.34,0.186,NA,NA,NA,18.881,7.351621744,3.121707747,4.677601964,9.257891351,1,
17204,exposure,Exposure,5,3,15,900,900,Rowley1-RR,4.272,2.345,Rowley,20170501,Y,20170822,158,9,20170822,10:20,10:30,10:36,0,N,N,Y,Y,Y,Y,6.55,1.3,2.198,5.25,0.898,NA,NA,NA,89.908,1.902473852,0.4453356394,8.974788976,28.37195688,0,
17205,exposure,Acclimation,6,2,17,2800,400,Rowley2-Sawyers,3.001,2.015,Rowley2,20170501,Y,20170602,53,3,20170602,14:01,14:06,14:11,0,N,NA,Y,Y,Y,Y,4.8,1.29,1.8,3.51,0.51,11.42,32.87,21.45,21.45,6.773852928,2.257198576,3.547204695,20.73956548,1,
17206,exposure,Exposure,3,2,8,900,900,Ipswich,1.771,3.015,Ipswich,20170501,Y,20170724,134,8,20170724,12:39,12:52,13:08,0,N,N,Y,Y,Y,Y,4.18,1.3,1.835,2.88,0.535,NA,NA,NA,23.726,7.829549393,4.420976506,4.443433126,23.15265728,3,
17207,exposure,Exposure,2,1,4,400,400,Rowley1-RR,2.921,2.149,Rowley,20170501,Y,20170606,76,5,20170606,13:22,13:29,13:34,0,N,NA,Y,Y,Y,N,5.45,1.28,2.01,4.17,0.73,11.54,54.63,43.09,43.09,4.062658437,1.390845066,6.864493871,29.13660014,2,
17208,exposure,Exposure,5,2,14,900,900,Rowley2-Sawyers,3.924,1.92,Rowley2,20170501,Y,20170822,157,9,20170822,11:23,11:28,11:34,0,N,N,Y,Y,Y,Y,5.68,1.29,1.951,4.39,0.661,NA,NA,NA,35.336,4.261078676,1.085901803,4.690154604,24.08165586,3,
17209,exposure,Acclimation,3,3,9,900,400,Ipswich,3.561,2.063,Ipswich,20170501,Y,20170509,9,1,20170509,NA,14:58,NA,0,N,NA,Y,Y,Y,Y,7.79,1.27,1.4,6.52,0.13,11.42,44.55,33.13,33.13,0.6018306763,0.1690060871,4.509726812,4.796315592,0,
17210,exposure,Exposure,6,2,17,2800,2800,Ipswich,5.615,2.613,Ipswich,20170427,Y,20170724,143,8,20170724,13:52,13:56,13:59,0,N,N,Y,Y,Y,Y,14.41,1.29,2.751,13.12,1.461,NA,NA,NA,87.459,1.27324469,0.2267577364,5.960948051,38.14219049,3,
17211,exposure,Exposure,2,2,5,400,400,Rowley2-Sawyers,3.845,2.28,Rowley2,20170501,Y,20170822,148,9,20170822,13:11,13:13,13:17,0,N,N,Y,Y,Y,Y,6.14,1.29,1.983,4.85,0.693,NA,NA,NA,50.454,2.832017242,0.7365454466,5.755252892,23.40548469,1,
17212,exposure,Exposure,5,3,15,900,900,Ipswich,3.409,2.374,Ipswich,20170501,Y,20170605,67,4,20170605,15:23,15:35,15:39,0,Y,NA,Y,Y,Y,N,6.74,1.28,2.23,5.46,0.95,11.51,40.2,28.69,28.69,6.064575601,1.778989616,3.545053816,33.39410031,2,
17213,exposure,Exposure,4,1,10,2800,2800,Ipswich,4.081,2.422,Ipswich,20170427,Y,20170822,153,9,20170822,13:16,13:21,13:26,0,N,N,Y,Y,Y,Y,7.05,1.28,2.217,5.77,0.937,NA,NA,NA,65.381,2.483774814,0.6086191654,6.614710251,29.80363418,1,
17214,calcein,Calcein,5,2,14,900,900,Rowley2-Sawyers,3.266,1.379,Rowley2,20170501,Y,20170915,195,11,20170915,11:38,11:39,11:43,0,N,N,Y,Y,Y,N,2.56,1.28,NA,NA,NA,NA,NA,NA,20.398,#VALUE!,#VALUE!,4.529050267,#VALUE!,3,
17215,exposure,Exposure,3,2,8,900,900,Rowley1-RR,2.03,1.997,Rowley,20170501,Y,20170605,61,4,20170605,15:32,15:44,15:49,0,N,NA,Y,Y,Y,N,2.51,1.29,1.46,1.22,0.17,11.41,22.2,10.79,10.79,12.91420411,6.361676899,2.66162791,8.443293185,0,
17216,calcein,DEAD,2,1,4,400,400,Ipswich,4.664,2.255,Ipswich,20170427,N,NA,NA,NA,NA,NA,NA,NA,NA,NA,NA,NA,NA,NA,NA,NA,NA,NA,NA,NA,NA,NA,NA,NA,#VALUE!,#VALUE!,#VALUE!,#VALUE!,1,
17217,exposure,Exposure,1,1,1,400,400,Rowley2-Sawyers,2.419,1.848,Rowley2,20170501,Y,20170605,55,4,20170605,11:38,12:15,12:20,0,Y,NA,Y,Y,Y,Y,3.98,1.3,1.73,2.68,0.43,11.43,42.75,31.32,31.32,5.122853167,2.11775658,7.006222384,20.33759235,2,
17218,exposure,Exposure,5,3,15,900,900,Rowley2-Sawyers,3.104,1.95,Rowley2,20170501,Y,20170724,141,8,20170724,15:21,15:27,15:31,0,N,N,Y,Y,Y,Y,3.08,1.29,1.578,1.79,0.288,NA,NA,NA,21.621,7.441554727,2.397408095,3.572065821,11.7061565,0,
17219,calcein,DEAD,1,1,1,400,400,Ipswich,2.992,2.009,Ipswich,20170501,N,NA,NA,NA,NA,NA,NA,NA,NA,NA,NA,NA,NA,NA,NA,NA,NA,NA,NA,NA,NA,NA,NA,NA,#VALUE!,#VALUE!,#VALUE!,#VALUE!,1,
17220,exposure,Exposure,1,2,2,400,400,Ipswich,3.746,2.213,Ipswich,20170501,Y,20170606,74,5,20170606,11:10,11:17,11:22,0,N,NA,Y,Y,Y,Y,4.52,1.29,1.78,3.23,0.49,11.45,68.5,57.05,57.05,2.659119831,0.7098558012,6.881869958,17.01850813,3,
17221,exposure,Acclimation,4,2,11,2800,400,Rowley1-RR,4.392,2.2,Rowley,20170501,Y,20170509,11,1,20170509,NA,13:51,NA,0,N,NA,Y,Y,Y,Y,7.62,1.29,1.23,6.33,-0.06,6.65,62.73,56.08,56.08,-0.1690205597,-0.03848373398,5.80394105,-1.930228591,0,
17222,exposure,Exposure,6,3,18,2800,2800,Rowley1-RR,3.641,1.703,Rowley,20170501,Y,20170626,125,7,20170626,11:20,11:26,11:30,0,Y,NA,Y,Y,Y,Y,6.7,1.29,2.16,5.41,0.87,NA,NA,NA,49.194,3.268961839,0.8978197854,7.933718918,34.93828548,2,