"","ID","Date","Timepoint","TankID","shelf","tank","pCO2","PopOrigin","length","width","DrillDate","t_start","t_shuck","t_end","g_index","g_collect","g_20","m_tissue","dm_tissue","g_tissue","p_fluid","wet_wgt","tin_wgt","dry_wgt","wet_wgtcorr","dry_wgtcorr","bag_wgt","totalshell_wgt","shell_wgt","dry_end_meas","Hard_Nell_Index","Hard_Nell_Size_Correction","ShellWt_ShellSizeCor","Simple_ConditionIndex","Repair_Shell_Quality","notes.x","buoyant_bw1","date_bw1","asDate_bw1","StandardWgt_bw1","Temp_bw1","Salinity_bw1","buoyant_bw2","date_bw2","asDate_bw2","StandardWgt_bw2","Temp_bw2","Salinity_bw2","buoyant_bw3","date_bw3","asDate_bw3","StandardWgt_bw3","Temp_bw3","Salinity_bw3","density_bw1","density_bw2","density_bw3","DayDiff_bw1_bw2","DayDiff_bw2_bw3","DensityCorrection_bw2","StandardCorrection_bw2","DensityCorrection_bw3","StandardCorrection_bw3","DW1_calc","DW2pre_calc","DW2_calc","DW3_calc","dry_Shell_Wgt","Measurer","CompleteRecord","DryWgtDelta_DW1_DW2","PercentChange_DW1_DW2","PercentChangePerDay_DW1_DW2","DryWgtDelta_DW2_DW3","PercentChange_DW2_DW3","PercentChangePerDay_DW2_DW3","PercentChangePerDayStandardized_Exposure","notes.y","EPF_pH_raw","EPF_pH_NBS_intercept","EPF_pH_NBS","EPF_pH_SW_corr","EPF_pH_SW","EPF_pH_Total_corr","EPF_pH_Total","EPF_DIC","EPF_Salinity","EPF_Calcite_Calc","EPF_TA_Calc","Temp_Complete","Sal_Complete","CT_Complete","AT_Complete","pH_Complete","pCO2_Complete","CaSat_Complete","ArgSat_Complete","Temp_2W","Sal_2W","pH_NBS_2W","pH_SW_2W","pH_Total_2W","pH_scaleFree_2W","Temp_Cal","Sal_Cal","CT_Cal","AT_Cal","pH_Cal","pCO2_Cal","CaSat_Cal","ArgSat_Cal"
"1",17001,2017-07-24,50,3,1,3,400,"Rowley2-Sawyers",3.586,2.523,20170427,"13:37","13:45","13:49",0,"N","N","Y","Y","Y","Y",5.23,1.29,1.867,3.94,0.577,NA,NA,NA,53.827,"2.720692227","0.7586983344",5.949392748,19.18280205,2,"0=None; 1=Removed; 2=Minimal; 3=Minor; 4=Some; 5=Lots",32.65,170505,"05/05/17",2.79,12.9,32.53,32.455,170531,"05/31/17",2.79,17.2,29.47,32.323,170705,"07/05/17",2.79,17,NA,1.0245,1.02123,1.0226,26,35,32.56,32.45,32.28,32.33,58.26,57.89,57.89,57.67,53.83,"Louise",1,-0.3649,-0.6264,-0.0241,-0.227,-0.3936,-0.0112,0.0128,"",7.23032629558541,-0.085637162377002,"7.14468913320841","7.010945145309490",-0.133743987898925,-0.12323516237838,"7.02145397083003",NA,NA,NA,NA,17.7,30.777133078,1954.5697332,2107.9823184,7.8986,556.46,2.918,1.866,17.9714285714286,30.8421312271429,8.11987682376976,7.98845138042427,7.997230455476,7.82692047120202,17.5333333333333,30.5660055833333,1925.63579233333,2078.63817833333,7.907,536.233333333333,2.89333333333333,1.85
"2",17007,2017-08-23,80,2,1,2,400,"Rowley2-Sawyers",2.934,1.425,20170427,"11:08","11:12","11:17",0,"N","N","Y","Y","Y","Y",2.63,1.28,1.457,1.35,0.177,NA,NA,NA,17.054,"7.687997602","2.620312748",4.078977266,8.656369366,0,"",9.963,170506,"05/06/17",2.8,13,32.67,9.959,170601,"06/01/17",2.8,17,29.6,9.986,170705,"07/05/17",2.79,17,NA,1.02459,1.02138,1.0226,26,34,9.99,10,9.97,10.01,15.87,15.94,15.87,15.96,17.05,"Louise",1,-0.0069,-0.0432,-0.0017,0.0912,0.5714,0.0168,0.0185,"",7.45576923076923,-0.085637162377002,"7.37013206839223","7.234210556326290",-0.135921512065941,-0.12531108276629,"7.24482098562594",NA,NA,NA,NA,18.1142857142857,30.8458971514286,1967.19961314286,2121.993538,7.89,582.785714285714,2.96142857142857,1.89857142857143,19.3428571428571,31.0236142413857,8.07684043911825,7.94089495409613,7.949876070392,7.77329880832561,17.5333333333333,30.5660055833333,1944.45466866667,2082.163501,7.862,627.566666666667,2.69333333333333,1.72333333333333
"3",17008,2017-06-26,22,5,2,2,400,"Rowley1-RR",3.101,1.852,20170427,"13:06","13:12","13:17",0,"N",NA,"Y","Y","Y","Y",4.71,1.29,1.86,3.42,0.57,NA,NA,NA,27.208,"6.125649319","1.97537869",4.737550696,23.78501783,1,"",16.333,170505,"05/05/17",2.79,12.9,32.53,15.878,170531,"05/31/17",2.81,17.2,29.47,NA,NA,NA,NA,NA,NA,1.0245,1.02123,NA,NA,NA,15.93,15.81,NA,NA,27.77,26.8,26.92,NA,27.21,"Louise",0,NA,NA,NA,NA,NA,NA,NA,"",6.67241379310345,-0.085637162377002,"6.58677663072645","6.456278605202320",-0.130498025524127,-0.12014383336415,"6.46663279736230",NA,NA,NA,NA,17.3333333333333,30.5660055833333,1935.80093233333,2066.05191366667,7.84733333333333,626.533333333333,2.56,1.63666666666667,16.8571428571429,30.6861221985714,8.19684660723543,8.0663485817113,8.07508260179256,7.90540573506158,NA,NA,NA,NA,NA,NA,NA,NA
"4",17011,2017-06-05,1,14,5,2,900,"Rowley1-RR",7.55,2.358,20170427,"14:22","14:30","14:35",0,"N",NA,"Y","Y","Y","Y",11.59,1.29,2.31,10.3,1.02,11.55,133.45,121.9,121.9,"0.8123800346","0.1076000046",6.847199052,24.17434944,0,"Shelf 3 heaters were disconnected; start temp 56 9am",65.26,170506,"05/06/17",2.8,13,32.67,65.03,170530,"05/30/17",2.8,17.2,29.43,NA,NA,NA,NA,NA,NA,1.02459,1.0212,NA,NA,NA,65.25,65.32,NA,NA,119.18,119.28,118.75,NA,121.9,"Isabel",0,NA,NA,NA,NA,NA,NA,NA,"Yellow P2",7.08637236084453,-0.085637162377002,"7.00073519846753","6.870237172943400",-0.130498025524127,-0.12014383336415,"6.88059136510338",NA,NA,NA,NA,18,30.52271327,2007.967781,2083.553736,7.678,966.6,1.85,1.18,17.7,29.9765234164,7.91292006217055,7.78242203664645,7.79115605672767,7.62821859117066,NA,NA,NA,NA,NA,NA,NA,NA
"5",17012,2017-08-23,80,7,3,1,900,"Ipswich",3.81,2.311,20170427,"14:08","14:14","14:18",0,"N","N","Y","Y","Y","Y",5.38,1.29,1.918,4.09,0.628,NA,NA,NA,47.354,"3.24249762","0.851049244",5.378135608,21.16397224,3,"",28.959,170505,"05/05/17",2.79,12.9,32.53,28.862,170531,"05/31/17",2.79,17.2,29.47,28.843,170705,"07/05/17",2.79,17,NA,1.0245,1.02123,1.0226,26,35,28.95,28.87,28.8,28.85,51.36,51.19,51.18,51.16,47.35,"Louise",1,-0.1818,-0.354,-0.0136,-0.0186,-0.0364,-0.001,0.0126,"",7.47307692307692,-0.085637162377002,"7.38743976069992","7.251518248633980",-0.135921512065941,-0.12531108276629,"7.26212867793363",3788.05,32.081,1.97,3772.6,18.075,30.8918150225,2057.0211705,2127.22981525,7.65320875,1054.2135,1.8100975,1.1599075,19.7571428571429,31.0620901728143,7.82251692193956,7.68657143691744,7.69555255321331,7.51859883446199,17.375,30.7527124375,2034.85212425,2104.5855655,7.66475,1015.775,1.7825,1.14
"6",17013,2017-06-13,9,5,2,2,400,"Rowley2-Sawyers",4.446,2.338,20170427,"14:17","14:20","14:25",0,"N",NA,"Y","Y","Y","Y",9.26,1.29,2.4,7.97,1.11,11.39,76.96,65.57,65.57,"2.124024264","0.4777382511",6.307993229,34.4283331,NA,"Extrapallial fluid may be contaminated, chamber flooded before measurement",37.542,170505,"05/05/17",2.79,12.9,32.53,37.228,170530,"05/30/17",2.8,17.2,29.43,NA,NA,NA,NA,NA,NA,1.0245,1.0212,NA,NA,NA,37.35,37.13,NA,NA,67.4,66.63,66.81,NA,65.57,"Isabel",0,NA,NA,NA,NA,NA,NA,NA,"",7.38579654510557,-0.085637162377002,"7.30015938272857","7.169661357204440",-0.130498025524127,-0.12014383336415,"7.18001554936442",NA,NA,NA,NA,17.55,30.30817371,1912.5652015,2025.712543,7.806,680.45,2.3,1.47,17.3666666666667,30.0994517604667,8.09405893869206,7.96356091316793,7.97229493324919,7.80818995804146,NA,NA,NA,NA,NA,NA,NA,NA
"7",17019,2017-08-23,80,12,4,3,2800,"Rowley1-RR",3.974,2.059,20170427,"11:00","11:03","11:07",0,"N","N","Y","Y","Y","Y",7.09,1.29,1.997,5.8,0.707,NA,NA,NA,44.99,"2.709414353","0.6817851919",5.498342431,24.71595006,1,"Maybe dead/dying",28.342,170506,"05/06/17",2.8,13,32.67,28.336,170531,"05/31/17",2.81,17.2,29.47,27.701,170707,"07/07/17",2.79,16.7,NA,1.02459,1.02123,1.02267,25,37,28.43,28.35,27.66,27.79,50.21,50.23,50.2,49.18,44.99,"Louise",1,-0.0106,-0.0211,-8e-04,-1.0192,-2.0725,-0.056,-0.0552,"",7.15,-0.085637162377002,"7.064362837623","6.928441325557060",-0.135921512065941,-0.12531108276629,"6.93905175485671",NA,NA,NA,NA,18.0625,30.90852973875,2082.949614625,2139.07752525,7.30828375,2480.918,0.86882625,0.55768625,19.1285714285714,31.0379686699571,7.34747514172631,7.21152965670419,7.22051077300006,7.04379306415582,17.55,30.7527124375,1982.34567075,2130.862156,7.31825,2403.1,0.8625,0.5525
"8",17020,2017-06-05,1,9,3,3,900,"Ipswich",3.755,2.099,20170427,"14:38","14:43","14:48",0,"Y",NA,"Y","Y","Y","Y",8.79,1.29,2.19,7.5,0.9,11.51,69.8,58.29,58.29,"2.058672156","0.5482482441",7.395570397,32.05762316,1,"Hole punched in tissue by syringe",33.112,170504,"05/04/17",2.76,13,32.43,33.03,170531,"05/31/17",2.79,17.2,29.47,NA,NA,NA,NA,NA,NA,1.02441,1.02123,NA,NA,NA,33.13,32.67,NA,NA,59.12,58.29,58.97,NA,58.29,"Isabel",0,NA,NA,NA,NA,NA,NA,NA,"",7.70249520153551,-0.085637162377002,"7.61685803915851","7.486360013634380",-0.130498025524127,-0.12014383336415,"7.49671420579436",NA,NA,NA,NA,17.4,30.52271327,2002.897836,2082.907693,7.701,910.7,1.89,1.21,17.3,29.91068374565,7.89255790902263,7.7620598834985,7.77079390357976,7.6084817490654,NA,NA,NA,NA,NA,NA,NA,NA
"9",17022,2017-06-26,22,12,4,3,2800,"Rowley1-RR",3.095,2.497,20170427,"11:24","11:32","11:38",0,"Y",NA,"Y","Y","Y","Y",6.11,1.28,2.31,4.83,1.03,NA,NA,NA,52.629,"4.05195838","1.309194953",6.809981348,37.05080317,3,"",31.978,170506,"05/06/17",2.8,13,32.67,32,170601,"06/01/17",2.81,17,29.6,NA,NA,NA,NA,NA,NA,1.02459,1.02138,NA,NA,NA,32.1,32.01,NA,NA,57,57.07,57.04,NA,52.63,"Louise",0,NA,NA,NA,NA,NA,NA,NA,"",7.27586206896552,-0.085637162377002,"7.19022490658852","7.059726881064390",-0.130498025524127,-0.12014383336415,"7.07008107322437",NA,NA,NA,NA,17.6,30.5660055833333,1904.705035,2116.33748566667,7.32533333333333,2356.23333333333,0.87,0.556666666666667,17,30.7243843157143,7.51729830840592,7.38680028288179,7.39553430296305,7.22549404248947,NA,NA,NA,NA,NA,NA,NA,NA
"10",17022,2017-06-26,22,12,4,3,2800,"Rowley1-RR",3.095,2.497,20170427,"11:24","11:32","11:38",0,"Y",NA,"Y","Y","Y","Y",6.11,1.28,2.31,4.83,1.03,NA,NA,NA,52.629,"4.05195838","1.309194953",6.809981348,37.05080317,3,"",31.978,170506,"05/06/17",2.8,13,32.67,32,170601,"06/01/17",2.81,17,29.6,NA,NA,NA,NA,NA,NA,1.02459,1.02138,NA,NA,NA,32.1,32.01,NA,NA,57,57.07,57.04,NA,52.63,"Louise",0,NA,NA,NA,NA,NA,NA,NA,"",7.27586206896552,-0.085637162377002,"7.19022490658852","7.059726881064390",-0.130498025524127,-0.12014383336415,"7.07008107322437",NA,NA,NA,NA,17.6,30.5660055833333,1904.705035,2116.33748566667,7.32533333333333,2356.23333333333,0.87,0.556666666666667,17,30.7243843157143,7.51729830840592,7.38680028288179,7.39553430296305,7.22549404248947,NA,NA,NA,NA,NA,NA,NA,NA
"11",17023,2017-06-05,1,11,4,2,2800,"Ipswich",3.696,2.131,20170427,"13:15","13:21","13:25",0,"N",NA,"Y","Y","Y","Y",8.56,1.3,2.28,7.26,0.98,11.49,75.88,64.39,64.39,"2.096384934","0.5672037159",8.175287094,34.91952838,0,"",36.697,170506,"05/06/17",2.8,13,32.67,36.483,170530,"05/30/17",2.8,17.2,29.43,NA,NA,NA,NA,NA,NA,1.02459,1.0212,NA,NA,NA,36.6,36.63,NA,NA,65.82,65.69,65.42,NA,64.39,"Isabel",0,NA,NA,NA,NA,NA,NA,NA,"",7.04606525911708,-0.085637162377002,"6.96042809674008","6.829930071215950",-0.130498025524127,-0.12014383336415,"6.84028426337593",NA,NA,NA,NA,18.2,30.52271327,2214.570131,2131.860534,7.166,3427.4,0.63,0.4,17.65,29.91068374565,7.69795653127659,7.56745850575245,7.57619252583372,7.41388037131936,NA,NA,NA,NA,NA,NA,NA,NA
"12",17026,2017-06-06,2,16,6,1,2800,"Ipswich",3.971,2.663,20170427,"10:42","10:48","10:53",0,"N",NA,"Y","Y","Y","Y",7.58,1.28,2.1,6.3,0.82,11.47,94.6,83.13,83.13,"1.565725131","0.3942898845",7.861161653,25.21612366,4,"Damaged, possibly dying, deteriorating mantle",47.084,170505,"05/05/17",2.79,12.9,32.53,46.972,170530,"05/30/17",2.8,17.2,29.43,NA,NA,NA,NA,NA,NA,1.0245,1.0212,NA,NA,NA,47.12,46.95,NA,NA,85.22,84.98,85.01,NA,83.13,"Isabel",0,NA,NA,NA,NA,NA,NA,NA,"",6.75239923224568,-0.085637162377002,"6.66676206986868","6.536264044344550",-0.130498025524127,-0.12014383336415,"6.54661823650453",NA,NA,NA,NA,17.6,30.52271327,2168.981028,2115.121784,7.255,2746.6,0.74,0.47,17.4666666666667,30.0365832509333,7.57424085157648,7.44374282605237,7.45247684613361,7.2889689634204,NA,NA,NA,NA,NA,NA,NA,NA
"13",17027,2017-08-23,80,8,3,2,900,"Rowley2-Sawyers",3.352,1.465,20170427,"11:15","11:20","11:25",0,"N","N","Y","Y","Y","Y",2.85,1.29,1.441,1.56,0.151,NA,NA,NA,22.123,"4.375304967","1.305281912",4.505078726,6.814062771,3,"",13.175,170505,"05/05/17",2.79,12.9,32.53,13.116,170601,"06/01/17",2.81,17,29.6,13.053,170705,"07/05/17",2.79,17,NA,1.0245,1.02138,1.0226,27,34,13.16,13.06,13.04,13.11,21.88,21.65,21.77,21.76,22.12,"Louise",1,-0.1102,-0.5039,-0.0187,-0.0029,-0.0133,-4e-04,0.0183,"",7.55961538461539,-0.085637162377002,"7.47397822223838","7.338056710172440",-0.135921512065941,-0.12531108276629,"7.34866713947209",12641.7,32.081,8.12,12682.4,18.0714285714286,30.8173923028571,2049.63267228571,2122.627474,7.66290571428571,1028.42185714286,1.84169714285714,1.18103142857143,19.7714285714286,31.0668970999571,7.82515736632027,7.68921188129814,7.69819299759402,7.52119224684659,17.0333333333333,30.5326918966667,2012.91465033333,2086.85488866667,7.68666666666667,951.3,1.82,1.16333333333333
"14",17028,2017-06-26,22,3,1,3,400,"Rowley1-RR",3.448,2.196,20170427,"13:16","13:27","13:31",0,"Y",NA,"Y","Y","Y","Y",4.41,1.29,1.85,3.12,0.56,NA,NA,NA,46.276,"3.878623465","1.124890796",6.111618256,20.35111604,1,"Pallial fluid probably contaminated with gut fluid",27.733,170505,"05/05/17",2.79,12.9,32.53,27.845,170531,"05/31/17",2.81,17.2,29.47,NA,NA,NA,NA,NA,NA,1.0245,1.02123,NA,NA,NA,27.93,27.72,NA,NA,49.07,49.06,49.28,NA,46.28,"Louise",0,NA,NA,NA,NA,NA,NA,NA,"Stabbed by syringe",7.66091954022988,-0.085637162377002,"7.57528237785288","7.444784352328760",-0.130498025524127,-0.12014383336415,"7.45513854448874",NA,NA,NA,NA,17.5333333333333,30.5660055833333,1925.63579233333,2078.63817833333,7.907,536.233333333333,2.89333333333333,1.85,17.1,30.7242965557143,8.1955494912206,8.06505146569647,8.07378548577773,7.90374605880312,NA,NA,NA,NA,NA,NA,NA,NA
"15",17029,2017-08-23,80,13,5,1,900,"Ipswich",3.175,2.009,20170427,"13:24","13:29","13:32",0,"N","N","Y","Y","Y","Y",5.36,1.29,2.058,4.07,0.768,NA,NA,NA,51.566,"3.659345086","1.152549633",8.084250793,30.40880732,1,"",31.364,170505,"05/05/17",2.79,12.9,32.53,31.359,170601,"06/01/17",2.8,17,29.6,31.288,170707,"07/07/17",2.79,16.7,NA,1.0245,1.02138,1.02267,27,36,31.45,31.3,31.25,31.32,55.86,55.74,55.85,55.77,51.57,"Louise",1,-0.0093,-0.0167,-6e-04,-0.0739,-0.1326,-0.0037,-0.0031,"",7.44423076923077,-0.085637162377002,"7.35859360685377","7.222672094787830",-0.135921512065941,-0.12531108276629,"7.23328252408748",NA,NA,NA,NA,17.9375,30.89598757125,1958.225768,2110.5934465,7.64074125,1143.580625,1.79950625,1.15329375,19.2285714285714,31.0810918989143,7.83262051376945,7.69667502874731,7.7056561450432,7.52851650936797,17.425,30.7527124375,1844.90847825,2103.615344,7.717,909.15,2.02,1.2925
"16",17030,2017-06-26,22,13,5,1,900,"Rowley2-Sawyers",4.619,2.022,20170501,"13:32","13:41","13:45",0,"Y",NA,"Y","Y","Y","Y",7.59,1.27,2.25,6.32,0.98,NA,NA,NA,34.559,"4.486914874","0.9714039563",3.700258405,32.06723533,0,"",21.46,170505,"05/05/17",2.79,12.9,32.53,21.326,170531,"05/31/17",2.79,17.2,29.47,NA,NA,NA,NA,NA,NA,1.0245,1.02123,NA,NA,NA,21.39,21.32,NA,NA,37.35,37.1,37.1,NA,34.56,"Louise",0,NA,NA,NA,NA,NA,NA,NA,"",7.44827586206897,-0.085637162377002,"7.36263869969196","7.232140674167840",-0.130498025524127,-0.12014383336415,"7.24249486632782",NA,NA,NA,NA,17.4,30.5660055833333,1768.92236766667,2088.97244833333,7.73266666666667,875.1,2.07333333333333,1.32666666666667,17.0714285714286,30.6811748942857,7.94091263827875,7.81041461275463,7.81914863283588,7.6495187530349,NA,NA,NA,NA,NA,NA,NA,NA
"17",17030,2017-06-26,22,13,5,1,900,"Rowley2-Sawyers",4.619,2.022,20170501,"13:32","13:41","13:45",0,"Y",NA,"Y","Y","Y","Y",7.59,1.27,2.25,6.32,0.98,NA,NA,NA,34.559,"4.486914874","0.9714039563",3.700258405,32.06723533,0,"",21.46,170505,"05/05/17",2.79,12.9,32.53,21.326,170531,"05/31/17",2.79,17.2,29.47,NA,NA,NA,NA,NA,NA,1.0245,1.02123,NA,NA,NA,21.39,21.32,NA,NA,37.35,37.1,37.1,NA,34.56,"Louise",0,NA,NA,NA,NA,NA,NA,NA,"",7.44827586206897,-0.085637162377002,"7.36263869969196","7.232140674167840",-0.130498025524127,-0.12014383336415,"7.24249486632782",NA,NA,NA,NA,17.4,30.5660055833333,1768.92236766667,2088.97244833333,7.73266666666667,875.1,2.07333333333333,1.32666666666667,17.0714285714286,30.6811748942857,7.94091263827875,7.81041461275463,7.81914863283588,7.6495187530349,NA,NA,NA,NA,NA,NA,NA,NA
"18",17031,2017-06-13,9,13,5,1,900,"Rowley1-RR",3.089,1.675,20170427,"13:09","13:14","13:19",0,"N",NA,"Y","Y","Y","N",4,1.29,1.77,2.71,0.48,11.79,34.15,22.36,22.36,"7.921367228","2.564379161",4.321545397,21.10206117,3,"",12.267,170504,"05/04/17",2.77,13,32.43,12.378,170531,"05/31/17",2.79,17.2,29.47,NA,NA,NA,NA,NA,NA,1.02441,1.02123,NA,NA,NA,12.42,12.31,NA,NA,20.18,20.26,20.39,NA,22.36,"Isabel",0,NA,NA,NA,NA,NA,NA,NA,"",7.20153550863724,-0.085637162377002,"7.11589834626023","6.985400320736110",-0.130498025524127,-0.12014383336415,"6.99575451289609",10426.5,32.081,2.78,9945.2,17.7,30.30817371,1638.4569205,2059.474057,7.6935,959.1,1.9,1.215,17.6166666666667,30.09364199095,7.89424737609929,7.76374935057517,7.77248337065642,7.60843357362612,NA,NA,NA,NA,NA,NA,NA,NA
"19",17032,2017-06-06,2,8,3,2,900,"Ipswich",4.055,2.135,20170427,"11:28","11:31","11:36",0,"Y",NA,"Y","Y","Y","Y",8.42,1.29,2.7,7.13,1.41,11.41,70.35,58.94,58.94,"3.355208021","0.8274249126",6.808028946,47.92087548,3,"",32.175,170505,"05/05/17",2.79,12.9,32.53,31.954,170531,"05/31/17",2.8,17.2,29.47,NA,NA,NA,NA,NA,NA,1.0245,1.02123,NA,NA,NA,32.06,31.9,NA,NA,57.37,56.85,56.96,NA,58.94,"Isabel",0,NA,NA,NA,NA,NA,NA,NA,"",7.3742802303263,-0.085637162377002,"7.28864306794929","7.158145042425170",-0.130498025524127,-0.12014383336415,"7.16849923458515",NA,NA,NA,NA,17.4,30.52271327,2014.613218,2083.949673,7.667,992.5,1.76,1.13,17.3666666666667,30.0256099733,7.85530457145811,7.724806545934,7.73354056601524,7.57013690180131,NA,NA,NA,NA,NA,NA,NA,NA
"20",17036,2017-06-06,2,12,4,3,2800,"Rowley2-Sawyers",2.36,2.144,20170427,"11:18","11:27","11:30",0,"N",NA,"Y","Y","Y","Y",4.57,1.29,1.86,3.28,0.57,12.03,44.8,32.77,32.77,"5.303035942","2.247049128",6.476489375,25.33999143,4,"",18.806,170505,"05/05/17",2.79,12.9,32.53,18.6,170530,"05/30/17",2.8,17.2,29.43,NA,NA,NA,NA,NA,NA,1.0245,1.0212,NA,NA,NA,18.66,18.55,NA,NA,32.4,31.91,32.01,NA,32.77,"Isabel",0,NA,NA,NA,NA,NA,NA,NA,"",7.89251439539347,-0.085637162377002,"7.80687723301647","7.676379207492350",-0.130498025524127,-0.12014383336415,"7.68673339965233",NA,NA,NA,NA,18.8,30.52271327,2198.413209,2142.04884,7.236,2928.7,0.75,0.48,17.6666666666667,30.0034426690333,7.59267058643477,7.46217256091067,7.4709065809919,7.30771345033602,NA,NA,NA,NA,NA,NA,NA,NA
"21",17040,2017-06-06,2,11,4,2,2800,"Ipswich",4.415,2.609,20170427,"13:35","13:47","13:50",0,"N",NA,"Y","Y","Y","Y",13.88,1.31,2.64,12.57,1.33,11.53,97.61,86.08,86.08,"1.229176093","0.2784090812",7.47304283,39.18765243,2,"",47.585,170505,"05/05/17",2.79,12.9,32.53,47.184,170530,"05/30/17",2.8,17.2,29.43,NA,NA,NA,NA,NA,NA,1.0245,1.0212,NA,NA,NA,47.34,47.18,NA,NA,86.16,85.41,85.41,NA,86.08,"Isabel",0,NA,NA,NA,NA,NA,NA,NA,"",6.83877159309021,-0.085637162377002,"6.75313443071321","6.622636405189080",-0.130498025524127,-0.12014383336415,"6.63299059734906",NA,NA,NA,NA,18.2,30.52271327,2214.570131,2131.860534,7.166,3427.4,0.63,0.4,17.4333333333333,29.9926901371,7.59255096260846,7.46205293708433,7.47078695716559,7.30769594848082,NA,NA,NA,NA,NA,NA,NA,NA
"22",17041,2017-07-24,50,18,6,3,2800,"Rowley2-Sawyers",5,2.127,20170427,"14:58","15:05","15:08",0,"N","N","Y","Y","Y","Y",9.73,1.29,2.509,8.44,1.219,NA,NA,NA,69.807,"2.069008547","0.4138017093",6.563892807,37.37962658,3,"",43.832,170504,"05/04/17",2.77,13,32.43,43.303,170531,"05/31/17",2.79,17.2,29.47,42.951,170705,"07/05/17",2.79,17,NA,1.02441,1.02123,1.0226,27,35,43.44,43.06,42.89,42.96,79.15,77.7,78.16,77.53,69.81,"Louise",1,-0.9883,-1.2486,-0.0462,-0.6319,-0.815,-0.0233,0.023,"",7.21305182341651,-0.085637162377002,"7.12741466103951","6.993670673140580",-0.133743987898925,-0.12323516237838,"7.00417949866112",NA,NA,NA,NA,17.5833333333333,30.88310659,2213.05009983333,2148.91393183333,7.2265,2996.96666666667,0.708333333333333,0.451666666666667,18.5714285714286,30.9852478585714,7.32940973260079,7.19798428925529,7.20676336430704,7.03509411420715,17.15,30.7527124375,2187.26277625,2130.31986075,7.251,2785.8,0.7275,0.4625
"23",17042,2017-07-24,50,13,5,1,900,"Rowley1-RR",2.806,1.971,20170427,"12:41","13:19","13:22",0,"N","N","Y","Y","Y","Y",4.83,1.29,1.828,3.54,0.538,NA,NA,NA,38.212,"3.977216611","1.417397224",6.909163628,22.87679235,2,"",22.859,170506,"05/06/17",2.8,13,32.67,22.949,170531,"05/31/17",2.8,17.2,29.47,22.927,170705,"07/05/17",2.79,17,NA,1.02459,1.02123,1.0226,25,35,23.02,23.01,22.9,22.98,39.97,40.24,40.13,40.19,38.21,"Louise",1,0.1675,0.4191,0.0168,0.0599,0.1489,0.0043,-0.0125,"",7.55278310940499,-0.085637162377002,"7.46714594702799","7.333401959129060",-0.133743987898925,-0.12323516237838,"7.34391078464961",NA,NA,NA,NA,17.6166666666667,30.8719797966667,1921.6925945,2101.0543935,7.63983333333333,1163.68333333333,1.78666666666667,1.14333333333333,18.2428571428571,30.9566646871429,7.84293489292654,7.71150944958106,7.72028852463278,7.54889079754906,17.425,30.7527124375,1844.90847825,2103.615344,7.717,909.15,2.02,1.2925
"24",17045,2017-06-06,2,17,6,2,2800,"Rowley1-RR",4.087,2.017,20170427,"14:01","14:06","14:11",0,"N",NA,"Y","Y","Y","Y",3.75,1.29,1.7,2.46,0.41,11.46,74.43,62.97,62.97,"2.646763009","0.6476053361",7.638765138,14.28001254,1,"",31.237,170506,"05/06/17",2.8,13,32.67,32.054,170530,"05/30/17",2.8,17.2,29.43,NA,NA,NA,NA,NA,NA,1.02459,1.0212,NA,NA,NA,32.16,32.11,NA,NA,55.62,57.25,57.14,NA,62.97,"Isabel",0,NA,NA,NA,NA,NA,NA,NA,"",6.96545105566219,-0.085637162377002,"6.87981389328519","6.749315867761060",-0.130498025524127,-0.12014383336415,"6.75967005992104",NA,NA,NA,NA,17.6,30.52271327,2170.232694,2115.38708,7.252,2766.5,0.73,0.47,17.3,30.0589713009333,7.58568971195575,7.45519168643163,7.46392570651288,7.30020519371315,NA,NA,NA,NA,NA,NA,NA,NA
"25",17048,2017-06-26,22,15,5,3,900,"Rowley1-RR",3.854,1.968,20170427,"13:53","13:56","14:01",0,"Y",NA,"Y","Y","Y","Y",6.84,1.28,2.03,5.56,0.75,NA,NA,NA,49.155,"2.744219028","0.7120443768",6.480833977,27.2328354,2,"Sickly looking",29.498,170506,"05/06/17",2.8,13,32.67,29.488,170531,"05/31/17",2.79,17.2,29.47,NA,NA,NA,NA,NA,NA,1.02459,1.02123,NA,NA,NA,29.58,29.62,NA,NA,52.37,52.6,52.35,NA,49.16,"Louise",0,NA,NA,NA,NA,NA,NA,NA,"",7.39655172413793,-0.085637162377002,"7.31091456176093","7.180416536236800",-0.130498025524127,-0.12014383336415,"7.19077072839678",NA,NA,NA,NA,17.4333333333333,30.5660055833333,2016.935858,2088.85447833333,7.74866666666667,823.433333333333,2.12,1.35666666666667,17.0714285714286,30.7052360714286,7.94442866985069,7.81393064432657,7.82266466440782,7.65280626402654,NA,NA,NA,NA,NA,NA,NA,NA
"26",17048,2017-06-26,22,15,5,3,900,"Rowley1-RR",3.854,1.968,20170427,"13:53","13:56","14:01",0,"Y",NA,"Y","Y","Y","Y",6.84,1.28,2.03,5.56,0.75,NA,NA,NA,49.155,"2.744219028","0.7120443768",6.480833977,27.2328354,2,"Sickly looking",29.498,170506,"05/06/17",2.8,13,32.67,29.488,170531,"05/31/17",2.79,17.2,29.47,NA,NA,NA,NA,NA,NA,1.02459,1.02123,NA,NA,NA,29.58,29.62,NA,NA,52.37,52.6,52.35,NA,49.16,"Louise",0,NA,NA,NA,NA,NA,NA,NA,"",7.39655172413793,-0.085637162377002,"7.31091456176093","7.180416536236800",-0.130498025524127,-0.12014383336415,"7.19077072839678",NA,NA,NA,NA,17.4333333333333,30.5660055833333,2016.935858,2088.85447833333,7.74866666666667,823.433333333333,2.12,1.35666666666667,17.0714285714286,30.7052360714286,7.94442866985069,7.81393064432657,7.82266466440782,7.65280626402654,NA,NA,NA,NA,NA,NA,NA,NA
"27",17049,2017-06-05,1,5,2,2,400,"Ipswich",4.7,2.283,20170427,"15:04","15:12","15:16",0,"Y",NA,"Y","Y","Y","Y",13.29,1.3,3.19,11.99,1.89,11.45,114.13,102.68,102.68,"1.535171012","0.3266321301",9.569342317,57.69788842,3,"Fell to ground while open",56.303,170504,"05/04/17",2.79,12.9,32.43,56.092,170530,"05/30/17",2.8,17.2,29.43,NA,NA,NA,NA,NA,NA,1.02443,1.0212,NA,NA,NA,56.27,56.07,NA,NA,102.45,102.01,102.05,NA,102.68,"Isabel",0,NA,NA,NA,NA,NA,NA,NA,"",8.21497120921305,-0.085637162377002,"8.12933404683605","7.998836021311920",-0.130498025524127,-0.12014383336415,"8.00919021347190",NA,NA,NA,NA,17.9,30.52271327,1936.974595,2063.503181,7.833,645.4,2.51,1.61,17.3,29.9765234164,8.0341869164571,7.90368889093295,7.91242291101423,7.74948544545722,NA,NA,NA,NA,NA,NA,NA,NA
"28",17050,2017-06-06,2,18,6,3,2800,"Rowley2-Sawyers",4.35,2.097,20170427,"11:39","11:44","11:49",0,"Y",NA,"Y","Y","Y","Y",8.54,1.29,2.66,7.25,1.37,11.41,71.12,59.71,59.71,"3.164721441","0.7275221703",6.545749538,45.36038411,4,"Stabbed while shucking, maybe also by syringe",33.056,170504,"05/04/17",2.76,13,32.43,32.847,170530,"05/30/17",2.8,17.2,29.43,NA,NA,NA,NA,NA,NA,1.02441,1.0212,NA,NA,NA,32.95,32.39,NA,NA,59.02,57.78,58.63,NA,59.71,"Isabel",0,NA,NA,NA,NA,NA,NA,NA,"",7.00575815738964,-0.085637162377002,"6.92012099501263","6.789622969488510",-0.130498025524127,-0.12014383336415,"6.79997716164849",NA,NA,NA,NA,17.6,30.52271327,2168.468983,2112.639928,7.249,2784.4,0.73,0.46,17.3,30.0253892276,7.57607728173237,7.44557925620827,7.4543132762895,7.29091170860373,NA,NA,NA,NA,NA,NA,NA,NA
"29",17052,2017-07-24,50,5,2,2,400,"Ipswich",3.968,2.338,20170427,"14:28","14:34","14:38",0,"N","N","Y","Y","Y","Y",5.34,1.28,1.863,4.06,0.583,NA,NA,NA,60.045,"2.391474046","0.6026900318",6.472330397,19.14081693,3,"Sickly looking",37.484,170506,"05/06/17",2.8,13,32.67,37.396,170531,"05/31/17",2.79,17.2,29.47,37.012,170705,"07/05/17",2.79,17,NA,1.02459,1.02123,1.0226,25,35,37.52,37.56,36.96,37.02,67.29,67.42,67.13,66.43,60.05,"Louise",1,-0.1632,-0.2425,-0.0097,-0.6949,-1.0461,-0.0299,-0.0202,"Stabbed while shucking",7.44337811900192,-0.085637162377002,"7.35774095662492","7.223996968725990",-0.133743987898925,-0.12323516237838,"7.23450579424654",NA,NA,NA,NA,17.46,30.7437527,1952.862239,2097.729392,7.8784,586.32,2.79,1.784,18.1142857142857,30.9661733557143,8.10429240527092,7.97286696192544,7.98164603697717,7.81015807466422,17.3333333333333,30.5660055833333,1935.80093233333,2066.05191366667,7.84733333333333,626.533333333333,2.56,1.63666666666667
"30",17053,2017-06-26,22,10,4,1,2800,"Rowley2-Sawyers",3.676,1.75,20170427,"13:58","14:06","14:10",0,"N",NA,"Y","Y","Y","Y",5.09,1.28,1.73,3.81,0.45,NA,NA,NA,25.27,"4.673930994","1.271471979",3.928182807,17.74212922,3,"",15.645,170505,"05/05/17",2.79,12.9,32.53,15.499,170531,"05/31/17",2.79,17.2,29.47,NA,NA,NA,NA,NA,NA,1.0245,1.02123,NA,NA,NA,15.55,15.5,NA,NA,26.49,26.22,26.22,NA,25.27,"Louise",0,NA,NA,NA,NA,NA,NA,NA,"",7.51724137931034,-0.085637162377002,"7.43160421693334","7.301106191409220",-0.130498025524127,-0.12014383336415,"7.31146038356920",6808.44,32.081,3.95,6804.2,17.2666666666667,30.5660055833333,2046.16083,2115.201048,7.354,2172.8,0.91,0.583333333333333,17.0142857142857,30.6862055057143,7.52438924767232,7.39389122214821,7.40262524222945,7.23294758429044,NA,NA,NA,NA,NA,NA,NA,NA
"31",17053,2017-06-26,22,10,4,1,2800,"Rowley2-Sawyers",3.676,1.75,20170427,"13:58","14:06","14:10",0,"N",NA,"Y","Y","Y","Y",5.09,1.28,1.73,3.81,0.45,NA,NA,NA,25.27,"4.673930994","1.271471979",3.928182807,17.74212922,3,"",15.645,170505,"05/05/17",2.79,12.9,32.53,15.499,170531,"05/31/17",2.79,17.2,29.47,NA,NA,NA,NA,NA,NA,1.0245,1.02123,NA,NA,NA,15.55,15.5,NA,NA,26.49,26.22,26.22,NA,25.27,"Louise",0,NA,NA,NA,NA,NA,NA,NA,"",7.51724137931034,-0.085637162377002,"7.43160421693334","7.301106191409220",-0.130498025524127,-0.12014383336415,"7.31146038356920",6808.44,32.081,3.95,6804.2,17.2666666666667,30.5660055833333,2046.16083,2115.201048,7.354,2172.8,0.91,0.583333333333333,17.0142857142857,30.6862055057143,7.52438924767232,7.39389122214821,7.40262524222945,7.23294758429044,NA,NA,NA,NA,NA,NA,NA,NA
"32",17054,2017-06-05,1,12,4,3,2800,"Rowley1-RR",3.435,2.719,20170427,"16:10","16:21","16:25",0,"Y",NA,"Y","Y","Y","Y",11.73,1.3,2.61,10.43,1.31,11.6,121.12,109.52,109.52,"1.146815495","0.3338618616",11.7262051,42.86504867,1,"",64.83,170506,"05/06/17",2.8,13,32.67,64.846,170601,"06/01/17",2.8,17,29.6,NA,NA,NA,NA,NA,NA,1.02459,1.02138,NA,NA,NA,65.05,65.03,NA,NA,118.38,118.76,118.41,NA,109.52,"Isabel",0,NA,NA,NA,NA,NA,NA,NA,"",7.8809980806142,-0.085637162377002,"7.7953609182372","7.664862892713070",-0.130498025524127,-0.12014383336415,"7.67521708487305",NA,NA,NA,NA,18.8,30.52271327,2198.413209,2142.04884,7.236,2928.7,0.75,0.48,17.95,29.94360357855,7.69829543955721,7.5677974140331,7.57653143411434,7.41390662410216,NA,NA,NA,NA,NA,NA,NA,NA
"33",17061,2017-06-06,2,3,1,3,400,"Rowley2-Sawyers",3.739,2.289,20170427,"13:29","13:35","13:38",0,"N",NA,"Y","Y","Y","Y",8.63,1.28,2.24,7.35,0.96,11.46,72.56,61.1,61.1,"2.137679949","0.5717250466",7.139042254,32.81486366,0,"",33.366,170504,"05/04/17",2.79,12.9,32.43,33.389,170530,"05/30/17",2.8,17.2,29.43,NA,NA,NA,NA,NA,NA,1.02443,1.0212,NA,NA,NA,33.49,33.37,NA,NA,59.6,59.61,59.64,NA,61.1,"Isabel",0,NA,NA,NA,NA,NA,NA,NA,"",7.69097888675624,-0.085637162377002,"7.60534172437924","7.474843698855110",-0.130498025524127,-0.12014383336415,"7.48519789101509",NA,NA,NA,NA,18.1,30.52271327,1913.169539,2068.176676,7.905,536.6,2.93,1.87,17.6,30.0253892276,8.05777243487655,7.9272744093524,7.93600842943368,7.77260686174791,NA,NA,NA,NA,NA,NA,NA,NA
"34",17065,2017-06-06,2,13,5,1,900,"Rowley1-RR",3.566,2.058,20170427,"11:32","11:38","11:41",0,"N",NA,"Y","Y","Y","Y",6.12,1.29,2.2,4.83,0.91,11.48,63.18,51.7,51.7,"3.64421271","1.021932897",7.044721582,33.59139484,3,"",27.131,170504,"05/04/17",2.77,13,32.43,27.153,170530,"05/30/17",2.8,17.2,29.43,NA,NA,NA,NA,NA,NA,1.02441,1.0212,NA,NA,NA,27.24,26.92,NA,NA,47.95,47.55,47.99,NA,51.7,"Isabel",0,NA,NA,NA,NA,NA,NA,NA,"",7.55854126679463,-0.085637162377002,"7.47290410441762","7.342406078893500",-0.130498025524127,-0.12014383336415,"7.35276027105348",NA,NA,NA,NA,18,30.52271327,2024.832453,2068.727096,7.574,1241.7,1.47,0.94,17.8,30.0699445785667,7.89318975646866,7.76269173094453,7.77142575102579,7.60760101972678,NA,NA,NA,NA,NA,NA,NA,NA
"35",17066,2017-06-05,1,18,6,3,2800,"Rowley1-RR",5.322,2.794,20170427,"16:15","16:30","16:35",0,"Y",NA,"Y","Y","Y","Y",14.58,1.27,2.82,13.31,1.55,11.46,105.02,93.56,93.56,"1.244696389","0.2338775627",6.292003292,40.19583568,2,"Returned to tank temporarily before shucking",52.489,170505,"05/05/17",2.79,12.9,32.53,52.31,170531,"05/31/17",2.8,17,29.6,NA,NA,NA,NA,NA,NA,1.0245,1.02138,NA,NA,NA,52.47,52.22,NA,NA,95.32,94.82,94.99,NA,93.56,"Isabel",0,NA,NA,NA,NA,NA,NA,NA,"",7.10364683301344,-0.085637162377002,"7.01800967063643","6.887511645112310",-0.130498025524127,-0.12014383336415,"6.89786583727229",NA,NA,NA,NA,17.6,30.52271327,2168.468983,2112.639928,7.249,2784.4,0.73,0.46,17.2,29.9765234164,7.67620922082136,7.54571119529725,7.55444521537849,7.39150774982149,NA,NA,NA,NA,NA,NA,NA,NA
"36",17069,2017-06-13,9,1,1,1,400,"Ipswich",4.999,2.539,20170427,"13:15","13:20","13:25",0,"N",NA,"Y","Y","Y","Y",8.74,1.27,2.31,7.47,1.04,11.51,111.65,100.14,100.14,"1.390289204","0.2781134635",7.889722884,29.19176946,NA,"",57.402,170505,"05/05/17",2.79,12.9,32.53,56.813,170531,"05/31/17",2.79,17.2,29.47,NA,NA,NA,NA,NA,NA,1.0245,1.02123,NA,NA,NA,57,56.82,NA,NA,104.5,103.42,103.4,NA,100.14,"Isabel",0,NA,NA,NA,NA,NA,NA,NA,"",7.81765834932822,-0.085637162377002,"7.73202118695121","7.601523161427090",-0.130498025524127,-0.12014383336415,"7.61187735358707",NA,NA,NA,NA,17.8,30.240187765,1896.352885,2057.464609,7.93,501.15,3.015,1.93,17.4833333333333,30.0099819418833,8.09130261445894,7.96080458893482,7.96953860901607,7.80628337173849,NA,NA,NA,NA,NA,NA,NA,NA
"37",17070,2017-06-13,9,2,1,2,400,"Rowley2-Sawyers",4.804,2.232,20170427,"11:03","11:11","11:15",0,"Y",NA,"Y","Y","Y","N",9.62,1.3,2.55,8.32,1.25,11.58,58.81,47.23,47.23,"3.18103715","0.6621642695",4.404744851,38.17345058,3,"",29.195,170504,"05/04/17",2.77,13,32.43,28.867,170530,"05/30/17",2.74,17.2,29.43,NA,NA,NA,NA,NA,NA,1.02441,1.0212,NA,NA,NA,28.96,29.22,NA,NA,51.8,51.85,51.19,NA,47.23,"Isabel",0,NA,NA,NA,NA,NA,NA,NA,"",6.78694817658349,-0.085637162377002,"6.70131101420649","6.570812988682360",-0.130498025524127,-0.12014383336415,"6.58116718084234",NA,NA,NA,NA,17.75,30.30817371,1893.673253,2056.7754115,7.9345,495.15,3.04,1.945,17.4833333333333,30.0883089288,8.09868222444226,7.96818419891813,7.97691821899939,7.8129190726272,NA,NA,NA,NA,NA,NA,NA,NA
"38",17072,2017-06-13,9,12,4,3,2800,"Rowley1-RR",4.074,2.292,20170427,"13:51","13:57","14:02",0,"Y",NA,"Y","Y","Y","Y",9.19,1.28,2.71,7.91,1.43,11.51,85.24,73.73,73.73,"2.451970947","0.6018583572",7.896026477,46.79702216,1,"Returned to tank temporarily before shucking",41.238,170506,"05/06/17",2.8,13,32.67,41.024,170530,"05/30/17",2.8,17.2,29.43,NA,NA,NA,NA,NA,NA,1.02459,1.0212,NA,NA,NA,41.16,41.1,NA,NA,74.3,74.04,73.9,NA,73.73,"Isabel",0,NA,NA,NA,NA,NA,NA,NA,"",7.61612284069098,-0.085637162377002,"7.53048567831398","7.399987652789850",-0.130498025524127,-0.12014383336415,"7.41034184494983",NA,NA,NA,NA,18.15,30.30817371,1771.7820245,2093.8059705,7.283,2575.4,0.79,0.505,17.55,30.0886320595167,7.50794737457545,7.37744934905133,7.38618336913257,7.22218115383244,NA,NA,NA,NA,NA,NA,NA,NA
"39",17075,2017-06-26,22,7,3,1,900,"Rowley2-Sawyers",5.77,1.955,20170427,"10:36","10:50","10:57",0,"Y",NA,"Y","Y","Y","Y",10.9,1.28,2.54,9.62,1.26,NA,NA,NA,65.044,"2.013669685","0.3489895468",5.766133143,37.51537204,1,"",39.837,170504,"05/04/17",2.76,13,32.43,39.814,170531,"05/31/17",2.79,17.2,29.47,NA,NA,NA,NA,NA,NA,1.02441,1.02123,NA,NA,NA,39.94,39.38,NA,NA,71.69,70.83,71.64,NA,65.04,"Louise",0,NA,NA,NA,NA,NA,NA,NA,"",7.62068965517241,-0.085637162377002,"7.53505249279541","7.404554467271290",-0.130498025524127,-0.12014383336415,"7.41490865943127",NA,NA,NA,NA,17.0666666666667,30.5660055833333,2019.829669,2091.12548266667,7.677,979.833333333333,1.79,1.14333333333333,17,30.66710562,7.91071307251319,7.78021504698909,7.78894906707032,7.61945280993897,NA,NA,NA,NA,NA,NA,NA,NA
"40",17075,2017-06-26,22,7,3,1,900,"Rowley2-Sawyers",5.77,1.955,20170427,"10:36","10:50","10:57",0,"Y",NA,"Y","Y","Y","Y",10.9,1.28,2.54,9.62,1.26,NA,NA,NA,65.044,"2.013669685","0.3489895468",5.766133143,37.51537204,1,"",39.837,170504,"05/04/17",2.76,13,32.43,39.814,170531,"05/31/17",2.79,17.2,29.47,NA,NA,NA,NA,NA,NA,1.02441,1.02123,NA,NA,NA,39.94,39.38,NA,NA,71.69,70.83,71.64,NA,65.04,"Louise",0,NA,NA,NA,NA,NA,NA,NA,"",7.62068965517241,-0.085637162377002,"7.53505249279541","7.404554467271290",-0.130498025524127,-0.12014383336415,"7.41490865943127",NA,NA,NA,NA,17.0666666666667,30.5660055833333,2019.829669,2091.12548266667,7.677,979.833333333333,1.79,1.14333333333333,17,30.66710562,7.91071307251319,7.78021504698909,7.78894906707032,7.61945280993897,NA,NA,NA,NA,NA,NA,NA,NA
"41",17079,2017-08-23,80,6,2,3,400,"Rowley1-RR",3.777,2.532,20170427,"10:11","10:22","10:29",0,"N","N","Y","Y","Y","Y",4.72,1.29,1.904,3.43,0.614,NA,NA,NA,61.797,"2.896722274","0.7669373243",6.461847526,19.85468623,3,"",37.4,170506,"05/06/17",2.8,13,32.67,37.421,170601,"06/01/17",2.81,17,29.6,37.407,170707,"07/07/17",2.79,16.7,NA,1.02459,1.02138,1.0226,26,36,37.54,37.41,37.36,37.54,67.13,67.16,67.17,67.39,61.8,"Louise",1,0.0399,0.0594,0.0023,0.2217,0.329,0.0091,0.0069,"",7.45,-0.085637162377002,"7.364362837623","7.228441325557060",-0.135921512065941,-0.12531108276629,"7.23905175485671",40331.78,32.081,19.84,39846.2,17.8428571428571,30.8413692628571,1958.30127071429,2122.04061414286,7.91962714285714,530.078642857143,3.07989714285714,1.97237428571429,19.2714285714286,31.0908110646286,8.08722223107622,7.95127674605409,7.96025786234997,7.78302313229315,17.3333333333333,30.5660055833333,1924.64392533333,2087.714916,7.934,502.933333333333,3.04666666666667,1.94666666666667
"42",17080,2017-06-06,2,14,5,2,900,"Ipswich",3.322,2.372,20170427,"10:54","11:04","11:07",0,"N",NA,"Y","Y","Y","Y",6.51,1.3,1.89,5.21,0.59,11.45,71.51,60.06,60.06,"1.885510523","0.5675829388",7.62203634,21.01816781,1,"",32.599,170505,"05/05/17",2.79,12.9,32.53,32.313,170531,"05/31/17",2.79,17.2,29.47,NA,NA,NA,NA,NA,NA,1.0245,1.02123,NA,NA,NA,32.42,32.31,NA,NA,58.16,57.62,57.63,NA,60.06,"Isabel",0,NA,NA,NA,NA,NA,NA,NA,"",7.489443378119,-0.085637162377002,"7.403806215742","7.273308190217870",-0.130498025524127,-0.12014383336415,"7.28366238237785",NA,NA,NA,NA,18,30.52271327,2007.967781,2083.553736,7.678,966.6,1.85,1.18,17.9666666666667,30.0589713009333,7.87999784693582,7.7494998214117,7.75823384149295,7.59451332869322,NA,NA,NA,NA,NA,NA,NA,NA
"43",17082,2017-08-23,80,9,3,3,900,"Rowley1-RR",3.922,2.529,20170427,"1036","10:38","10:44",0,"N","N","Y","Y","Y","Y",5.46,1.28,1.849,4.18,0.569,NA,NA,NA,55.286,"2.46218576","0.627788312",5.573894582,18.06691732,1,"",33.673,170505,"05/05/17",2.79,12.9,32.53,33.838,170531,"05/31/17",2.81,17.2,29.47,33.885,170705,"07/05/17",2.79,17,NA,1.0245,1.02123,1.0226,26,35,33.95,33.69,33.84,34.04,60.17,60.2,60.48,60.85,55.29,"Louise",1,0.3089,0.5133,0.0197,0.3708,0.6093,0.0174,-0.0023,"",7.55384615384615,-0.085637162377002,"7.46820899146915","7.332287479403210",-0.135921512065941,-0.12531108276629,"7.34289790870286",NA,NA,NA,NA,18.1,30.8316981814286,2040.30392271429,2126.592121,7.70239285714286,945.568571428571,2.0172,1.29375142857143,19.7571428571429,31.0620901742429,7.82502314979844,7.6890776647763,7.69805878107219,7.52110506230688,17.0333333333333,30.5326918966667,1992.717583,2092.42291166667,7.76466666666667,791.3,2.15666666666667,1.38
"44",17085,2017-07-24,50,16,6,1,2800,"Rowley1-RR",6.1,1.844,20170427,"14:33","14:41","14:44",0,"N","N","Y","Y","Y","Y",8.08,1.31,2.231,6.77,0.921,NA,NA,NA,77.076,"1.765028789","0.2893489818",6.852174531,27.46086761,2,"",48.638,170504,"05/04/17",2.77,13,32.43,48.263,170531,"05/31/17",2.81,17.2,29.47,47.652,170705,"07/05/17",2.79,17,NA,1.02441,1.02123,1.0226,27,35,48.41,47.78,47.59,47.86,88.13,86.53,87.43,86.68,77.08,"Louise",1,-0.7012,-0.7957,-0.0295,-0.7435,-0.8578,-0.0245,0.005,"",7.00575815738964,-0.085637162377002,"6.92012099501263","6.786377007113710",-0.133743987898925,-0.12323516237838,"6.79688583263425",NA,NA,NA,NA,17.5833333333333,30.8887547933333,2203.43165366667,2147.7144135,7.25083333333333,2829.08333333333,0.753333333333333,0.483333333333333,18.5714285714286,31.0090909871429,7.33121005965961,7.19978461631411,7.20856369136585,7.03666793671827,17.15,30.7611847425,2184.0928095,2131.0916305,7.26325,2721.275,0.755,0.485
"45",17090,2017-06-13,9,17,6,2,2800,"Rowley2-Sawyers",5.49,2.316,20170427,"14:29","14:33","14:39",0,"Y",NA,"Y","Y","Y","Y",13.03,1.29,2.53,11.74,1.24,11.57,66.52,54.95,54.95,"1.922143872","0.350117281",4.321721705,34.77492767,1,"",32.751,170505,"05/05/17",2.79,12.9,32.53,32.162,170530,"05/30/17",2.8,17.2,29.43,NA,NA,NA,NA,NA,NA,1.0245,1.0212,NA,NA,NA,32.27,32.16,NA,NA,58.45,57.35,57.35,NA,54.95,"Isabel",0,NA,NA,NA,NA,NA,NA,NA,"Some shell still attached to soft tissue (corrected)",7.42034548944338,-0.085637162377002,"7.33470832706638","7.204210301542250",-0.130498025524127,-0.12014383336415,"7.21456449370223",NA,NA,NA,NA,17.3,30.30817371,2147.817433,2089.099136,7.2425,2792.45,0.695,0.445,17.1166666666667,30.1050999654667,7.53189715817758,7.40139913265347,7.41013315273471,7.24597453380555,NA,NA,NA,NA,NA,NA,NA,NA
"46",17093,2017-06-13,9,9,3,3,900,"Rowley1-RR",4.47,2.838,20170427,"11:35","11:41","11:46",0,"N",NA,"Y","Y","Y","Y",9.07,1.28,2.53,7.79,1.25,11.41,206.79,195.38,195.38,"0.8212822752","0.1837320526",15.40139967,35.09538862,1,"",52.247,170505,"05/05/17",2.79,12.9,32.53,52.043,170601,"06/01/17",2.8,17,29.6,NA,NA,NA,NA,NA,NA,1.0245,1.02138,NA,NA,NA,52.2,51.95,NA,NA,94.87,94.32,94.49,NA,195.38,"Isabel",0,NA,NA,NA,NA,NA,NA,NA,"Low P2 volume",7.06333973128599,-0.085637162377002,"6.97770256890899","6.847204543384860",-0.130498025524127,-0.12014383336415,"6.85755873554484",NA,NA,NA,NA,17.15,30.30817371,1961.468883,2066.640135,7.7835,750.2,2.22,1.42,17.1833333333333,30.0663623718833,7.83809091101138,7.70759288548727,7.71632690556851,7.55253619621054,NA,NA,NA,NA,NA,NA,NA,NA
"47",17094,2017-08-23,80,17,6,2,2800,"Ipswich",5.072,2.536,20170427,"13:32","13:35","13:43",2,"Y","N","Y","Y","Y","Y",14.57,1.28,3.652,13.29,2.372,NA,NA,NA,101.019,"1.766796941","0.3483432455",7.853704759,66.13790556,4,"",63.729,170505,"05/05/17",2.79,12.9,32.53,63.417,170601,"06/01/17",2.8,17,29.6,62.739,170707,"07/07/17",2.81,16.8,NA,1.0245,1.02138,1.02265,27,36,63.61,63.31,62.66,62.41,116.32,115.53,115.74,113.86,101.02,"Louise",1,-0.5835,-0.5016,-0.0186,-1.8724,-1.6444,-0.0457,-0.0271,"",7.17307692307692,-0.085637162377002,"7.08743976069992","6.951518248633980",-0.135921512065941,-0.12531108276629,"6.96212867793363",18681.6,32.081,4.64,17721.9,17.9125,30.89595887375,2213.42364325,2158.39299475,7.25279,2879.046125,0.7762425,0.49724375,19.3571428571429,31.0667579932,7.35021522342879,7.21426973840664,7.22325085470254,7.04625146500517,17.15,30.7610491875,2178.69761925,2133.86304325,7.288,2563.775,0.7975,0.51
"48",17095,2017-06-26,22,1,1,1,400,"Rowley2-Sawyers",5.149,3.013,20170427,"13:11","13:19","13:23",0,"Y",NA,"Y","Y","Y","Y",10.53,1.29,2.31,9.24,1.02,NA,NA,NA,106.978,"1.031890766","0.2004060529",6.895606189,25.89638601,1,"",67.265,170506,"05/06/17",2.8,13,32.67,65.903,170531,"05/31/17",2.81,17.2,29.47,NA,NA,NA,NA,NA,NA,1.02459,1.02123,NA,NA,NA,66.12,65.91,NA,NA,122.93,120.39,120.38,NA,106.98,"Louise",0,NA,NA,NA,NA,NA,NA,NA,"",7.63218390804598,-0.085637162377002,"7.54654674566898","7.416048720144850",-0.130498025524127,-0.12014383336415,"7.42640291230483",NA,NA,NA,NA,17.5666666666667,30.4873679333333,1925.26143133333,2082.21875166667,7.917,524.666666666667,2.96,1.89333333333333,17.0857142857143,30.6288025471429,8.19059868691128,8.06010066138717,8.06883468146841,7.89970220705579,NA,NA,NA,NA,NA,NA,NA,NA
"49",17098,2017-06-05,1,10,4,1,2800,"Rowley2-Sawyers",4.453,2.251,20170427,"13:21","13:29","13:33",0,"N",NA,"Y","Y","Y","Y",6.13,1.28,1.81,4.85,0.53,11.4,76.51,65.11,65.11,"1.678365082","0.3769065983",6.495603471,16.74024364,1,"Different order sampled: DM, then gills, then M1/M2",34.448,170504,"05/04/17",2.76,13,32.43,34.18,170531,"05/31/17",2.79,17.2,29.47,NA,NA,NA,NA,NA,NA,1.02441,1.02123,NA,NA,NA,34.29,33.8,NA,NA,61.62,60.42,61.12,NA,65.11,"Isabel",0,NA,NA,NA,NA,NA,NA,NA,"",7.46641074856046,-0.085637162377002,"7.38077358618346","7.250275560659330",-0.130498025524127,-0.12014383336415,"7.26062975281931",NA,NA,NA,NA,17.8,30.52271327,2156.099866,2119.868988,7.308,2428.4,0.84,0.54,17.45,29.9271436621,7.67848102805142,7.5479830025273,7.55671702260855,7.39424854034528,NA,NA,NA,NA,NA,NA,NA,NA
"50",17099,2017-08-23,80,3,1,3,400,"Rowley1-RR",3.245,2.115,20170427,"13:38","13:46","13:51",0,"N","N","Y","Y","Y","Y",9.28,1.29,2.169,7.99,0.879,NA,NA,NA,85.934,"1.280197776","0.3945139524",12.52102708,33.5526123,4,"",52.579,170506,"05/06/17",2.8,13,32.67,52.377,170531,"05/31/17",2.79,17.2,29.47,52.182,170707,"07/07/17",2.8,16.8,NA,1.02459,1.02123,1.02265,25,37,52.55,52.68,52.11,51.92,95.49,95.68,95.11,94.26,85.93,"Louise",1,-0.3768,-0.3946,-0.0158,-0.8485,-0.9002,-0.0243,-0.0085,"",7.66923076923077,-0.085637162377002,"7.58359360685377","7.447672094787830",-0.135921512065941,-0.12531108276629,"7.45828252408748",NA,NA,NA,NA,18.1285714285714,30.8314568928571,1968.97611028571,2120.414571,7.88471428571429,581.157142857143,2.90285714285714,1.85857142857143,19.3428571428571,31.0234220585286,8.0720076771204,7.93606219209827,7.94504330839415,7.76846792668565,17.5333333333333,30.5660055833333,1925.63579233333,2078.63817833333,7.907,536.233333333333,2.89333333333333,1.85
"51",17104,2017-06-06,2,6,2,3,400,"Rowley2-Sawyers",3.947,1.813,20170427,"13:51","14:00","14:03",0,"N",NA,"Y","Y","Y","Y",7.24,1.29,2.19,5.95,0.9,11.56,47.7,36.14,36.14,"4.185404101","1.060401343",5.050370246,33.64418747,1,"",20.289,170506,"05/06/17",2.8,13,32.67,20.122,170530,"05/30/17",2.8,17.2,29.43,NA,NA,NA,NA,NA,NA,1.02459,1.0212,NA,NA,NA,20.19,20.18,NA,NA,35.17,34.96,34.85,NA,36.14,"Isabel",0,NA,NA,NA,NA,NA,NA,NA,"",7.69673704414587,-0.085637162377002,"7.61109988176887","7.480601856244740",-0.130498025524127,-0.12014383336415,"7.49095604840472",NA,NA,NA,NA,17.9,30.52271327,1918.229745,2068.096616,7.895,550.7,2.85,1.82,17.5333333333333,30.0697238328333,8.05999941862211,7.929501393098,7.93823541317924,7.77441277840872,NA,NA,NA,NA,NA,NA,NA,NA
"52",17106,2017-07-24,50,14,5,2,900,"Ipswich",3.801,2.507,20170427,"14:17","14:22","14:25",0,"N","N","Y","Y","Y","Y",7.49,1.29,2.036,6.2,0.746,NA,NA,NA,86.175,"1.396258551","0.3673397925",9.043344775,24.16644263,5,"",52.506,170506,"05/06/17",2.8,13,32.67,52.161,170601,"06/01/17",2.81,17.2,29.47,51.866,170707,"07/07/17",2.79,16.7,NA,1.02459,1.02123,1.02267,26,36,52.33,52.23,51.79,52.03,95.35,94.84,94.71,94.47,86.18,"Louise",1,-0.6452,-0.6766,-0.026,-0.2395,-0.2535,-0.007,0.019,"17106 replaced 17125 which was already dead; 17106 didn't look health",7.61612284069098,-0.085637162377002,"7.53048567831398","7.396741690415050",-0.133743987898925,-0.12323516237838,"7.40725051593560",NA,NA,NA,NA,17.6,30.810486782,1851.242687,2116.4554992,7.7198,893.04,2.038,1.306,18.2142857142857,30.9805078157143,7.84310832394625,7.71168288060077,7.72046195565249,7.54883777890071,17.4,30.5882147066667,1701.56904733333,2094.36908066667,7.75766666666667,800.533333333333,2.15666666666667,1.38
"53",17108,2017-06-13,9,18,6,3,2800,"Ipswich",4.055,2.132,20170427,"10:46","10:58","11:03",0,"N",NA,"Y","Y","Y","Y",8.12,1.29,2.35,6.83,1.06,11.46,57.27,45.81,45.81,"3.387855433","0.8354760624",5.298857409,36.05096015,3,"",26.816,170506,"05/06/17",2.8,13,32.67,26.905,170530,"05/30/17",2.8,17.2,29.43,NA,NA,NA,NA,NA,NA,1.02459,1.0212,NA,NA,NA,26.99,26.94,NA,NA,47.36,47.6,47.53,NA,45.81,"Isabel",0,NA,NA,NA,NA,NA,NA,NA,"Different order sampled: DM, then gills, then M1/M2",7.63339731285989,-0.085637162377002,"7.54776015048288","7.417262124958760",-0.130498025524127,-0.12014383336415,"7.42761631711874",25962.33,32.081,19.94,26265.3,17.3,30.30817371,2139.1813535,2085.129951,7.2565,2696.95,0.72,0.455,17.1166666666667,30.0883089288,7.51756444332309,7.38706641779898,7.39580043788022,7.23180129150803,NA,NA,NA,NA,NA,NA,NA,NA
"54",17110,2017-06-26,22,11,4,2,2800,"Ipswich",4.02,2.471,20170427,"14:13","14:19","14:24",0,"Y",NA,"Y","Y","Y","Y",9.6,1.3,1.92,8.3,0.62,NA,NA,NA,81.184,"0.9201172051","0.2288848769",8.1728146,19.67171801,1,"",49.502,170504,"05/04/17",2.77,13,32.43,48.892,170531,"05/31/17",2.81,17.2,29.47,NA,NA,NA,NA,NA,NA,1.02441,1.02123,NA,NA,NA,49.04,48.41,NA,NA,89.74,87.7,88.6,NA,81.18,"Louise",0,NA,NA,NA,NA,NA,NA,NA,"Maybe dying, detached from shell",7.33333333333333,-0.085637162377002,"7.24769617095633","7.117198145432200",-0.130498025524127,-0.12014383336415,"7.12755233759218",NA,NA,NA,NA,17.4,30.55490102,2034.641152,2120.52961566667,7.29366666666667,2577.4,0.816666666666667,0.52,17.0142857142857,30.7147736,7.52454366041451,7.39404563489039,7.40277965497164,7.23283067209098,NA,NA,NA,NA,NA,NA,NA,NA
"55",17110,2017-06-26,22,11,4,2,2800,"Ipswich",4.02,2.471,20170427,"14:13","14:19","14:24",0,"Y",NA,"Y","Y","Y","Y",9.6,1.3,1.92,8.3,0.62,NA,NA,NA,81.184,"0.9201172051","0.2288848769",8.1728146,19.67171801,1,"",49.502,170504,"05/04/17",2.77,13,32.43,48.892,170531,"05/31/17",2.81,17.2,29.47,NA,NA,NA,NA,NA,NA,1.02441,1.02123,NA,NA,NA,49.04,48.41,NA,NA,89.74,87.7,88.6,NA,81.18,"Louise",0,NA,NA,NA,NA,NA,NA,NA,"Maybe dying, detached from shell",7.33333333333333,-0.085637162377002,"7.24769617095633","7.117198145432200",-0.130498025524127,-0.12014383336415,"7.12755233759218",NA,NA,NA,NA,17.4,30.55490102,2034.641152,2120.52961566667,7.29366666666667,2577.4,0.816666666666667,0.52,17.0142857142857,30.7147736,7.52454366041451,7.39404563489039,7.40277965497164,7.23283067209098,NA,NA,NA,NA,NA,NA,NA,NA
"56",17111,2017-07-24,50,4,2,1,400,"Rowley1-RR",3.09,1.701,20170427,"13:20","13:29","13:33",0,"N","N","Y","Y","Y","Y",3.83,1.31,1.723,2.52,0.413,NA,NA,NA,31.784,"5.156333026","1.66871619",6.047080625,18.01435244,5,"Stabbed by syringe",18.96,170506,"05/06/17",2.8,13,32.67,19.009,170531,"05/31/17",2.81,17.2,29.47,19.081,170705,"07/05/17",2.79,17,NA,1.02459,1.02123,1.0226,25,35,19.07,19.04,19.06,19.17,32.68,32.82,32.77,33.07,31.78,"Louise",1,0.0909,0.2782,0.0111,0.2932,0.8868,0.0253,0.0142,"",7.59884836852207,-0.085637162377002,"7.51321120614507","7.379467218246150",-0.133743987898925,-0.12323516237838,"7.38997604376669",NA,NA,NA,NA,17.3833333333333,30.8552840433333,1954.8877045,2110.504092,7.90733333333333,543.2,2.94166666666667,1.88333333333333,18.1142857142857,30.9757106071429,8.10439826187118,7.9729728185257,7.98175189357743,7.81017333310404,17.25,30.7610491875,1945.8013315,2097.72756025,7.90275,547.075,2.88,1.8425
"57",17113,2017-07-24,50,1,1,1,400,"Rowley1-RR",3.428,1.361,20170427,"14:05","14:09","14:12",0,"N","N","Y","Y","Y","Y",5.87,1.3,2.093,4.57,0.793,NA,NA,NA,51.089,"3.396484095","0.9908063288",10.95036168,36.71332494,1,"",31.01,170505,"05/05/17",2.79,12.9,32.53,31.092,170601,"06/01/17",2.8,17,29.6,31.06,170707,"07/07/17",2.79,16.7,NA,1.0245,1.02138,1.02267,27,36,31.19,31.03,31.02,31.09,55.19,55.23,55.35,55.35,51.09,"Louise",1,0.1538,0.2787,0.0103,-0.0027,-0.0049,-1e-04,-0.0105,"17113 replaced 17102 which was already dead",7.80038387715931,-0.085637162377002,"7.71474671478231","7.581002726883380",-0.133743987898925,-0.12323516237838,"7.59151155240393",NA,NA,NA,NA,17.65,30.8159819066667,1966.092835,2116.42481816667,7.88816666666667,585.65,2.88333333333333,1.84666666666667,17.9571428571429,30.8468998528571,8.11754794447636,7.98612250113087,7.9949015761826,7.82454628368179,17.525,30.6770607,1937.4437025,2100.6777935,7.928,513.55,3.0575,1.9575
"58",17114,2017-06-26,22,17,6,2,2800,"Ipswich",3.992,1.934,20170427,"14:08","14:12","14:16",0,"Y",NA,"Y","Y","Y","Y",7.42,1.28,1.82,6.14,0.54,NA,NA,NA,49.779,"1.766766764","0.4425768446",6.447616018,19.43436069,1,"",30.066,170504,"05/04/17",2.76,13,32.43,30,170531,"05/31/17",2.81,17.2,29.47,NA,NA,NA,NA,NA,NA,1.02441,1.02123,NA,NA,NA,30.09,29.54,NA,NA,53.43,52.45,53.31,NA,49.78,"Louise",0,NA,NA,NA,NA,NA,NA,NA,"Maybe dying, detached from shell",7.5,-0.085637162377002,"7.414362837623","7.283864812098870",-0.130498025524127,-0.12014383336415,"7.29421900425885",NA,NA,NA,NA,17.1,30.5660055833333,2170.60040766667,2117.219732,7.262,2698.2,0.736666666666667,0.47,16.9428571428571,30.7148600257143,7.57549643770761,7.44499841218349,7.45373243226474,7.28378262855747,NA,NA,NA,NA,NA,NA,NA,NA
"59",17114,2017-06-26,22,17,6,2,2800,"Ipswich",3.992,1.934,20170427,"14:08","14:12","14:16",0,"Y",NA,"Y","Y","Y","Y",7.42,1.28,1.82,6.14,0.54,NA,NA,NA,49.779,"1.766766764","0.4425768446",6.447616018,19.43436069,1,"",30.066,170504,"05/04/17",2.76,13,32.43,30,170531,"05/31/17",2.81,17.2,29.47,NA,NA,NA,NA,NA,NA,1.02441,1.02123,NA,NA,NA,30.09,29.54,NA,NA,53.43,52.45,53.31,NA,49.78,"Louise",0,NA,NA,NA,NA,NA,NA,NA,"Maybe dying, detached from shell",7.5,-0.085637162377002,"7.414362837623","7.283864812098870",-0.130498025524127,-0.12014383336415,"7.29421900425885",NA,NA,NA,NA,17.1,30.5660055833333,2170.60040766667,2117.219732,7.262,2698.2,0.736666666666667,0.47,16.9428571428571,30.7148600257143,7.57549643770761,7.44499841218349,7.45373243226474,7.28378262855747,NA,NA,NA,NA,NA,NA,NA,NA
"60",17116,2017-06-26,22,8,3,2,900,"Rowley1-RR",3.69,2.401,20170427,"13:40","13:47","13:51",0,"Y",NA,"Y","Y","Y","Y",5.69,1.29,1.92,4.4,0.63,NA,NA,NA,72.33,"1.979563365","0.5364670366",8.163942531,21.16563421,2,"",43.821,170504,"05/04/17",2.77,13,32.43,43.855,170601,"06/01/17",2.8,17,29.6,NA,NA,NA,NA,NA,NA,1.02441,1.02138,NA,NA,NA,43.99,43.52,NA,NA,79.13,78.56,79.19,NA,72.33,"Louise",0,NA,NA,NA,NA,NA,NA,NA,"",7.27586206896552,-0.085637162377002,"7.19022490658852","7.059726881064390",-0.130498025524127,-0.12014383336415,"7.07008107322437",NA,NA,NA,NA,17.0333333333333,30.5326918966667,2012.91465033333,2086.85488866667,7.68666666666667,951.3,1.82,1.16333333333333,16.9285714285714,30.6814360928571,7.90760585676207,7.77710783123794,7.7858418513192,7.61620949078967,NA,NA,NA,NA,NA,NA,NA,NA
"61",17116,2017-06-26,22,8,3,2,900,"Rowley1-RR",3.69,2.401,20170427,"13:40","13:47","13:51",0,"Y",NA,"Y","Y","Y","Y",5.69,1.29,1.92,4.4,0.63,NA,NA,NA,72.33,"1.979563365","0.5364670366",8.163942531,21.16563421,2,"",43.821,170504,"05/04/17",2.77,13,32.43,43.855,170601,"06/01/17",2.8,17,29.6,NA,NA,NA,NA,NA,NA,1.02441,1.02138,NA,NA,NA,43.99,43.52,NA,NA,79.13,78.56,79.19,NA,72.33,"Louise",0,NA,NA,NA,NA,NA,NA,NA,"",7.27586206896552,-0.085637162377002,"7.19022490658852","7.059726881064390",-0.130498025524127,-0.12014383336415,"7.07008107322437",NA,NA,NA,NA,17.0333333333333,30.5326918966667,2012.91465033333,2086.85488866667,7.68666666666667,951.3,1.82,1.16333333333333,16.9285714285714,30.6814360928571,7.90760585676207,7.77710783123794,7.7858418513192,7.61620949078967,NA,NA,NA,NA,NA,NA,NA,NA
"62",17117,2017-06-06,2,5,2,2,400,"Ipswich",5.018,2.397,20170427,"11:03","11:11","11:16",0,"N",NA,"Y","Y","Y","N",12.52,1.3,3.04,11.22,1.74,11.44,106.08,94.64,94.64,"1.63863286","0.3265509885",7.868211776,50.17067023,3,"Maybe dying, detached from shell",55.448,170504,"05/04/17",2.76,13,32.43,55.338,170530,"05/30/17",2.8,17.2,29.43,NA,NA,NA,NA,NA,NA,1.02441,1.0212,NA,NA,NA,55.51,54.57,NA,NA,100.85,99.21,100.64,NA,94.64,"Isabel",0,NA,NA,NA,NA,NA,NA,NA,"",6.95969289827255,-0.085637162377002,"6.87405573589555","6.743557710371420",-0.130498025524127,-0.12014383336415,"6.75391190253140",NA,NA,NA,NA,17.9,30.52271327,1936.974595,2063.503181,7.833,645.4,2.51,1.61,17.4666666666667,30.0589713009333,8.05990783702093,7.9294098114968,7.93814383157806,7.77442331877833,NA,NA,NA,NA,NA,NA,NA,NA
"63",17119,2017-06-05,1,3,1,3,400,"Ipswich",5.387,2.004,20170427,"15:08","15:19","15:24",0,"Y",NA,"Y","Y","Y","Y",11.24,1.3,2.35,9.94,1.05,11.4,83.37,71.97,71.97,"1.467747712","0.2724610566",6.666637025,31.95706991,1,"",42.005,170504,"05/04/17",2.77,13,32.43,39.805,170530,"05/30/17",2.8,17.2,29.43,NA,NA,NA,NA,NA,NA,1.02441,1.0212,NA,NA,NA,39.93,39.57,NA,NA,75.73,71.19,71.63,NA,71.97,"Isabel",0,NA,NA,NA,NA,NA,NA,NA,"",7.10364683301344,-0.085637162377002,"7.01800967063643","6.887511645112310",-0.130498025524127,-0.12014383336415,"6.89786583727229",NA,NA,NA,NA,18.1,30.52271327,1913.169539,2068.176676,7.905,536.6,2.93,1.87,17.85,29.9765234164,8.04828466081801,7.91778663529385,7.92652065537514,7.76358318981812,NA,NA,NA,NA,NA,NA,NA,NA
"64",17120,2017-07-24,50,7,3,1,900,"Rowley1-RR",3.187,2.04,20170427,"14:22","14:28","14:30",0,"N","N","Y","Y","Y","Y",4.64,1.3,1.631,3.34,0.331,NA,NA,NA,36.703,"2.700100711","0.847223317",5.645329986,12.98141035,2,"",22.093,170504,"05/04/17",2.77,13,32.43,21.974,170601,"06/01/17",2.81,17,29.6,21.941,170705,"07/05/17",2.79,17,NA,1.02441,1.02138,1.0226,28,34,22.04,21.75,21.91,22.04,38.54,37.9,38.31,38.45,36.7,"Louise",1,-0.2223,-0.5769,-0.0206,0.1318,0.3427,0.0101,0.0307,"",7.73128598848369,-0.085637162377002,"7.64564882610668","7.511904838207760",-0.133743987898925,-0.12323516237838,"7.52241366372830",NA,NA,NA,NA,17.55,30.8664163983333,2048.77536366667,2117.77163166667,7.658,1037.16666666667,1.78333333333333,1.14,18.0142857142857,30.9661154971429,7.82605982244259,7.6946343790971,7.70341345414884,7.5319258950009,17.375,30.7527124375,2034.85212425,2104.5855655,7.66475,1015.775,1.7825,1.14
"65",17122,2017-06-13,9,10,4,1,2800,"Ipswich",3.405,2.333,20170427,"14:35","14:42","14:46",0,"Y",NA,"Y","Y","Y","Y",9.1,1.27,2.63,7.83,1.36,11.47,57.48,46.01,46.01,"3.775069166","1.108684043",5.791890975,48.25285126,4,"Valve came off",27.196,170505,"05/05/17",2.79,12.9,32.53,27.11,170530,"05/30/17",2.8,17.2,29.43,NA,NA,NA,NA,NA,NA,1.0245,1.0212,NA,NA,NA,27.2,27.11,NA,NA,48.07,47.91,47.91,NA,46.01,"Isabel",0,NA,NA,NA,NA,NA,NA,NA,"",7.85796545105566,-0.085637162377002,"7.77232828867866","7.641830263154530",-0.130498025524127,-0.12014383336415,"7.65218445531451",23375.76,32.081,30.34,24386.2,17.65,30.30817371,1983.9055425,2091.7994875,7.325,2303.75,0.85,0.545,17.3666666666667,30.0886912390333,7.50713870555979,7.37664068003567,7.38537470011692,7.22137192276044,NA,NA,NA,NA,NA,NA,NA,NA
"66",17129,2017-07-24,50,12,4,3,2800,"Rowley2-Sawyers",4.381,2.201,20170427,"13:56","14:03","14:08",0,"N","N","Y","Y","Y","Y",3.69,1.28,1.635,2.41,0.355,NA,NA,NA,NA,"#VALUE!","#VALUE!",NA,11.43224979,NA,"",28.079,170504,"05/04/17",2.76,13,32.43,27.553,170601,"06/01/17",2.8,17,29.6,27.111,170705,"07/05/17",2.79,17,NA,1.02441,1.02138,1.0226,28,34,27.63,27.2,27.08,27.17,49.72,48.07,48.74,48.02,NA,"Louise",1,-0.9827,-1.9765,-0.0706,-0.7117,-1.4821,-0.0436,0.027,"",7.41458733205374,-0.085637162377002,"7.32895016967674","7.195206181777820",-0.133743987898925,-0.12323516237838,"7.20571500729836",NA,NA,NA,NA,17.8,30.871979795,2057.776161,2141.28330133333,7.30216666666667,2513.55,0.846666666666667,0.543333333333333,18.2857142857143,30.9375037428571,7.35551059660156,7.22408515325607,7.23286422830781,7.06164846364119,17.55,30.7527124375,1982.34567075,2130.862156,7.31825,2403.1,0.8625,0.5525
"67",17130,2017-08-23,80,18,6,3,2800,"Rowley1-RR",2.672,1.977,20170427,"14:02","14:08","14:12",0,"N","N","Y","Y","Y","Y",2.89,1.28,1.579,1.61,0.299,NA,NA,NA,21.806,"8.516659897","3.187372716",4.127935328,13.00917113,1,"Stabbed while shucking",13.159,170506,"05/06/17",2.8,13,32.67,13.233,170601,"06/01/17",2.8,17,29.6,13.153,170707,"07/07/17",2.81,16.8,NA,1.02459,1.02138,1.02265,26,36,13.27,13.26,13.14,13.09,21.85,22.04,21.98,21.71,21.81,"Louise",1,0.1389,0.6357,0.0244,-0.2764,-1.2735,-0.0354,-0.0598,"",7.09807692307692,-0.085637162377002,"7.01243976069992","6.876518248633980",-0.135921512065941,-0.12531108276629,"6.88712867793363",NA,NA,NA,NA,17.925,30.89179049875,2231.70941475,2166.043114375,7.21976625,3073.761375,0.71371375,0.45526,19.3428571428571,31.0667579932,7.33584373427286,7.19989824925073,7.20887936554661,7.03187997584925,17.15,30.7527124375,2187.26277625,2130.31986075,7.251,2785.8,0.7275,0.4625
"68",17131,2017-06-05,1,17,6,2,2800,"Ipswich",3.983,1.8,20170427,"13:09","13:14","13:19",0,"N",NA,"Y","Y","Y","Y",4.25,1.28,1.69,2.97,0.41,11.35,48.84,37.49,37.49,"3.682238945","0.9244888137",5.22916841,15.31237128,2,"",21.634,170506,"05/06/17",2.8,13,32.67,21.493,170530,"05/30/17",2.8,17.2,29.43,NA,NA,NA,NA,NA,NA,1.02459,1.0212,NA,NA,NA,21.56,21.52,NA,NA,37.68,37.47,37.41,NA,37.49,"Isabel",0,NA,NA,NA,NA,NA,NA,NA,"",7.30518234165067,-0.085637162377002,"7.21954517927367","7.089047153749540",-0.130498025524127,-0.12014383336415,"7.09940134590952",NA,NA,NA,NA,17.6,30.52271327,2170.232694,2115.38708,7.252,2766.5,0.73,0.47,17.2,29.9765234164,7.69014944848549,7.5596514229614,7.56838544304262,7.40544797748561,NA,NA,NA,NA,NA,NA,NA,NA
"69",17133,2017-07-24,50,10,4,1,2800,"Rowley1-RR",2.939,1.977,20170427,"13:33","13:37","13:41",0,"N","N","Y","Y","Y","Y",3.56,1.29,1.543,2.27,0.253,NA,NA,NA,25.014,"4.455654613","1.516044441",4.305037017,10.49584464,2,"",15.006,170506,"05/06/17",2.8,13,32.67,15.009,170601,"06/01/17",2.8,17,29.6,14.856,170705,"07/05/17",2.79,17,NA,1.02459,1.02138,1.0226,26,34,15.06,15.04,14.84,14.89,25.3,25.37,25.3,25.08,25.01,"Louise",1,0.0044,0.0172,7e-04,-0.2227,-0.8882,-0.0261,-0.0268,"",7.16122840690979,-0.085637162377002,"7.07559124453279","6.941847256633860",-0.133743987898925,-0.12323516237838,"6.95235608215441",NA,NA,NA,NA,17.6333333333333,30.8664163983333,2135.20763966667,2141.470415,7.2985,2534.21666666667,0.833333333333333,0.535,18.3285714285714,30.9470409942857,7.35800225418715,7.22657681084166,7.2353558858934,7.06404950477313,17.3,30.7527124375,2091.51209725,2129.94939625,7.33025,2325.725,0.875,0.56
"70",17135,2017-06-13,9,14,5,2,900,"Rowley2-Sawyers",2.408,1.464,20170427,"10:40","10:48","10:53",0,"N",NA,"Y","Y","Y","N",2.78,1.31,1.5,1.47,0.19,11.47,27.83,16.36,16.36,"7.900470702","3.280926371",4.640723998,10.11940136,2,"",9.165,170506,"05/06/17",2.8,13,32.67,9.092,170531,"05/31/17",2.81,17.2,29.47,NA,NA,NA,NA,NA,NA,1.02459,1.02123,NA,NA,NA,9.12,9.1,NA,NA,14.38,14.27,14.25,NA,16.36,"Isabel",0,NA,NA,NA,NA,NA,NA,NA,"",7.31669865642994,-0.085637162377002,"7.23106149405294","7.100563468528810",-0.130498025524127,-0.12014383336415,"7.11091766068879",3646.09,32.081,1.3,3550.9,17.7,30.30817371,1535.606664,2067.4784575,7.7365,837.75,2.05,1.31,17.7,30.1050999654667,7.88588500618568,7.75538698066155,7.7641210007428,7.59996238181364,NA,NA,NA,NA,NA,NA,NA,NA
"71",17138,2017-06-05,1,4,2,1,400,"Rowley2-Sawyers",3.127,1.58,20170427,"11:43","12:09","12:13",0,"N",NA,"Y","Y","Y","Y",4.37,1.3,1.79,3.07,0.49,11.35,36.39,25.04,25.04,"6.374166155","2.038428575",5.06814879,22.04466969,2,"",12.556,170506,"05/06/17",2.8,13,32.67,12.73,170530,"05/30/17",2.8,17.2,29.43,NA,NA,NA,NA,NA,NA,1.02459,1.0212,NA,NA,NA,12.77,12.79,NA,NA,20.72,21.15,21.04,NA,25.04,"Isabel",0,NA,NA,NA,NA,NA,NA,NA,"Returned to tank temporarily before shucking",7.28214971209213,-0.085637162377002,"7.19651254971513","7.066014524191000",-0.130498025524127,-0.12014383336415,"7.07636871635098",NA,NA,NA,NA,17.9,30.52271327,1934.243691,2067.48616,7.851,617.3,2.61,1.67,17.3,29.99298333285,8.04551642856356,7.9150184030394,7.92375242312069,7.76065862981476,NA,NA,NA,NA,NA,NA,NA,NA
"72",17141,2017-06-05,1,7,3,1,900,"Rowley2-Sawyers",2.513,2.045,20170427,"14:27","14:37","14:41",0,"N",NA,"Y","Y","Y","Y",3.93,1.29,1.6,2.64,0.31,11.38,33.94,22.56,22.56,"5.204975285","2.071219771",4.389886526,13.67473104,3,"",12.294,170504,"05/04/17",2.79,12.9,32.43,12.295,170530,"05/30/17",2.8,17.2,29.43,NA,NA,NA,NA,NA,NA,1.02443,1.0212,NA,NA,NA,12.33,12.26,NA,NA,20.23,20.16,20.23,NA,22.56,"Isabel",0,NA,NA,NA,NA,NA,NA,NA,"",7.61612284069098,-0.085637162377002,"7.53048567831398","7.399987652789850",-0.130498025524127,-0.12014383336415,"7.41034184494983",NA,NA,NA,NA,17.5,30.52271327,2027.867543,2082.507393,7.617,1122.5,1.59,1.02,17.1,29.96006349995,7.89869224284353,7.7681942173194,7.77692823740066,7.61414709959256,NA,NA,NA,NA,NA,NA,NA,NA
"73",17142,2017-06-13,9,16,6,1,2800,"Rowley1-RR",2.524,2.052,20170427,"13:22","13:27","13:32",0,"N",NA,"Y","Y","Y","Y",3.9,1.29,1.69,2.61,0.4,11.46,42.79,31.33,31.33,"4.891691828","1.938071247",6.049140725,17.57626686,1,"",18.293,170505,"05/05/17",2.79,12.9,32.53,18.253,170531,"05/31/17",2.81,17.2,29.47,NA,NA,NA,NA,NA,NA,1.0245,1.02123,NA,NA,NA,18.31,18.17,NA,NA,31.44,31.21,31.36,NA,31.33,"Isabel",0,NA,NA,NA,NA,NA,NA,NA,"",7.81190019193858,-0.085637162377002,"7.72626302956158","7.595765004037450",-0.130498025524127,-0.12014383336415,"7.60611919619743",NA,NA,NA,NA,17.3,30.32511832,2153.04375,2086.2202635,7.2185,2961.1,0.665,0.425,17.2166666666667,30.1108390854667,7.53202863233446,7.40153060681033,7.41026462689159,7.24605150077746,NA,NA,NA,NA,NA,NA,NA,NA
"74",17143,2017-07-24,50,2,1,2,400,"Ipswich",2.731,1.981,20170427,"15:05","15:10","15:14",1,"Y","N","Y","Y","Y","Y",4.6,1.29,1.964,3.31,0.674,NA,NA,NA,39.959,"5.095857695","1.865931049",7.385985241,28.97722605,2,"",24.005,170505,"05/05/17",2.79,12.9,32.53,24.064,170601,"06/01/17",2.81,17,29.6,24.049,170705,"07/05/17",2.79,17,NA,1.0245,1.02138,1.0226,27,34,24.14,23.96,24.02,24.16,42.11,42.03,42.22,42.4,39.96,"Louise",1,0.1102,0.2618,0.0097,0.1846,0.4355,0.0128,0.0031,"",7.42610364683301,-0.085637162377002,"7.34046648445601","7.206722496557090",-0.133743987898925,-0.12323516237838,"7.21723132207763",NA,NA,NA,NA,17.68,30.777133078,1956.4106114,2109.3660076,7.8934,578.84,2.924,1.872,17.9428571428571,30.8517261057143,8.12480056984711,7.99337512650161,8.00215420155335,7.83175310839264,17.5333333333333,30.5660055833333,1944.45466866667,2082.163501,7.862,627.566666666667,2.69333333333333,1.72333333333333
"75",17145,2017-08-23,80,16,6,1,2800,"Ipswich",3.369,1.82,20170427,"10:51","10:33","11:01",0,"N","N","Y","Y","Y","Y",3.67,1.29,1.651,2.38,0.361,NA,NA,NA,NA,"#VALUE!","#VALUE!",NA,14.57877396,NA,"",21.984,170505,"05/05/17",2.79,12.9,32.53,22.047,170531,"05/31/17",2.8,17.2,29.47,21.869,170707,"07/07/17",2.79,16.7,NA,1.0245,1.02123,1.02267,26,37,22.12,22,21.84,21.89,38.33,38.36,38.45,38.16,NA,"Louise",1,0.1171,0.3054,0.0117,-0.2875,-0.7535,-0.0204,-0.0321,"",6.91923076923077,-0.085637162377002,"6.83359360685377","6.697672094787830",-0.135921512065941,-0.12531108276629,"6.70828252408748",NA,NA,NA,NA,17.925,30.90023839375,2223.645104875,2166.1429435,7.2431225,2909.240625,0.75637875,0.48536625,19.3428571428571,31.0715714132,7.33749702048057,7.20155153545843,7.21053265175432,7.03348616653335,17.15,30.7611847425,2184.0928095,2131.0916305,7.26325,2721.275,0.755,0.485
"76",17147,2017-06-06,2,10,4,1,2800,"Rowley1-RR",4.948,1.615,20170427,"10:49","10:54","10:59",0,"Y",NA,"Y","Y","Y","Y",5.26,1.29,1.77,3.97,0.48,11.54,53.23,41.69,41.69,"2.900139146","0.5861235138",5.217106202,16.9800955,0,"",23.267,170504,"05/04/17",2.77,13,32.43,22.59,170530,"05/30/17",2.8,17.2,29.43,NA,NA,NA,NA,NA,NA,1.02441,1.0212,NA,NA,NA,22.66,22.46,NA,NA,40.73,39.21,39.46,NA,41.69,"Isabel",0,NA,NA,NA,NA,NA,NA,NA,"",7.28214971209213,-0.085637162377002,"7.19651254971513","7.066014524191000",-0.130498025524127,-0.12014383336415,"7.07636871635098",NA,NA,NA,NA,17.8,30.52271327,2156.099866,2119.868988,7.308,2428.4,0.84,0.54,17.3,30.0148574380667,7.5759352910621,7.44543726553797,7.45417128561923,7.29086974340775,NA,NA,NA,NA,NA,NA,NA,NA
"77",17151,2017-06-26,22,14,5,2,900,"Ipswich",3.088,2.12,20170427,"10:42","10:58","11:05",0,"Y",NA,"Y","Y","Y","Y",7.7,1.27,2.54,6.43,1.27,NA,NA,NA,40.56,"4.869616964","1.576948499",6.195620295,49.63604215,2,"",24.454,170504,"05/04/17",2.79,12.9,32.43,24.493,170601,"06/01/17",2.81,17,29.6,NA,NA,NA,NA,NA,NA,1.02443,1.02138,NA,NA,NA,24.57,24.38,NA,NA,42.95,42.81,43.02,NA,40.56,"Louise",0,NA,NA,NA,NA,NA,NA,NA,"",7.52873563218391,-0.085637162377002,"7.44309846980691","7.312600444282780",-0.130498025524127,-0.12014383336415,"7.32295463644276",NA,NA,NA,NA,17.4,30.5882147066667,1701.56904733333,2094.36908066667,7.75766666666667,800.533333333333,2.15666666666667,1.38,17.0571428571429,30.7147542671429,7.93484299536055,7.80434496983643,7.81307898991768,7.64313019065046,NA,NA,NA,NA,NA,NA,NA,NA
"78",17151,2017-06-26,22,14,5,2,900,"Ipswich",3.088,2.12,20170427,"10:42","10:58","11:05",0,"Y",NA,"Y","Y","Y","Y",7.7,1.27,2.54,6.43,1.27,NA,NA,NA,40.56,"4.869616964","1.576948499",6.195620295,49.63604215,2,"",24.454,170504,"05/04/17",2.79,12.9,32.43,24.493,170601,"06/01/17",2.81,17,29.6,NA,NA,NA,NA,NA,NA,1.02443,1.02138,NA,NA,NA,24.57,24.38,NA,NA,42.95,42.81,43.02,NA,40.56,"Louise",0,NA,NA,NA,NA,NA,NA,NA,"",7.52873563218391,-0.085637162377002,"7.44309846980691","7.312600444282780",-0.130498025524127,-0.12014383336415,"7.32295463644276",NA,NA,NA,NA,17.4,30.5882147066667,1701.56904733333,2094.36908066667,7.75766666666667,800.533333333333,2.15666666666667,1.38,17.0571428571429,30.7147542671429,7.93484299536055,7.80434496983643,7.81307898991768,7.64313019065046,NA,NA,NA,NA,NA,NA,NA,NA
"79",17154,2017-06-13,9,7,3,1,900,"Ipswich",3.841,2.465,20170427,"13:36","13:40","13:45",0,"Y","Y","Y","Y","Y","Y",11.74,1.31,3.16,10.43,1.85,11.41,91.55,80.14,80.14,"2.213288777","0.5762272266",8.464242694,60.1230651,3,"",45.156,170504,"05/04/17",2.79,12.9,32.43,45.052,170531,"05/31/17",2.8,17.2,29.47,NA,NA,NA,NA,NA,NA,1.02443,1.02123,NA,NA,NA,45.19,44.95,NA,NA,81.62,81.24,81.43,NA,80.14,"Isabel",0,NA,NA,NA,NA,NA,NA,NA,"See photo for G1 maturity",7.47792706333973,-0.085637162377002,"7.39228990096273","7.261791875438600",-0.130498025524127,-0.12014383336415,"7.27214606759858",13044.99,32.081,6.88,12949.6,17.2,30.30817371,1993.6744745,2066.5208165,7.684,957.3,1.8,1.15,17.0166666666667,30.08841930165,7.83926590450958,7.70876787898547,7.71750189906671,7.55350170443045,NA,NA,NA,NA,NA,NA,NA,NA
"80",17155,2017-06-06,2,9,3,3,900,"Rowley2-Sawyers",2.498,1.876,20170427,"13:47","13:53","13:57",0,"N",NA,"Y","Y","Y","Y",3.07,1.29,1.52,1.78,0.23,11.43,40.78,29.35,29.35,"4.402503685","1.762411403",6.263006141,10.62466394,2,"",16.748,170505,"05/05/17",2.79,12.9,32.53,16.764,170530,"05/30/17",2.74,17.2,29.43,NA,NA,NA,NA,NA,NA,1.0245,1.0212,NA,NA,NA,16.82,17.07,NA,NA,28.55,29.15,28.58,NA,29.35,"Isabel",0,NA,NA,NA,NA,NA,NA,NA,"",7.35124760076775,-0.085637162377002,"7.26561043839075","7.135112412866630",-0.130498025524127,-0.12014383336415,"7.14546660502661",NA,NA,NA,NA,17.4,30.52271327,2002.897836,2082.907693,7.701,910.7,1.89,1.21,17.3666666666667,29.9814961137667,7.86049665642107,7.72999863089693,7.73873265097819,7.57574795732086,NA,NA,NA,NA,NA,NA,NA,NA
"81",17157,2017-06-26,22,6,2,3,400,"Ipswich",2.979,2.137,20170427,"14:20","14:26","14:30",0,"Y",NA,"Y","Y","Y","Y",8.28,1.29,2.36,6.99,1.07,NA,NA,NA,39.87,"3.839373529","1.288812866",6.262838465,42.40785097,4,"",23.871,170505,"05/05/17",2.79,12.9,32.53,23.857,170601,"06/01/17",2.8,17,29.6,NA,NA,NA,NA,NA,NA,1.0245,1.02138,NA,NA,NA,23.93,23.82,NA,NA,41.86,41.75,41.83,NA,39.87,"Louise",0,NA,NA,NA,NA,NA,NA,NA,"",7.7816091954023,-0.085637162377002,"7.6959720330253","7.565474007501170",-0.130498025524127,-0.12014383336415,"7.57582819966115",NA,NA,NA,NA,17.3333333333333,30.5660055833333,1924.64392533333,2087.714916,7.934,502.933333333333,3.04666666666667,1.94666666666667,16.8285714285714,30.7148550228571,8.20038481466659,8.06988678914247,8.07862080922371,7.90867105303099,NA,NA,NA,NA,NA,NA,NA,NA
"82",17158,2017-07-24,50,9,3,3,900,"Rowley2-Sawyers",3.5,1.943,20170501,"15:11","15:21","15:24",0,"N","N","Y","Y","Y","Y",5.57,1.29,1.663,4.28,0.373,NA,NA,NA,37.207,"2.342288621","0.6692253202",5.471215352,14.30337119,1,"",16.267,170505,"05/05/17",2.79,12.9,32.53,15.997,170601,"06/01/17",2.81,17,29.6,15.681,170705,"07/05/17",2.79,17,NA,1.0245,1.02138,1.0226,27,34,16.05,15.93,15.66,15.76,27.65,27.02,27.15,26.7,37.21,"Louise",1,-0.5044,-1.8242,-0.0676,-0.4504,-1.6873,-0.0496,0.0179,"",7.83493282149712,-0.085637162377002,"7.74929565912012","7.615551671221190",-0.133743987898925,-0.12323516237838,"7.62606049674174",NA,NA,NA,NA,17.42,30.777173096,2024.721241,2116.0465852,7.729,876.68,2.066,1.324,18.0714285714286,30.9804213757143,7.8238163039578,7.69239086061231,7.70116993566404,7.52954647011528,17.0333333333333,30.5326918966667,1992.717583,2092.42291166667,7.76466666666667,791.3,2.15666666666667,1.38
"83",17162,2017-06-13,9,6,2,3,400,"Rowley1-RR",4.383,2.317,20170427,"11:25","11:28","11:33",0,"N",NA,"Y","Y","Y","Y",9.24,1.29,2.2,7.95,0.91,11.37,94.4,83.03,83.03,"1.378603021","0.3145341138",8.175936946,28.55568878,5,"",46.606,170505,"05/05/17",2.79,12.9,32.53,46.498,170531,"05/31/17",2.8,17.2,29.47,NA,NA,NA,NA,NA,NA,1.0245,1.02123,NA,NA,NA,46.65,46.41,NA,NA,84.33,83.97,84.13,NA,83.03,"Isabel",0,NA,NA,NA,NA,NA,NA,NA,"",7.5700575815739,-0.085637162377002,"7.4844204191969","7.353922393672770",-0.130498025524127,-0.12014383336415,"7.36427658583275",11197.18,32.081,7.38,11252,17.55,30.30817371,1896.667032,2057.582602,7.9325,499.6,3.005,1.92,17.4,30.1104762314167,8.09230085181903,7.9618028262949,7.97053684637616,7.80632716646159,NA,NA,NA,NA,NA,NA,NA,NA
"84",17163,2017-06-26,22,4,2,1,400,"Rowley2-Sawyers",2.788,1.691,20170501,"14:26","14:32","14:36",0,"Y",NA,"Y","Y","Y","Y",3.93,1.29,1.64,2.64,0.35,NA,NA,NA,16.365,"8.101176754","2.905730543",3.471199964,16.1194365,5,"",9.23,170505,"05/05/17",2.79,12.9,32.53,9.321,170531,"05/31/17",2.79,17.2,29.47,NA,NA,NA,NA,NA,NA,1.0245,1.02123,NA,NA,NA,9.35,9.32,NA,NA,14.51,14.68,14.68,NA,16.37,"Louise",0,NA,NA,NA,NA,NA,NA,NA,"Valve came off",7.39655172413793,-0.085637162377002,"7.31091456176093","7.180416536236800",-0.130498025524127,-0.12014383336415,"7.19077072839678",NA,NA,NA,NA,17.3333333333333,30.5660055833333,1935.40578133333,2083.32966133333,7.89533333333333,554.833333333333,2.82,1.80333333333333,16.8857142857143,30.6860738414286,8.19439402297079,8.06389599744666,8.07263001752791,7.90295361006799,NA,NA,NA,NA,NA,NA,NA,NA
"85",17166,2017-07-24,50,6,2,3,400,"Rowley2-Sawyers",3.719,1.815,20170501,"14:09","14:16","14:19",0,"N","N","Y","Y","Y","Y",7.04,1.28,2.38,5.76,1.1,NA,NA,NA,30.697,"6.221201493","1.672815674",4.54771381,42.33906678,5,"",18.797,170506,"05/06/17",2.8,13,32.67,19.007,170531,"05/31/17",2.81,17,29.6,19.11,170705,"07/05/17",2.79,17,NA,1.02459,1.02138,1.0226,25,35,19.07,19.03,19.09,19.2,32.38,32.81,32.77,33.13,30.7,"Louise",1,0.3929,1.2136,0.0485,0.3614,1.0908,0.0312,-0.0174,"",7.64491362763916,-0.085637162377002,"7.55927646526215","7.425532477363230",-0.133743987898925,-0.12323516237838,"7.43604130288377",NA,NA,NA,NA,17.46,30.750428776,1944.7027434,2109.9236574,7.932,509.82,3.09,1.976,18.1285714285714,30.9280529328571,8.10473144365116,7.97330600030566,7.98208507535741,7.810959142755,17.3333333333333,30.5660055833333,1924.64392533333,2087.714916,7.934,502.933333333333,3.04666666666667,1.94666666666667
"86",17170,2017-07-24,50,11,4,2,2800,"Ipswich",2.984,2.227,20170427,"15:27","15:33","15:36",0,"N","N","Y","Y","Y","Y",4.4,1.3,1.759,3.1,0.459,NA,NA,NA,32.195,"4.598991027","1.541216832",4.844727937,17.80545875,4,"",19.293,170506,"05/06/17",2.8,13,32.67,19.334,170531,"05/31/17",2.79,17.2,29.47,19.162,170705,"07/05/17",2.79,17,NA,1.02459,1.02123,1.0226,25,35,19.4,19.42,19.14,19.17,33.3,33.53,33.38,33.07,32.2,"Louise",1,0.076,0.2281,0.0091,-0.3097,-0.9365,-0.0268,-0.0359,"",6.97696737044146,-0.085637162377002,"6.89133020806446","6.757586220165530",-0.133743987898925,-0.12323516237838,"6.76809504568608",NA,NA,NA,NA,17.7166666666667,30.8608641166667,2121.79374033333,2046.82480083333,7.27166666666667,2745.51666666667,0.8,0.51,18.3571428571429,30.95180962,7.35083233676809,7.2194068934226,7.22818596847433,7.05683429742045,17.4,30.744384015,2072.856206,2133.5127295,7.31475,2455.65,0.8625,0.55
"87",17173,2017-06-13,9,15,5,3,900,"Ipswich",3.838,2.015,20170427,"13:43","13:47","13:52",0,"Y",NA,"Y","Y","Y","Y",7.28,1.29,2.15,5.99,0.86,11.52,67.38,55.86,55.86,"2.57022236","0.66967753",7.223054812,30.92490974,1,"",32.532,170504,"05/04/17",2.76,13,32.43,32.673,170530,"05/30/17",2.8,17.2,29.43,NA,NA,NA,NA,NA,NA,1.02441,1.0212,NA,NA,NA,32.78,32.31,NA,NA,58.04,57.62,58.3,NA,55.86,"Isabel",0,NA,NA,NA,NA,NA,NA,NA,"",7.56429942418426,-0.085637162377002,"7.47866226180726","7.348164236283130",-0.130498025524127,-0.12014383336415,"7.35851842844311",NA,NA,NA,NA,17.75,30.30817371,2009.1182175,2057.657177,7.717,882.15,1.965,1.26,17.7166666666667,30.0883089288,7.89415650078649,7.76365847526235,7.77239249534362,7.60839334897143,NA,NA,NA,NA,NA,NA,NA,NA
"88",17174,2017-06-13,9,3,1,3,400,"Rowley1-RR",3.163,1.694,20170427,"14:22","14:27","14:32",0,"N",NA,"Y","Y","Y","Y",3.28,1.29,1.6,1.99,0.31,11.45,35.27,23.82,23.82,"6.53983604","2.067605451",4.445587465,13.39230695,NA,"",12.866,170505,"05/05/17",2.79,12.9,32.53,12.896,170530,"05/30/17",2.8,17.2,29.43,NA,NA,NA,NA,NA,NA,1.0245,1.0212,NA,NA,NA,12.94,12.89,NA,NA,21.3,21.35,21.35,NA,23.82,"Isabel",0,NA,NA,NA,NA,NA,NA,NA,"Stabbed shucking",7.75431861804223,-0.085637162377002,"7.66868145566523","7.538183430141100",-0.130498025524127,-0.12014383336415,"7.54853762230108",NA,NA,NA,NA,17.75,30.30817371,1900.399795,2053.525065,7.9105,526.1,2.89,1.845,17.5,30.0883089288,8.09493548372511,7.96443745820098,7.97317147828224,7.80917233191006,NA,NA,NA,NA,NA,NA,NA,NA
"89",17176,2017-06-13,9,4,2,1,400,"Ipswich",3.325,1.834,20170427,"13:28","13:34","13:38",0,"Y",NA,"Y","Y","Y","N",4.74,1.3,1.97,3.44,0.67,11.28,59.61,48.33,48.33,"4.029949138","1.212014778",7.925484376,27.13184405,3,"",37.542,170506,"05/06/17",2.8,13,32.67,36.478,170530,"05/30/17",2.8,17.2,29.43,NA,NA,NA,NA,NA,NA,1.02459,1.0212,NA,NA,NA,36.6,36.62,NA,NA,67.4,65.68,65.41,NA,48.33,"Isabel",0,NA,NA,NA,NA,NA,NA,NA,"",7.13243761996161,-0.085637162377002,"7.04680045758461","6.916302432060480",-0.130498025524127,-0.12014383336415,"6.92665662422046",24227.87,32.081,5.45,22814.9,17.55,30.30817371,1911.8822225,2051.226297,7.8775,573.8,2.685,1.715,17.35,30.11048422095,8.09598770565953,7.96548968013538,7.97422370021666,7.81001394442165,NA,NA,NA,NA,NA,NA,NA,NA
"90",17178,2017-08-23,80,11,4,2,2800,"Rowley2-Sawyers",4.003,2.24,20170501,"13:48","14:01","14:06",0,"N","N","Y","Y","Y","Y",7.57,1.28,2.291,6.29,1.011,NA,NA,NA,71.263,"2.255466645","0.5634440783",7.947499197,33.76248089,1,"",45.399,170505,"05/05/17",2.79,12.9,32.53,44.945,170531,"05/31/17",2.8,17.2,29.47,44.211,170707,"07/07/17",2.79,16.7,NA,1.0245,1.02123,1.02267,26,37,45.09,44.86,44.15,44.26,82.08,81.07,81.23,79.95,71.26,"Louise",1,-0.8486,-1.034,-0.0398,-1.2811,-1.6024,-0.0433,-0.0035,"",7.09230769230769,-0.085637162377002,"7.00667052993069","6.870749017864750",-0.135921512065941,-0.12531108276629,"6.88135944716440",24352.71,32.081,4.95,22754.4,18,30.90019298,2122.83585125,2075.18231525,7.3322175,2562.866125,1.0372225,0.66317875,19.1285714285714,31.0379686699571,7.34193948365736,7.20599399863524,7.21497511493111,7.03825740608687,17.4,30.744384015,2072.856206,2133.5127295,7.31475,2455.65,0.8625,0.55
"91",17179,2017-06-26,22,9,3,3,900,"Ipswich",3.166,2.011,20170427,"10:50","11:07","11:11",0,"Y",NA,"Y","Y","Y","Y",5.28,1.28,1.9,4,0.62,NA,NA,NA,39.653,"3.908909792","1.234652493",6.228064031,24.57141681,1,"",24.334,170505,"05/05/17",2.79,12.9,32.53,24.094,170531,"05/31/17",2.81,17.2,29.47,NA,NA,NA,NA,NA,NA,1.0245,1.02123,NA,NA,NA,24.17,24,NA,NA,42.72,42.09,42.27,NA,39.65,"Louise",0,NA,NA,NA,NA,NA,NA,NA,"",7.31034482758621,-0.085637162377002,"7.2247076652092","7.094209639685080",-0.130498025524127,-0.12014383336415,"7.10456383184506",NA,NA,NA,NA,17.0333333333333,30.5326918966667,1992.717583,2092.42291166667,7.76466666666667,791.3,2.15666666666667,1.38,16.9428571428571,30.7102111914286,7.90795602098192,7.77745799545781,7.78619201553905,7.61628636404854,NA,NA,NA,NA,NA,NA,NA,NA
"92",17179,2017-06-26,22,9,3,3,900,"Ipswich",3.166,2.011,20170427,"10:50","11:07","11:11",0,"Y",NA,"Y","Y","Y","Y",5.28,1.28,1.9,4,0.62,NA,NA,NA,39.653,"3.908909792","1.234652493",6.228064031,24.57141681,1,"",24.334,170505,"05/05/17",2.79,12.9,32.53,24.094,170531,"05/31/17",2.81,17.2,29.47,NA,NA,NA,NA,NA,NA,1.0245,1.02123,NA,NA,NA,24.17,24,NA,NA,42.72,42.09,42.27,NA,39.65,"Louise",0,NA,NA,NA,NA,NA,NA,NA,"",7.31034482758621,-0.085637162377002,"7.2247076652092","7.094209639685080",-0.130498025524127,-0.12014383336415,"7.10456383184506",NA,NA,NA,NA,17.0333333333333,30.5326918966667,1992.717583,2092.42291166667,7.76466666666667,791.3,2.15666666666667,1.38,16.9428571428571,30.7102111914286,7.90795602098192,7.77745799545781,7.78619201553905,7.61628636404854,NA,NA,NA,NA,NA,NA,NA,NA
"93",17181,2017-06-13,9,11,4,2,2800,"Rowley2-Sawyers",3.412,2.065,20170501,"11:18","11:21","11:26",0,"Y",NA,"Y","Y","Y","Y",5.35,1.28,2.09,4.07,0.81,11.34,38.76,27.42,27.42,"7.258103538","2.12722847",3.891691197,30.51549925,1,"",15.324,170506,"05/06/17",2.8,13,32.67,15.066,170530,"05/30/17",2.8,17.2,29.43,NA,NA,NA,NA,NA,NA,1.02459,1.0212,NA,NA,NA,15.12,15.13,NA,NA,25.89,25.53,25.41,NA,27.42,"Isabel",0,NA,NA,NA,NA,NA,NA,NA,"",7.50671785028791,-0.085637162377002,"7.42108068791091","7.290582662386780",-0.130498025524127,-0.12014383336415,"7.30093685454676",11173.48,32.081,6.32,11136.6,17.85,30.30817371,1966.5508075,2100.154531,7.236,2904.7,0.715,0.455,17.4333333333333,30.0776018552167,7.50115399007417,7.37065596455005,7.3793899846313,7.21549252849039,NA,NA,NA,NA,NA,NA,NA,NA
"94",17182,2017-06-26,22,2,1,2,400,"Ipswich",2.562,1.821,20170427,"14:32","14:40","14:45",0,"Y",NA,"Y","Y","Y","N",3.45,1.28,1.67,2.17,0.39,NA,NA,NA,27.95,"6.430178973","2.509827858",5.990909251,18.05593869,4,"",16.433,170504,"05/04/17",2.76,13,32.43,16.331,170531,"05/31/17",2.81,17.2,29.47,NA,NA,NA,NA,NA,NA,1.02441,1.02123,NA,NA,NA,16.38,16.08,NA,NA,27.96,27.31,27.77,NA,27.95,"Louise",0,NA,NA,NA,NA,NA,NA,NA,"",7.40229885057471,-0.085637162377002,"7.31666168819771","7.186163662673580",-0.130498025524127,-0.12014383336415,"7.19651785483356",NA,NA,NA,NA,17.5333333333333,30.5660055833333,1944.45466866667,2082.163501,7.862,627.566666666667,2.69333333333333,1.72333333333333,17.0857142857143,30.7052601442857,8.18799725482937,8.05749922930524,8.0662332493865,7.89637462037371,NA,NA,NA,NA,NA,NA,NA,NA
"95",17184,2017-06-13,9,8,3,2,900,"Rowley2-Sawyers",4.062,2.483,20170501,"10:30","10:34","10:41",0,"N",NA,"Y","Y","Y","Y",7.67,1.29,2.5,6.38,1.21,11.6,68.21,56.61,56.61,"3.35020619","0.8247676489",5.612760568,38.10018207,3,"",29.425,170505,"05/05/17",2.79,12.9,32.53,29.128,170601,"06/01/17",2.8,17,29.6,NA,NA,NA,NA,NA,NA,1.0245,1.02138,NA,NA,NA,29.22,29.08,NA,NA,52.23,51.58,51.68,NA,56.61,"Isabel",0,NA,NA,NA,NA,NA,NA,NA,"",7.72552783109405,-0.085637162377002,"7.63989066871705","7.509392643192920",-0.130498025524127,-0.12014383336415,"7.51974683535290",NA,NA,NA,NA,17.15,30.30817371,1983.382884,2063.2509,7.708,892.1,1.88,1.205,17.1833333333333,30.08841930165,7.831692220257,7.7011941947329,7.70992821481413,7.54592802017786,NA,NA,NA,NA,NA,NA,NA,NA
"96",17186,2017-06-05,1,6,2,3,400,"Rowley1-RR",3.781,2.148,20170427,"11:31","11:59","12:05",0,"Y",NA,"Y","Y","Y","Y",8.06,1.3,2.41,6.76,1.11,11.5,77.07,65.57,65.57,"2.50421204","0.662314742",8.073544238,38.94955512,2,"",36.541,170504,"05/04/17",2.77,13,32.43,36.644,170530,"05/30/17",2.8,17.2,29.43,NA,NA,NA,NA,NA,NA,1.02441,1.0212,NA,NA,NA,36.76,36.33,NA,NA,65.53,65.13,65.72,NA,65.57,"Isabel",0,NA,NA,NA,NA,NA,NA,NA,"Returned to tank temporarily before shucking",7.88675623800384,-0.085637162377002,"7.80111907562684","7.670621050102710",-0.130498025524129,-0.12014383336415,"7.68097524226269",NA,NA,NA,NA,17.9,30.52271327,1918.229745,2068.096616,7.895,550.7,2.85,1.82,17.35,30.00944325425,8.03168002312976,7.90118199760565,7.90991601768688,7.74666589658504,NA,NA,NA,NA,NA,NA,NA,NA
"97",17187,2017-06-06,2,15,5,3,900,"Rowley2-Sawyers",3.33,1.93,20170501,"13:18","13:20","13:24",0,"N",NA,"Y","Y","Y","Y",4.18,1.29,1.73,2.89,0.44,11.61,33.28,21.67,21.67,"7.025802259","2.109850528",3.371765548,17.35609047,0,"",12.458,170505,"05/05/17",2.79,12.9,32.53,12.325,170530,"05/30/17",2.8,17.2,29.43,NA,NA,NA,NA,NA,NA,1.0245,1.0212,NA,NA,NA,12.37,12.33,NA,NA,20.54,20.29,20.29,NA,21.67,"Isabel",0,NA,NA,NA,NA,NA,NA,NA,"Stabbed while shucking",7.63339731285988,-0.085637162377002,"7.54776015048288","7.417262124958760",-0.130498025524127,-0.12014383336415,"7.42761631711874",NA,NA,NA,NA,18.1,30.52271327,2011.739077,2076.42092,7.642,1054.6,1.71,1.1,18,30.0253892276,7.89275963136985,7.7622616058457,7.77099562592697,7.6075940582412,NA,NA,NA,NA,NA,NA,NA,NA
"98",17189,2017-06-05,1,2,1,2,400,"Rowley1-RR",5.373,2.222,20170427,"14:59","15:05","15:09",0,"N",NA,"Y","Y","Y","Y",13.44,1.29,3.07,12.15,1.78,11.58,115.89,104.31,104.31,"1.404487179","0.2613972043",8.73705461,51.51569398,1,"",59.722,170505,"05/05/17",2.79,12.9,32.53,59.708,170530,"05/30/17",2.8,17.2,29.43,NA,NA,NA,NA,NA,NA,1.0245,1.0212,NA,NA,NA,59.9,59.71,NA,NA,108.83,108.81,108.81,NA,104.31,"Isabel",0,NA,NA,NA,NA,NA,NA,NA,"",7.52975047984645,-0.085637162377002,"7.44411331746945","7.313615291945320",-0.130498025524127,-0.12014383336415,"7.32396948410530",NA,NA,NA,NA,18.1,30.52271327,1899.827673,2076.771131,7.958,468.6,3.26,2.09,17.8,29.9765234164,8.04264556307364,7.9121475375495,7.92088155763077,7.75794409207376,NA,NA,NA,NA,NA,NA,NA,NA
"99",17190,2017-06-26,22,16,6,1,2800,"Rowley2-Sawyers",2.984,2.015,20170501,"11:31","11:40","11:44",0,"N",NA,"Y","Y","Y","Y",2.77,1.29,1.48,1.48,0.19,NA,NA,NA,39.737,"3.230701321","1.082674705",6.608778664,7.748482675,1,"",23.606,170505,"05/05/17",2.79,12.9,32.53,23.731,170531,"05/31/17",2.79,17.2,29.47,NA,NA,NA,NA,NA,NA,1.0245,1.02123,NA,NA,NA,23.81,23.74,NA,NA,41.36,41.6,41.6,NA,39.74,"Louise",0,NA,NA,NA,NA,NA,NA,NA,"Not looking healthy",7.25862068965517,-0.085637162377002,"7.17298352727817","7.042485501754040",-0.130498025524127,-0.12014383336415,"7.05283969391402",NA,NA,NA,NA,17.1,30.57730199,2175.181018,2113.23578666667,7.23633333333333,2868.86666666667,0.696666666666667,0.446666666666667,16.9428571428571,30.6909445,7.57615479770097,7.44565677217684,7.4543907922581,7.28466812580941,NA,NA,NA,NA,NA,NA,NA,NA
"100",17190,2017-06-26,22,16,6,1,2800,"Rowley2-Sawyers",2.984,2.015,20170501,"11:31","11:40","11:44",0,"N",NA,"Y","Y","Y","Y",2.77,1.29,1.48,1.48,0.19,NA,NA,NA,39.737,"3.230701321","1.082674705",6.608778664,7.748482675,1,"",23.606,170505,"05/05/17",2.79,12.9,32.53,23.731,170531,"05/31/17",2.79,17.2,29.47,NA,NA,NA,NA,NA,NA,1.0245,1.02123,NA,NA,NA,23.81,23.74,NA,NA,41.36,41.6,41.6,NA,39.74,"Louise",0,NA,NA,NA,NA,NA,NA,NA,"Not looking healthy",7.25862068965517,-0.085637162377002,"7.17298352727817","7.042485501754040",-0.130498025524127,-0.12014383336415,"7.05283969391402",NA,NA,NA,NA,17.1,30.57730199,2175.181018,2113.23578666667,7.23633333333333,2868.86666666667,0.696666666666667,0.446666666666667,16.9428571428571,30.6909445,7.57615479770097,7.44565677217684,7.4543907922581,7.28466812580941,NA,NA,NA,NA,NA,NA,NA,NA
"101",17195,2017-06-06,2,1,1,1,400,"Rowley1-RR",5.115,1.813,20170501,"10:26","10:31","10:37",0,"N",NA,"Y","Y","Y","Y",8.88,1.29,2.11,7.59,0.82,11.61,62.24,50.63,50.63,"2.133851287","0.4171752271",5.459646013,26.92725799,1,"",29.544,170506,"05/06/17",2.8,13,32.67,29.762,170530,"05/30/17",2.8,17.2,29.43,NA,NA,NA,NA,NA,NA,1.02459,1.0212,NA,NA,NA,29.86,29.84,NA,NA,52.46,53.01,52.86,NA,50.63,"Isabel",0,NA,NA,NA,NA,NA,NA,NA,"",7.6852207293666,-0.085637162377002,"7.5995835669896","7.469085541465470",-0.130498025524127,-0.12014383336415,"7.47943973362545",NA,NA,NA,NA,18.2,30.42063061,1902.416601,2073.010291,7.943,487.2,3.17,2.03,17.5666666666667,29.9138864837667,8.06234895851088,7.93185093298677,7.94058495306801,7.77824238060823,NA,NA,NA,NA,NA,NA,NA,NA
"102",17196,2017-06-05,1,13,5,1,900,"Rowley2-Sawyers",3.941,2.612,20170501,"15:40","15:50","15:54",0,"Y",NA,"Y","Y","Y","Y",6.11,1.29,2.09,4.82,0.8,11.82,50,38.18,38.18,"4.347174011","1.103063692",3.708995587,24.9344724,2,"",23.109,170506,"05/06/17",2.8,13,32.67,22.62,170530,"05/30/17",2.74,17.2,29.43,NA,NA,NA,NA,NA,NA,1.02459,1.0212,NA,NA,NA,22.7,23.13,NA,NA,40.43,40.48,39.52,NA,38.18,"Isabel",0,NA,NA,NA,NA,NA,NA,NA,"",7.38003838771593,-0.085637162377002,"7.29440122533893","7.163903199814800",-0.130498025524127,-0.12014383336415,"7.17425739197478",NA,NA,NA,NA,18,30.52271327,2024.832453,2068.727096,7.574,1241.7,1.47,0.94,17.7,29.99298333285,7.91868923488103,7.7881912093569,7.79692522943816,7.63383143613223,NA,NA,NA,NA,NA,NA,NA,NA
"103",17198,2017-06-06,2,7,3,1,900,"Rowley1-RR",2.713,1.894,20170501,"10:32","10:43","10:47",0,"N",NA,"Y","Y","Y","Y",4.47,1.29,1.9,3.18,0.61,11.51,39.89,28.38,28.38,"6.759122599","2.491383192",5.52309639,26.91007764,4,"",14.121,170506,"05/06/17",2.8,13,32.67,14.331,170531,"05/31/17",2.8,17.2,29.47,NA,NA,NA,NA,NA,NA,1.02459,1.02123,NA,NA,NA,14.38,14.38,NA,NA,23.64,24.13,24.03,NA,28.38,"Isabel",0,NA,NA,NA,NA,NA,NA,NA,"",7.30518234165067,-0.085637162377002,"7.21954517927367","7.089047153749540",-0.130498025524127,-0.12014383336415,"7.09940134590952",NA,NA,NA,NA,17.5,30.52271327,2027.867543,2082.507393,7.617,1122.5,1.59,1.02,17.0666666666667,30.0256099733,7.86282336845059,7.73232534292647,7.74105936300772,7.57765569879379,NA,NA,NA,NA,NA,NA,NA,NA
"104",17199,2017-06-05,1,16,6,1,2800,"Rowley2-Sawyers",2.899,1.585,20170501,"15:57","16:12","16:16",0,"N",NA,"Y","Y","Y","N",3.63,1.27,1.7,2.36,0.43,11.36,31.15,19.79,19.79,"9.206841325","3.175867998",4.306934949,20.05994392,2,"",10.405,170506,"05/06/17",2.8,13,32.67,10.469,170530,"05/30/17",2.8,17.2,29.43,NA,NA,NA,NA,NA,NA,1.02459,1.0212,NA,NA,NA,10.5,10.49,NA,NA,16.7,16.85,16.82,NA,19.79,"Isabel",0,NA,NA,NA,NA,NA,NA,NA,"",6.97696737044146,-0.085637162377002,"6.89133020806446","6.760832182540330",-0.130498025524127,-0.12014383336415,"6.77118637470031",NA,NA,NA,NA,17.6,30.52271327,2168.981028,2115.121784,7.255,2746.6,0.74,0.47,17.3,29.9765234164,7.67049136472862,7.5399933392045,7.54872735928575,7.38578989372873,NA,NA,NA,NA,NA,NA,NA,NA
"105",17203,2017-08-23,80,4,2,1,400,"Ipswich",2.355,1.714,20170501,"10:43","10:48","10:53",0,"N","N","Y","Y","Y","Y",2.64,1.3,1.486,1.34,0.186,NA,NA,NA,18.881,"7.351621744","3.121707747",4.677601964,9.257891351,1,"",10.845,170506,"05/06/17",2.8,13,32.67,10.834,170531,"05/31/17",2.81,17.2,29.47,10.869,170705,"07/05/17",2.79,17,NA,1.02459,1.02123,1.0226,25,35,10.87,10.83,10.85,10.92,17.52,17.5,17.5,17.66,18.88,"Louise",1,-0.0206,-0.1173,-0.0047,0.1568,0.8878,0.0254,0.0301,"",7.48461538461538,-0.085637162377002,"7.39897822223838","7.263056710172440",-0.135921512065941,-0.12531108276629,"7.27366713947210",NA,NA,NA,NA,17.7375,30.9086431525,1965.269674375,2120.924298125,7.900125,556.6625,2.95375,1.8925,19.2714285714286,31.0956179903429,8.08961118343305,7.95366569841091,7.9626468147068,7.78536505266786,17.25,30.7610491875,1945.8013315,2097.72756025,7.90275,547.075,2.88,1.8425
"106",17204,2017-08-23,80,15,5,3,900,"Rowley1-RR",4.272,2.345,20170501,"10:20","10:30","10:36",0,"N","N","Y","Y","Y","Y",6.55,1.3,2.198,5.25,0.898,NA,NA,NA,89.908,"1.902473852","0.4453356394",8.974788976,28.37195688,0,"",54.753,170504,"05/04/17",2.77,13,32.43,54.873,170531,"05/31/17",2.81,17.2,29.47,54.788,170707,"07/07/17",2.79,16.7,NA,1.02441,1.02123,1.02267,27,37,55.04,54.33,54.71,54.96,99.55,98.76,99.78,99.95,89.91,"Louise",1,0.2242,0.2252,0.0083,0.1704,0.1705,0.0046,-0.0037,"",7.51923076923077,-0.085637162377002,"7.43359360685377","7.297672094787830",-0.135921512065941,-0.12531108276629,"7.30828252408748",NA,NA,NA,NA,17.9857142857143,30.8459754757143,2040.45205185714,2118.39146828571,7.71079,918.114157142857,2.03851,1.30713,19.2285714285714,31.0810918989143,7.83749406102187,7.70154857599974,7.71052969229562,7.53339005662039,17.4333333333333,30.5660055833333,2016.935858,2088.85447833333,7.74866666666667,823.433333333333,2.12,1.35666666666667
"107",17206,2017-07-24,50,8,3,2,900,"Ipswich",1.771,3.015,20170501,"12:39","12:52","13:08",0,"N","N","Y","Y","Y","Y",4.18,1.3,1.835,2.88,0.535,NA,NA,NA,23.726,"7.829549393","4.420976506",4.443433126,23.15265728,3,"",13.78,170505,"05/05/17",2.79,12.9,32.53,13.937,170601,"06/01/17",2.8,17,29.6,13.938,170705,"07/05/17",2.79,17,NA,1.0245,1.02138,1.0226,27,34,13.98,13.91,13.92,13.97,23,23.25,23.3,23.36,23.73,"Louise",1,0.2939,1.2777,0.0473,0.0611,0.2615,0.0077,-0.0396,"",7.05182341650672,-0.085637162377002,"6.96618625412972","6.832442266230790",-0.133743987898925,-0.12323516237838,"6.84295109175134",NA,NA,NA,NA,17.44,30.757144866,2037.2178498,2110.614013,7.675,988.86,1.83,1.172,18.0714285714286,30.9756527485714,7.82135755884108,7.68993211549559,7.69871119054732,7.52713301494574,17.0333333333333,30.5326918966667,2012.91465033333,2086.85488866667,7.68666666666667,951.3,1.82,1.16333333333333
"108",17207,2017-06-06,2,4,2,1,400,"Rowley1-RR",2.921,2.149,20170501,"13:22","13:29","13:34",0,"N",NA,"Y","Y","Y","N",5.45,1.28,2.01,4.17,0.73,11.54,54.63,43.09,43.09,"4.062658437","1.390845066",6.864493871,29.13660014,2,"",22.786,170505,"05/05/17",2.79,12.9,32.53,22.828,170530,"05/30/17",2.8,17.2,29.43,NA,NA,NA,NA,NA,NA,1.0245,1.0212,NA,NA,NA,22.9,22.82,NA,NA,39.83,39.9,39.91,NA,43.09,"Isabel",0,NA,NA,NA,NA,NA,NA,NA,"",7.57581573896353,-0.085637162377002,"7.49017857658653","7.359680551062400",-0.130498025524127,-0.12014383336415,"7.37003474322238",NA,NA,NA,NA,17.9,30.52271327,1934.243691,2067.48616,7.851,617.3,2.61,1.67,17.4666666666667,30.0923326285667,8.07141179293544,7.9409137674113,7.94964778749257,7.78561042610704,NA,NA,NA,NA,NA,NA,NA,NA
"109",17208,2017-08-23,80,14,5,2,900,"Rowley2-Sawyers",3.924,1.92,20170501,"11:23","11:28","11:34",0,"N","N","Y","Y","Y","Y",5.68,1.29,1.951,4.39,0.661,NA,NA,NA,35.336,"4.261078676","1.085901803",4.690154604,24.08165586,3,"",21.282,170505,"05/05/17",2.79,12.9,32.53,21.199,170531,"05/31/17",2.81,17.2,29.47,21.149,170707,"07/07/17",2.79,16.7,NA,1.0245,1.02123,1.02267,26,37,21.27,21.11,21.12,21.22,37.02,36.71,36.87,36.9,35.34,"Louise",1,-0.1546,-0.4176,-0.0161,0.0338,0.0916,0.0025,0.0185,"",7.19038461538462,-0.085637162377002,"7.10474745300761","6.968825940941670",-0.135921512065941,-0.12531108276629,"6.97943637024132",14585.33,32.081,3.78,13879.9,17.9714285714286,30.8554936714286,1907.01108342857,2123.121395,7.71633714285714,906.257571428572,2.06398285714286,1.32352571428571,19.2428571428571,31.0810918989143,7.83098005243166,7.69503456740954,7.70401568370541,7.52687604803018,17.4,30.5882147066667,1701.56904733333,2094.36908066667,7.75766666666667,800.533333333333,2.15666666666667,1.38
"110",17210,2017-07-24,50,17,6,2,2800,"Ipswich",5.615,2.613,20170427,"13:52","13:56","13:59",0,"N","N","Y","Y","Y","Y",14.41,1.29,2.751,13.12,1.461,NA,NA,NA,87.459,"1.27324469","0.2267577364",5.960948051,38.14219049,3,"",54.544,170505,"05/05/17",2.79,12.9,32.53,54.291,170531,"05/31/17",2.81,17.2,29.47,53.347,170705,"07/05/17",2.79,17,NA,1.0245,1.02123,1.0226,26,35,54.46,54.07,53.28,53.59,99.16,98.28,98.69,97.37,87.46,"Louise",1,-0.4739,-0.4779,-0.0184,-1.3175,-1.353,-0.0387,-0.0203,"",6.81573896353167,-0.085637162377002,"6.73010180115467","6.596357813255740",-0.133743987898925,-0.12323516237838,"6.60686663877629",NA,NA,NA,NA,17.5666666666667,30.8886644233333,2193.19277216667,2148.9788705,7.28583333333333,2608.58333333333,0.815,0.521666666666667,18.5571428571429,31.0186282385714,7.33773971232777,7.20631426898226,7.21509334403401,7.0431070095192,17.15,30.7610491875,2178.69761925,2133.86304325,7.288,2563.775,0.7975,0.51
"111",17211,2017-08-23,80,5,2,2,400,"Rowley2-Sawyers",3.845,2.28,20170501,"13:11","13:13","13:17",0,"N","N","Y","Y","Y","Y",6.14,1.29,1.983,4.85,0.693,NA,NA,NA,50.454,"2.832017242","0.7365454466",5.755252892,23.40548469,1,"",30.759,170505,"05/05/17",2.79,12.9,32.53,30.711,170601,"06/01/17",2.81,17,29.6,30.227,170705,"07/05/17",2.79,17,NA,1.0245,1.02138,1.0226,27,34,30.81,30.58,30.19,30.37,54.73,54.39,54.64,54,50.45,"Louise",1,-0.0884,-0.1616,-0.006,-0.6369,-1.1795,-0.0347,-0.0287,"",7.70961538461539,-0.085637162377002,"7.62397822223838","7.488056710172440",-0.135921512065941,-0.12531108276629,"7.49866713947209",NA,NA,NA,NA,17.8428571428571,30.8366006371429,1964.65648342857,2113.36037628571,7.88015142857143,586.681742857143,2.85835571428571,1.83015714285714,19.2714285714286,31.1098660660571,8.08649607239952,7.95055058737739,7.95953170367327,7.78211053543541,17.3333333333333,30.5660055833333,1935.80093233333,2066.05191366667,7.84733333333333,626.533333333333,2.56,1.63666666666667
"112",17212,2017-06-05,1,15,5,3,900,"Ipswich",3.409,2.374,20170501,"15:23","15:35","15:39",0,"Y",NA,"Y","Y","Y","N",6.74,1.28,2.23,5.46,0.95,11.51,40.2,28.69,28.69,"6.064575601","1.778989616",3.545053816,33.39410031,2,"",16.086,170505,"05/05/17",2.79,12.9,32.53,16.06,170530,"05/30/17",2.8,17.2,29.43,NA,NA,NA,NA,NA,NA,1.0245,1.0212,NA,NA,NA,16.11,16.06,NA,NA,27.31,27.26,27.26,NA,28.69,"Isabel",0,NA,NA,NA,NA,NA,NA,NA,"",6.86180422264875,-0.085637162377002,"6.77616706027175","6.645669034747620",-0.130498025524127,-0.12014383336415,"6.65602322690760",NA,NA,NA,NA,18.1,30.52271327,2011.739077,2076.42092,7.642,1054.6,1.71,1.1,17.75,29.9765234164,7.9213262032215,7.79082817769735,7.79956219777864,7.63662473222162,NA,NA,NA,NA,NA,NA,NA,NA
"113",17213,2017-08-23,80,10,4,1,2800,"Ipswich",4.081,2.422,20170427,"13:16","13:21","13:26",0,"N","N","Y","Y","Y","Y",7.05,1.28,2.217,5.77,0.937,NA,NA,NA,65.381,"2.483774814","0.6086191654",6.614710251,29.80363418,1,"",41.263,170505,"05/05/17",2.79,12.9,32.53,41.124,170531,"05/31/17",2.81,17.2,29.47,40.629,170705,"07/05/17",2.79,17,NA,1.0245,1.02123,1.0226,26,35,41.26,40.95,40.57,40.81,74.35,73.76,74.09,73.5,65.38,"Louise",1,-0.2584,-0.3476,-0.0134,-0.5861,-0.7974,-0.0228,-0.0094,"",6.87307692307692,-0.085637162377002,"6.78743976069992","6.651518248633980",-0.135921512065941,-0.12531108276629,"6.66212867793363",15966.84,32.081,1.86,14155.7,17.9375,30.90435719125,2134.0724345,2145.519744,7.3479,2431.360875,1.046195,0.6721625,19.1285714285714,31.0427967199571,7.34345566452824,7.20751017950611,7.21649129580199,7.03972634829113,17.3,30.7527124375,2091.51209725,2129.94939625,7.33025,2325.725,0.875,0.56
"114",17215,2017-06-05,1,8,3,2,900,"Rowley1-RR",2.03,1.997,20170501,"15:32","15:44","15:49",0,"N",NA,"Y","Y","Y","N",2.51,1.29,1.46,1.22,0.17,11.41,22.2,10.79,10.79,"12.91420411","6.361676899",2.66162791,8.443293185,0,"",5.302,170505,"05/05/17",2.79,12.9,32.53,5.312,170531,"05/31/17",2.79,17.2,29.47,NA,NA,NA,NA,NA,NA,1.0245,1.02123,NA,NA,NA,5.33,5.31,NA,NA,7.17,7.19,7.19,NA,10.79,"Isabel",0,NA,NA,NA,NA,NA,NA,NA,"",6.97120921305182,-0.085637162377002,"6.88557205067482","6.755074025150690",-0.130498025524127,-0.12014383336415,"6.76542821731067",NA,NA,NA,NA,17.4,30.52271327,2014.613218,2083.949673,7.667,992.5,1.76,1.13,17.3,29.96006349995,7.88741404735481,7.7569160218307,7.76565004191194,7.60286890410383,NA,NA,NA,NA,NA,NA,NA,NA
"115",17217,2017-06-05,1,1,1,1,400,"Rowley2-Sawyers",2.419,1.848,20170501,"11:38","12:15","12:20",0,"Y",NA,"Y","Y","Y","Y",3.98,1.3,1.73,2.68,0.43,11.43,42.75,31.32,31.32,"5.122853167","2.11775658",7.006222384,20.33759235,2,"",16.362,170506,"05/06/17",2.8,13,32.67,16.6,170530,"05/30/17",2.8,17.2,29.43,NA,NA,NA,NA,NA,NA,1.02459,1.0212,NA,NA,NA,16.65,16.69,NA,NA,27.83,28.44,28.27,NA,31.32,"Isabel",0,NA,NA,NA,NA,NA,NA,NA,"Returned to tank temporarily before shucking",7.40307101727447,-0.085637162377002,"7.31743385489747","7.186935829373340",-0.130498025524129,-0.12014383336415,"7.19729002153332",NA,NA,NA,NA,18.2,30.42063061,1902.416601,2073.010291,7.943,487.2,3.17,2.03,17.8,29.85964241565,8.05002038735242,7.9195223618283,7.92825638190955,7.7664289914731,NA,NA,NA,NA,NA,NA,NA,NA
"116",17218,2017-07-24,50,15,5,3,900,"Rowley2-Sawyers",3.104,1.95,20170501,"15:21","15:27","15:31",0,"N","N","Y","Y","Y","Y",3.08,1.29,1.578,1.79,0.288,NA,NA,NA,21.621,"7.441554727","2.397408095",3.572065821,11.7061565,0,"",12.933,170505,"05/05/17",2.79,12.9,32.53,12.59,170531,"05/31/17",2.79,17.2,29.47,12.478,170705,"07/05/17",2.79,17,NA,1.0245,1.02123,1.0226,26,35,12.63,12.59,12.46,12.48,21.42,20.79,20.78,20.58,21.62,"Louise",1,-0.6402,-2.9882,-0.1149,-0.2017,-0.9799,-0.028,0.0869,"",7.65067178502879,-0.085637162377002,"7.56503462265179","7.431290634752860",-0.133743987898925,-0.12323516237838,"7.44179946027341",NA,NA,NA,NA,17.62,30.797161308,2039.974126,2109.4663534,7.7046,931.72,1.976,1.266,18.2285714285714,30.9662019385714,7.84058555617187,7.70916011282639,7.71793918787812,7.54645088092717,17.4333333333333,30.5660055833333,2016.935858,2088.85447833333,7.74866666666667,823.433333333333,2.12,1.35666666666667
"117",17220,2017-06-06,2,2,1,2,400,"Ipswich",3.746,2.213,20170501,"11:10","11:17","11:22",0,"N",NA,"Y","Y","Y","Y",4.52,1.29,1.78,3.23,0.49,11.45,68.5,57.05,57.05,"2.659119831","0.7098558012",6.881869958,17.01850813,3,"",33.068,170505,"05/05/17",2.79,12.9,32.53,33.028,170531,"05/31/17",2.79,17.2,29.47,NA,NA,NA,NA,NA,NA,1.0245,1.02123,NA,NA,NA,33.13,33.03,NA,NA,59.04,58.98,58.96,NA,57.05,"Isabel",0,NA,NA,NA,NA,NA,NA,NA,"",7.65642994241843,-0.085637162377002,"7.57079278004142","7.440294754517300",-0.130498025524127,-0.12014383336415,"7.45064894667728",NA,NA,NA,NA,18.1,30.52271327,1899.827673,2076.771131,7.958,468.6,3.26,2.09,17.5666666666667,30.0253892276,8.05588219525881,7.92538416973467,7.93411818981594,7.77071662213017,NA,NA,NA,NA,NA,NA,NA,NA
"118",17222,2017-06-26,22,18,6,3,2800,"Rowley1-RR",3.641,1.703,20170501,"11:20","11:26","11:30",0,"Y",NA,"Y","Y","Y","Y",6.7,1.29,2.16,5.41,0.87,NA,NA,NA,49.194,"3.268961839","0.8978197854",7.933718918,34.93828548,2,"",30.423,170505,"05/05/17",2.79,12.9,32.53,30.009,170531,"05/31/17",2.8,17.2,29.47,NA,NA,NA,NA,NA,NA,1.0245,1.02123,NA,NA,NA,30.11,29.95,NA,NA,54.1,53.22,53.33,NA,49.19,"Louise",0,NA,NA,NA,NA,NA,NA,NA,"",7.0632183908046,-0.085637162377002,"6.9775812284276","6.847083202903470",-0.130498025524127,-0.12014383336415,"6.85743739506345",NA,NA,NA,NA,17.1,30.5660055833333,2165.95947633333,2112.236976,7.26066666666667,2698.2,0.733333333333333,0.466666666666667,16.9571428571429,30.7148023971429,7.57130381449366,7.44080578896954,7.44953980905079,7.2795905526698,NA,NA,NA,NA,NA,NA,NA,NA
"119",17222,2017-06-26,22,18,6,3,2800,"Rowley1-RR",3.641,1.703,20170501,"11:20","11:26","11:30",0,"Y",NA,"Y","Y","Y","Y",6.7,1.29,2.16,5.41,0.87,NA,NA,NA,49.194,"3.268961839","0.8978197854",7.933718918,34.93828548,2,"",30.423,170505,"05/05/17",2.79,12.9,32.53,30.009,170531,"05/31/17",2.8,17.2,29.47,NA,NA,NA,NA,NA,NA,1.0245,1.02123,NA,NA,NA,30.11,29.95,NA,NA,54.1,53.22,53.33,NA,49.19,"Louise",0,NA,NA,NA,NA,NA,NA,NA,"",7.0632183908046,-0.085637162377002,"6.9775812284276","6.847083202903470",-0.130498025524127,-0.12014383336415,"6.85743739506345",NA,NA,NA,NA,17.1,30.5660055833333,2165.95947633333,2112.236976,7.26066666666667,2698.2,0.733333333333333,0.466666666666667,16.9571428571429,30.7148023971429,7.57130381449366,7.44080578896954,7.44953980905079,7.2795905526698,NA,NA,NA,NA,NA,NA,NA,NA
