ID,Order,Tank,Seawater,Date,LongDate,Timepoint,Oyster,pH 7,pH 10,Dickson,CRMpHMeas,CRMCertNBS,CRMMeasDiffNBS,CRMCertSW,CRM_ToSWScaleCorrection,CRMCertTotal,CRM_ToTotalScaleCorrection,Slope,Intercept,pH 1,pH 2,pH 3,Average,pHMeasured,NBSCorrectionFactorIntercept,pHNBS,pHSW,pHTotal,old_pHMeasured,Notes
17112,1,,Ambient,5/9/2017,20170509,Acclimation 1,112,3.66666666666667,-171.666666666667,-10.6666666666667,7.24524714828897,8.071,0.825453861998907,7.94020298476375,-0.130498025524131,7.95055717692373,-0.12014383336415,-0.017110266159696,7.06273764258555,-28,-30,-30,-29.3333333333333,7.564638173,-0.085637162377002,7.479001010623,7.348502985098870,7.35885717725885,7.56463878326996,
17060,2,,Ambient,5/9/2017,20170509,Acclimation 1,60,3.66666666666667,-171.666666666667,-10.6666666666667,7.24524714828897,8.071,0.825453861998907,7.94020298476375,-0.130498025524131,7.95055717692373,-0.12014383336415,-0.017110266159696,7.06273764258555,-40,-41,-41,-40.6666666666667,7.758554117,-0.085637162377002,7.672916954623,7.542418929098870,7.55277312125885,7.75855513307985,
17018,3,,Ambient,5/9/2017,20170509,Acclimation 1,18,3.66666666666667,-171.666666666667,-10.6666666666667,7.24524714828897,8.071,0.825453861998907,7.94020298476375,-0.130498025524131,7.95055717692373,-0.12014383336415,-0.017110266159696,7.06273764258555,-42,-43,-42,-42.3333333333333,7.787071168,-0.085637162377002,7.701434005623,7.570935980098870,7.58129017225885,7.78707224334601,
17067,4,,Ambient,5/9/2017,20170509,Acclimation 1,67,3.66666666666667,-171.666666666667,-10.6666666666667,7.24524714828897,8.071,0.825453861998907,7.94020298476375,-0.130498025524131,7.95055717692373,-0.12014383336415,-0.017110266159696,7.06273764258555,NA,NA,NA,NA,NA,NA,NA,NA,NA,NA,
17002,5,,Ambient,5/9/2017,20170509,Acclimation 1,2,3.66666666666667,-171.666666666667,-10.6666666666667,7.24524714828897,8.071,0.825453861998907,7.94020298476375,-0.130498025524131,7.95055717692373,-0.12014383336415,-0.017110266159696,7.06273764258555,-22,-22,-23,-22.3333333333333,7.44486656,-0.085637162377002,7.359229397623,7.228731372098870,7.23908556425885,7.44486692015209,
17185,6,,Ambient,5/9/2017,20170509,Acclimation 1,185,3.66666666666667,-171.666666666667,-10.6666666666667,7.24524714828897,8.071,0.825453861998907,7.94020298476375,-0.130498025524131,7.95055717692373,-0.12014383336415,-0.017110266159696,7.06273764258555,-23,-22,-23,-22.6666666666667,7.45056997,-0.085637162377002,7.364932807623,7.234434782098870,7.24478897425885,7.45057034220532,
17092,7,,Ambient,5/9/2017,20170509,Acclimation 1,92,3.66666666666667,-171.666666666667,-10.6666666666667,7.24524714828897,8.071,0.825453861998907,7.94020298476375,-0.130498025524131,7.95055717692373,-0.12014383336415,-0.017110266159696,7.06273764258555,-40,-41,-40,-40.3333333333333,7.752850707,-0.085637162377002,7.667213544623,7.536715519098870,7.54706971125885,7.75285171102662,
17103,8,,Ambient,5/9/2017,20170509,Acclimation 1,103,3.66666666666667,-171.666666666667,-10.6666666666667,7.24524714828897,8.071,0.825453861998907,7.94020298476375,-0.130498025524131,7.95055717692373,-0.12014383336415,-0.017110266159696,7.06273764258555,-26,-26,-25,-25.6666666666667,7.501900661,-0.085637162377002,7.416263498623,7.285765473098870,7.29611966525885,7.50190114068441,
17209,9,,Ambient,5/9/2017,20170509,Acclimation 1,209,3.66666666666667,-171.666666666667,-10.6666666666667,7.24524714828897,8.071,0.825453861998907,7.94020298476375,-0.130498025524131,7.95055717692373,-0.12014383336415,-0.017110266159696,7.06273764258555,-15,-16,-14,-15,7.319391537,-0.085637162377002,7.233754374623,7.103256349098870,7.11361054125885,7.31939163498099,
17149,10,,Ambient,5/9/2017,20170509,Acclimation 1,149,3.66666666666667,-171.666666666667,-10.6666666666667,7.24524714828897,8.071,0.825453861998907,7.94020298476375,-0.130498025524131,7.95055717692373,-0.12014383336415,-0.017110266159696,7.06273764258555,-19,-16,-18,-17.6666666666667,7.365018818,-0.085637162377002,7.279381655623,7.148883630098870,7.15923782225885,7.36501901140684,
17221,11,,Ambient,5/9/2017,20170509,Acclimation 1,221,3.66666666666667,-171.666666666667,-10.6666666666667,7.24524714828897,8.071,0.825453861998907,7.94020298476375,-0.130498025524131,7.95055717692373,-0.12014383336415,-0.017110266159696,7.06273764258555,-28,-29,-29,-28.6666666666667,7.553231353,-0.085637162377002,7.467594190623,7.337096165098870,7.34745035725885,7.5532319391635,
17063,12,,Ambient,5/9/2017,20170509,Acclimation 1,63,3.66666666666667,-171.666666666667,-10.6666666666667,7.24524714828897,8.071,0.825453861998907,7.94020298476375,-0.130498025524131,7.95055717692373,-0.12014383336415,-0.017110266159696,7.06273764258555,-40,-38,-39,-39,7.730037066,-0.085637162377002,7.644399903623,7.513901878098870,7.52425607025885,7.73003802281369,
17016,13,,Ambient,5/9/2017,20170509,Acclimation 1,16,3.66666666666667,-171.666666666667,-10.6666666666667,7.24524714828897,8.071,0.825453861998907,7.94020298476375,-0.130498025524131,7.95055717692373,-0.12014383336415,-0.017110266159696,7.06273764258555,-30,-31,-31,-30.6666666666667,7.587451813,-0.085637162377002,7.501814650623,7.371316625098870,7.38167081725885,7.58745247148289,
17014,14,,Ambient,5/9/2017,20170509,Acclimation 1,14,3.66666666666667,-171.666666666667,-10.6666666666667,7.24524714828897,8.071,0.825453861998907,7.94020298476375,-0.130498025524131,7.95055717692373,-0.12014383336415,-0.017110266159696,7.06273764258555,-27,-28,-28,-27.6666666666667,7.536121122,-0.085637162377002,7.450483959623,7.319985934098870,7.33034012625885,7.5361216730038,
17035,15,,Ambient,5/9/2017,20170509,Acclimation 1,35,3.66666666666667,-171.666666666667,-10.6666666666667,7.24524714828897,8.071,0.825453861998907,7.94020298476375,-0.130498025524131,7.95055717692373,-0.12014383336415,-0.017110266159696,7.06273764258555,-26,-27,-27,-26.6666666666667,7.519010892,-0.085637162377002,7.433373729623,7.302875704098870,7.31322989625885,7.51901140684411,
17047,16,,Ambient,5/9/2017,20170509,Acclimation 1,47,3.66666666666667,-171.666666666667,-10.6666666666667,7.24524714828897,8.071,0.825453861998907,7.94020298476375,-0.130498025524131,7.95055717692373,-0.12014383336415,-0.017110266159696,7.06273764258555,-16,-15,-16,-15.6666666666667,7.330798358,-0.085637162377002,7.245161195623,7.114663170098870,7.12501736225885,7.33079847908745,
17192,17,,Ambient,5/9/2017,20170509,Acclimation 1,192,3.66666666666667,-171.666666666667,-10.6666666666667,7.24524714828897,8.071,0.825453861998907,7.94020298476375,-0.130498025524131,7.95055717692373,-0.12014383336415,-0.017110266159696,7.06273764258555,-11,-11,-10,-10.6666666666667,7.245247206,-0.085637162377002,7.159610043623,7.029112018098870,7.03946621025885,7.24524714828897,
17009,18,,Ambient,5/9/2017,20170509,Acclimation 1,9,3.66666666666667,-171.666666666667,-10.6666666666667,7.24524714828897,8.071,0.825453861998907,7.94020298476375,-0.130498025524131,7.95055717692373,-0.12014383336415,-0.017110266159696,7.06273764258555,-17,-15,-16,-16,7.336501768,-0.085637162377002,7.250864605623,7.120366580098870,7.13072077225885,7.33650190114068,
17017,20,1_1,Ambient,5/17/2017,20170517,Acclimation 2,17,-14.6666666666667,-184.333333333333,NA,NA,8.071,NA,7.94020298476375,-0.130498025524131,7.95055717692373,-0.12014383336415,-0.017681728880157,6.74066797642436,-36,-40,-40,-38.6666666666667,7.424361493,-0.085637162377002,7.338724330623,7.208226305098870,7.21858049725885,7.42436149312377,
17003,21,4_2,Ambient,5/17/2017,20170517,Acclimation 2,3,-14.6666666666667,-184.333333333333,NA,NA,8.071,NA,7.94020298476375,-0.130498025524131,7.95055717692373,-0.12014383336415,-0.017681728880157,6.74066797642436,-40,-41,-41,-40.6666666666667,7.459724951,-0.085637162377002,7.374087788623,7.243589763098870,7.25394395525885,7.45972495088409,
17202,22,2_3,Ambient,5/17/2017,20170517,Acclimation 2,202,-14.6666666666667,-184.333333333333,NA,NA,8.071,NA,7.94020298476375,-0.130498025524131,7.95055717692373,-0.12014383336415,-0.017681728880157,6.74066797642436,-76,-73,-74,-74.3333333333333,8.055009823,-0.085637162377002,7.969372660623,7.838874635098870,7.84922882725885,8.05500982318271,
17171,23,3_1,Ambient,5/17/2017,20170517,Acclimation 2,171,-14.6666666666667,-184.333333333333,NA,NA,8.071,NA,7.94020298476375,-0.130498025524131,7.95055717692373,-0.12014383336415,-0.017681728880157,6.74066797642436,-26,-23,-24,-24.3333333333333,7.170923379,-0.085637162377002,7.085286216623,6.954788191098870,6.96514238325885,7.17092337917485,
17084,24,4_3,Ambient,5/17/2017,20170517,Acclimation 2,84,-14.6666666666667,-184.333333333333,NA,NA,8.071,NA,7.94020298476375,-0.130498025524131,7.95055717692373,-0.12014383336415,-0.017681728880157,6.74066797642436,-40,-38,-39,-39,7.430255403,-0.085637162377002,7.344618240623,7.214120215098870,7.22447440725885,7.43025540275049,
17055,25,1_3,Ambient,5/17/2017,20170517,Acclimation 2,55,-14.6666666666667,-184.333333333333,NA,NA,8.071,NA,7.94020298476375,-0.130498025524131,7.95055717692373,-0.12014383336415,-0.017681728880157,6.74066797642436,-52,-52,-52,-52,7.660117878,-0.085637162377002,7.574480715623,7.443982690098870,7.45433688225885,7.66011787819253,
17107,26,2_1,Ambient,5/17/2017,20170517,Acclimation 2,107,-14.6666666666667,-184.333333333333,NA,NA,8.071,NA,7.94020298476375,-0.130498025524131,7.95055717692373,-0.12014383336415,-0.017681728880157,6.74066797642436,-39,-38,-38,-38.3333333333333,7.418467583,-0.085637162377002,7.332830420623,7.202332395098870,7.21268658725885,7.41846758349705,
17124,27,5_3,Ambient,5/17/2017,20170517,Acclimation 2,124,-14.6666666666667,-184.333333333333,NA,NA,8.071,NA,7.94020298476375,-0.130498025524131,7.95055717692373,-0.12014383336415,-0.017681728880157,6.74066797642436,-31,-32,-32,-31.6666666666667,7.300589391,-0.085637162377002,7.214952228623,7.084454203098870,7.09480839525885,7.30058939096267,
17121,28,3_3,Ambient,5/17/2017,20170517,Acclimation 2,121,-14.6666666666667,-184.333333333333,NA,NA,8.071,NA,7.94020298476375,-0.130498025524131,7.95055717692373,-0.12014383336415,-0.017681728880157,6.74066797642436,-32,-32,-31,-31.6666666666667,7.300589391,-0.085637162377002,7.214952228623,7.084454203098870,7.09480839525885,7.30058939096267,
17059,29,2_1,Ambient,5/17/2017,20170517,Acclimation 2,59,-14.6666666666667,-184.333333333333,NA,NA,8.071,NA,7.94020298476375,-0.130498025524131,7.95055717692373,-0.12014383336415,-0.017681728880157,6.74066797642436,-56,-55,-56,-55.6666666666667,7.724950884,-0.085637162377002,7.639313721623,7.508815696098870,7.51916988825885,7.72495088408644,
17160,30,6_2,Ambient,5/17/2017,20170517,Acclimation 2,160,-14.6666666666667,-184.333333333333,NA,NA,8.071,NA,7.94020298476375,-0.130498025524131,7.95055717692373,-0.12014383336415,-0.017681728880157,6.74066797642436,-29,-28,-29,-55.6666666666667,7.247544204,-0.085637162377002,7.161907041623,7.031409016098870,7.04176320825885,7.72495088408644,
17006,31,3_2,Ambient,5/17/2017,20170517,Acclimation 2,6,-14.6666666666667,-184.333333333333,NA,NA,8.071,NA,7.94020298476375,-0.130498025524131,7.95055717692373,-0.12014383336415,-0.017681728880157,6.74066797642436,-33,-30,-32,-31.6666666666667,7.300589391,-0.085637162377002,7.214952228623,7.084454203098870,7.09480839525885,7.30058939096267,Punched a hole
17034,32,5_1,Ambient,5/17/2017,20170517,Acclimation 2,34,-14.6666666666667,-184.333333333333,NA,NA,8.071,NA,7.94020298476375,-0.130498025524131,7.95055717692373,-0.12014383336415,-0.017681728880157,6.74066797642436,-18,-20,-19,-19,7.076620825,-0.085637162377002,6.990983662623,6.860485637098870,6.87083982925885,7.07662082514735,Brown fluid
17076,33,6_1,Ambient,5/17/2017,20170517,Acclimation 2,76,-14.6666666666667,-184.333333333333,NA,NA,8.071,NA,7.94020298476375,-0.130498025524131,7.95055717692373,-0.12014383336415,-0.017681728880157,6.74066797642436,-41,-41,-40,-40.6666666666667,7.459724951,-0.085637162377002,7.374087788623,7.243589763098870,7.25394395525885,7.45972495088409,
17134,34,2_2,Ambient,5/17/2017,20170517,Acclimation 2,134,-14.6666666666667,-184.333333333333,NA,NA,8.071,NA,7.94020298476375,-0.130498025524131,7.95055717692373,-0.12014383336415,-0.017681728880157,6.74066797642436,-47,-45,-44,-45.3333333333333,7.542239686,-0.085637162377002,7.456602523623,7.326104498098870,7.33645869025885,7.54223968565815,
17083,35,5_2,Ambient,5/17/2017,20170517,Acclimation 2,83,-14.6666666666667,-184.333333333333,NA,NA,8.071,NA,7.94020298476375,-0.130498025524131,7.95055717692373,-0.12014383336415,-0.017681728880157,6.74066797642436,-24,-23,-25,-24,7.16502947,-0.085637162377002,7.079392307623,6.948894282098870,6.95924847425885,7.16502946954813,Possible gut fluid
17037,36,1_2,Ambient,5/17/2017,20170517,Acclimation 2,37,-14.6666666666667,-184.333333333333,NA,NA,8.071,NA,7.94020298476375,-0.130498025524131,7.95055717692373,-0.12014383336415,-0.017681728880157,6.74066797642436,-52,-52,-52,-52,7.689587426,-0.085637162377002,7.603950263623,7.473452238098870,7.48380643025885,7.66011787819253,
17025,37,4_1,Ambient,5/17/2017,20170517,Acclimation 2,25,-14.6666666666667,-184.333333333333,NA,NA,8.071,NA,7.94020298476375,-0.130498025524131,7.95055717692373,-0.12014383336415,-0.017681728880157,6.74066797642436,-57,-56,-57,-56.6666666666667,7.742632613,-0.085637162377002,7.656995450623,7.526497425098870,7.53685161725885,7.7426326129666,
17077,38,,Ambient,6/2/2017,20170602,Acclimation 3,77,-14.5333333333333,-188.866666666667,-73.6666666666667,8.01759082217973,8.071,0.053110188108146,7.94020298476375,-0.130498025524131,7.95055717692373,-0.12014383336415,-0.017208413001912,6.74990439770555,-31,-28,-29,-29.3333333333333,7.254684989,-0.085637162377002,7.169047826623,7.038549801098870,7.04890399325885,7.2546845124283,
17024,39,,Ambient,6/2/2017,20170602,Acclimation 3,24,-14.5333333333333,-188.866666666667,-73.6666666666667,8.01759082217973,8.071,0.053110188108146,7.94020298476375,-0.130498025524131,7.95055717692373,-0.12014383336415,-0.017208413001912,6.74990439770555,-38,-40,-40,-39.3333333333333,7.426769053,-0.085637162377002,7.341131890623,7.210633865098870,7.22098805725885,7.42676864244742,
17165,40,,Ambient,6/2/2017,20170602,Acclimation 3,165,-14.5333333333333,-188.866666666667,-73.6666666666667,8.01759082217973,8.071,0.053110188108146,7.94020298476375,-0.130498025524131,7.95055717692373,-0.12014383336415,-0.017208413001912,6.74990439770555,-74,-77,-78,-76.3333333333333,8.06348009,-0.085637162377002,7.977842927623,7.847344902098870,7.85769909425885,8.06347992351816,
17191,41,,Ambient,6/2/2017,20170602,Acclimation 3,191,-14.5333333333333,-188.866666666667,-73.6666666666667,8.01759082217973,8.071,0.053110188108146,7.94020298476375,-0.130498025524131,7.95055717692373,-0.12014383336415,-0.017208413001912,6.74990439770555,-47,-49,-53,-49.6666666666667,7.604589253,-0.085637162377002,7.518952090623,7.388454065098870,7.39880825725885,7.60458891013384,
17109,42,,Ambient,6/2/2017,20170602,Acclimation 3,109,-14.5333333333333,-188.866666666667,-73.6666666666667,8.01759082217973,8.071,0.053110188108146,7.94020298476375,-0.130498025524131,7.95055717692373,-0.12014383336415,-0.017208413001912,6.74990439770555,-56,-56,-57,-56.3333333333333,7.719311962,-0.085637162377002,7.633674799623,7.503176774098870,7.51353096625885,7.71931166347992,
17150,43,,Ambient,6/2/2017,20170602,Acclimation 3,150,-14.5333333333333,-188.866666666667,-73.6666666666667,8.01759082217973,8.071,0.053110188108146,7.94020298476375,-0.130498025524131,7.95055717692373,-0.12014383336415,-0.017208413001912,6.74990439770555,-24,-23,-26,-24.3333333333333,7.111281602,-0.085637162377002,7.025644439623,6.895146414098870,6.90550060625885,7.16864244741874,A bit yellow
17046,44,,Ambient,6/2/2017,20170602,Acclimation 3,46,-14.5333333333333,-188.866666666667,-73.6666666666667,8.01759082217973,8.071,0.053110188108146,7.94020298476375,-0.130498025524131,7.95055717692373,-0.12014383336415,-0.017208413001912,6.74990439770555,-39,-41,-42,-40.6666666666667,7.449713595,-0.085637162377002,7.364076432623,7.233578407098870,7.24393259925885,7.44971319311664,
17064,45,,Ambient,6/2/2017,20170602,Acclimation 3,64,-14.5333333333333,-188.866666666667,-73.6666666666667,8.01759082217973,8.071,0.053110188108146,7.94020298476375,-0.130498025524131,7.95055717692373,-0.12014383336415,-0.017208413001912,6.74990439770555,-35,-35,-36,-35.3333333333333,7.357935427,-0.085637162377002,7.272298264623,7.141800239098870,7.15215443125885,7.35793499043977,
17127,46,,Ambient,6/2/2017,20170602,Acclimation 3,127,-14.5333333333333,-188.866666666667,-73.6666666666667,8.01759082217973,8.071,0.053110188108146,7.94020298476375,-0.130498025524131,7.95055717692373,-0.12014383336415,-0.017208413001912,6.74990439770555,-44,-45,-46,-45,7.524283356,-0.085637162377002,7.438646193623,7.308148168098870,7.31850236025885,7.52428298279159,
17197,47,,Ambient,6/2/2017,20170602,Acclimation 3,197,-14.5333333333333,-188.866666666667,-73.6666666666667,8.01759082217973,8.071,0.053110188108146,7.94020298476375,-0.130498025524131,7.95055717692373,-0.12014383336415,-0.017208413001912,6.74990439770555,-36,-39,-40,-38.3333333333333,7.409560646,-0.085637162377002,7.323923483623,7.193425458098870,7.20377965025885,7.40956022944551,
17078,48,,Ambient,6/2/2017,20170602,Acclimation 3,78,-14.5333333333333,-188.866666666667,-73.6666666666667,8.01759082217973,8.071,0.053110188108146,7.94020298476375,-0.130498025524131,7.95055717692373,-0.12014383336415,-0.017208413001912,6.74990439770555,-29,-30,-31,-30,7.26615726,-0.085637162377002,7.180520097623,7.050022072098870,7.06037626425885,7.26615678776291,
17096,49,,Ambient,6/2/2017,20170602,Acclimation 3,96,-14.5333333333333,-188.866666666667,-73.6666666666667,8.01759082217973,8.071,0.053110188108146,7.94020298476375,-0.130498025524131,7.95055717692373,-0.12014383336415,-0.017208413001912,6.74990439770555,-57,-55,-57,-56.3333333333333,7.719311962,-0.085637162377002,7.633674799623,7.503176774098870,7.51353096625885,7.71931166347992,
17086,50,,Ambient,6/2/2017,20170602,Acclimation 3,86,-14.5333333333333,-188.866666666667,-73.6666666666667,8.01759082217973,8.071,0.053110188108146,7.94020298476375,-0.130498025524131,7.95055717692373,-0.12014383336415,-0.017208413001912,6.74990439770555,-50,-50,-50,-50,7.610325388,-0.085637162377002,7.524688225623,7.394190200098870,7.40454439225885,7.61032504780115,
17010,51,,Ambient,6/2/2017,20170602,Acclimation 3,10,-14.5333333333333,-188.866666666667,-73.6666666666667,8.01759082217973,8.071,0.053110188108146,7.94020298476375,-0.130498025524131,7.95055717692373,-0.12014383336415,-0.017208413001912,6.74990439770555,-38,-38,-38,-38,7.403824511,-0.085637162377002,7.318187348623,7.187689323098870,7.19804351525885,7.4038240917782,
17183,52,,Ambient,6/2/2017,20170602,Acclimation 3,183,-14.5333333333333,-188.866666666667,-73.6666666666667,8.01759082217973,8.071,0.053110188108146,7.94020298476375,-0.130498025524131,7.95055717692373,-0.12014383336415,-0.017208413001912,6.74990439770555,-43,-41,-42,-42,7.472658137,-0.085637162377002,7.387020974623,7.256522949098870,7.26687714125885,7.47265774378585,
17097,53,,Ambient,6/2/2017,20170602,Acclimation 3,97,-14.5333333333333,-188.866666666667,-73.6666666666667,8.01759082217973,8.071,0.053110188108146,7.94020298476375,-0.130498025524131,7.95055717692373,-0.12014383336415,-0.017208413001912,6.74990439770555,-46,-47,-47,-46.6666666666667,7.552964033,-0.085637162377002,7.467326870623,7.336828845098870,7.34718303725885,7.55296367112811,
17205,54,,Ambient,6/2/2017,20170602,Acclimation 3,205,-14.5333333333333,-188.866666666667,-73.6666666666667,8.01759082217973,8.071,0.053110188108146,7.94020298476375,-0.130498025524131,7.95055717692373,-0.12014383336415,-0.017208413001912,6.74990439770555,-49,-50,-50,-49.6666666666667,7.604589253,-0.085637162377002,7.518952090623,7.388454065098870,7.39880825725885,7.60458891013384,
17056,55,,Ambient,6/2/2017,20170602,Acclimation 3,56,-14.5333333333333,-188.866666666667,-73.6666666666667,8.01759082217973,8.071,0.053110188108146,7.94020298476375,-0.130498025524131,7.95055717692373,-0.12014383336415,-0.017208413001912,6.74990439770555,-56,-58,-58,-57.3333333333333,7.736520368,-0.085637162377002,7.650883205623,7.520385180098870,7.53073937225885,7.73652007648184,
17186,56,,400,6/5/2017,20170605,Exposure 1,186,-17,-190.666666666667,-73.6666666666667,7.97888675623801,8.071,0.091814254049871,7.94020298476375,-0.130498025524131,7.95055717692373,-0.12014383336415,-0.017274472168906,6.7063339731286,-68,-67,-70,-68.3333333333333,7.886754536,-0.085637162377002,7.801117373623,7.670619348098870,7.68097354025885,7.88675623800384,
17217,57,,400,6/5/2017,20170605,Exposure 1,217,-17,-190.666666666667,-73.6666666666667,7.97888675623801,8.071,0.091814254049871,7.94020298476375,-0.130498025524131,7.95055717692373,-0.12014383336415,-0.017274472168906,6.7063339731286,-42,-39,-40,-40.3333333333333,7.403070244,-0.085637162377002,7.317433081623,7.186935056098870,7.19728924825885,7.40307101727447,
17138,58,,400,6/5/2017,20170605,Exposure 1,138,-17,-190.666666666667,-73.6666666666667,7.97888675623801,8.071,0.091814254049871,7.94020298476375,-0.130498025524131,7.95055717692373,-0.12014383336415,-0.017274472168906,6.7063339731286,-33,-33,-34,-33.3333333333333,7.282149171,-0.085637162377002,7.196512008623,7.066013983098870,7.07636817525885,7.28214971209213,
17131,59,,2800,6/5/2017,20170605,Exposure 1,131,-17,-190.666666666667,-73.6666666666667,7.97888675623801,8.071,0.091814254049871,7.94020298476375,-0.130498025524131,7.95055717692373,-0.12014383336415,-0.017274472168906,6.7063339731286,-35,-34,-35,-34.6666666666667,6.861804488,-0.085637162377002,6.776167325623,6.645669300098870,6.65602349225885,7.30518234165067,
17023,60,,2800,6/5/2017,20170605,Exposure 1,23,-17,-190.666666666667,-73.6666666666667,7.97888675623801,8.071,0.091814254049871,7.94020298476375,-0.130498025524131,7.95055717692373,-0.12014383336415,-0.017274472168906,6.7063339731286,-18,-20,-21,-19.6666666666667,6.971209268,-0.085637162377002,6.885572105623,6.755074080098870,6.76542827225885,7.04606525911708,
17098,61,,2800,6/5/2017,20170605,Exposure 1,98,-17,-190.666666666667,-73.6666666666667,7.97888675623801,8.071,0.091814254049871,7.94020298476375,-0.130498025524131,7.95055717692373,-0.12014383336415,-0.017274472168906,6.7063339731286,-45,-44,-43,-44,7.380037658,-0.085637162377002,7.294400495623,7.163902470098870,7.17425666225885,7.46641074856046,
17011,62,,900,6/5/2017,20170605,Exposure 1,11,-17,-190.666666666667,-73.6666666666667,7.97888675623801,8.071,0.091814254049871,7.94020298476375,-0.130498025524131,7.95055717692373,-0.12014383336415,-0.017274472168906,6.7063339731286,-21,-23,-22,-22,7.086372195,-0.085637162377002,7.000735032623,6.870237007098870,6.88059119925885,7.08637236084453,
17141,63,,900,6/5/2017,20170605,Exposure 1,141,-17,-190.666666666667,-73.6666666666667,7.97888675623801,8.071,0.091814254049871,7.94020298476375,-0.130498025524131,7.95055717692373,-0.12014383336415,-0.017274472168906,6.7063339731286,-53,-52,-53,-52.6666666666667,7.616121658,-0.085637162377002,7.530484495623,7.399986470098870,7.41034066225885,7.61612284069098,
17020,64,,900,6/5/2017,20170605,Exposure 1,20,-17,-190.666666666667,-73.6666666666667,7.97888675623801,8.071,0.091814254049871,7.94020298476375,-0.130498025524131,7.95055717692373,-0.12014383336415,-0.017274472168906,6.7063339731286,-58,-57,-58,-57.6666666666667,7.702493853,-0.085637162377002,7.616856690623,7.486358665098870,7.49671285725885,7.70249520153551,
17189,65,,400,6/5/2017,20170605,Exposure 1,189,-17,-190.666666666667,-73.6666666666667,7.97888675623801,8.071,0.091814254049871,7.94020298476375,-0.130498025524131,7.95055717692373,-0.12014383336415,-0.017274472168906,6.7063339731286,-47,-48,-48,-47.6666666666667,7.305181756,-0.085637162377002,7.219544593623,7.089046568098870,7.09940076025885,7.52975047984645,
17049,66,,400,6/5/2017,20170605,Exposure 1,49,-17,-190.666666666667,-73.6666666666667,7.97888675623801,8.071,0.091814254049871,7.94020298476375,-0.130498025524131,7.95055717692373,-0.12014383336415,-0.017274472168906,6.7063339731286,-87,-88,-87,-87.3333333333333,7.046065171,-0.085637162377002,6.960428008623,6.829929983098870,6.84028417525885,8.21497120921305,
17119,67,,400,6/5/2017,20170605,Exposure 1,119,-17,-190.666666666667,-73.6666666666667,7.97888675623801,8.071,0.091814254049871,7.94020298476375,-0.130498025524131,7.95055717692373,-0.12014383336415,-0.017274472168906,6.7063339731286,-23,-22,-24,-23,7.466409853,-0.085637162377002,7.380772690623,7.250274665098870,7.26062885725885,7.10364683301344,
17212,68,,900,6/5/2017,20170605,Exposure 1,212,-17,-190.666666666667,-73.6666666666667,7.97888675623801,8.071,0.091814254049871,7.94020298476375,-0.130498025524131,7.95055717692373,-0.12014383336415,-0.017274472168906,6.7063339731286,-9,-10,-8,-9,7.529749463,-0.085637162377002,7.444112300623,7.313614275098870,7.32396846725885,6.86180422264875,
17215,69,,900,6/5/2017,20170605,Exposure 1,215,-17,-190.666666666667,-73.6666666666667,7.97888675623801,8.071,0.091814254049871,7.94020298476375,-0.130498025524131,7.95055717692373,-0.12014383336415,-0.017274472168906,6.7063339731286,-16,-15,-15,-15.3333333333333,8.214968877,-0.085637162377002,8.129331714623,7.998833689098870,8.00918788125885,6.97120921305182,
17196,70,,900,6/5/2017,20170605,Exposure 1,196,-17,-190.666666666667,-73.6666666666667,7.97888675623801,8.071,0.091814254049871,7.94020298476375,-0.130498025524131,7.95055717692373,-0.12014383336415,-0.017274472168906,6.7063339731286,-38,-38,-41,-39,7.103646634,-0.085637162377002,7.018009471623,6.887511446098870,6.89786563825885,7.38003838771593,
17199,71,,2800,6/5/2017,20170605,Exposure 1,199,-17,-190.666666666667,-73.6666666666667,7.97888675623801,8.071,0.091814254049871,7.94020298476375,-0.130498025524131,7.95055717692373,-0.12014383336415,-0.017274472168906,6.7063339731286,-17,-14,-16,-15.6666666666667,6.976967415,-0.085637162377002,6.891330252623,6.760832227098870,6.77118641925885,6.97696737044146,
17054,72,,2800,6/5/2017,20170605,Exposure 1,54,-17,-190.666666666667,-73.6666666666667,7.97888675623801,8.071,0.091814254049871,7.94020298476375,-0.130498025524131,7.95055717692373,-0.12014383336415,-0.017274472168906,6.7063339731286,-69,-64,-71,-68,7.88099639,-0.085637162377002,7.795359227623,7.664861202098870,7.67521539425885,7.8809980806142,
17066,73,,2800,6/5/2017,20170605,Exposure 1,66,-17,-190.666666666667,-73.6666666666667,7.97888675623801,8.071,0.091814254049871,7.94020298476375,-0.130498025524131,7.95055717692373,-0.12014383336415,-0.017274472168906,6.7063339731286,-22,-24,-23,-23,7.103646634,-0.085637162377002,7.018009471623,6.887511446098870,6.89786563825885,7.10364683301344,
17195,74,,400,6/6/2017,20170606,Exposure 2,195,-17.3333333333333,-191,-74,7.978886756238,8.071,0.091814254049877,7.94020298476375,-0.130498025524131,7.95055717692373,-0.12014383336415,-0.017274472168906,6.70057581573896,-58,-56,-57,-57,7.708252,-0.085637162377002,7.622614837623,7.492116812098870,7.50247100425885,7.6852207293666,
17220,75,,400,6/6/2017,20170606,Exposure 2,220,-17.3333333333333,-191,-74,7.978886756238,8.071,0.091814254049877,7.94020298476375,-0.130498025524131,7.95055717692373,-0.12014383336415,-0.017274472168906,6.70057581573896,-55,-56,-55,-55.3333333333333,7.679461268,-0.085637162377002,7.593824105623,7.463326080098870,7.47368027225885,7.65642994241843,
17061,76,,400,6/6/2017,20170606,Exposure 2,61,-17.3333333333333,-191,-74,7.978886756238,8.071,0.091814254049877,7.94020298476375,-0.130498025524131,7.95055717692373,-0.12014383336415,-0.017274472168906,6.70057581573896,-57,-58,-57,-57.3333333333333,7.686534013,-0.085637162377002,7.600896850623,7.470398825098870,7.48075301725885,7.69097888675624,
17207,77,,400,6/6/2017,20170606,Exposure 2,207,-17.3333333333333,-191,-74,7.978886756238,8.071,0.091814254049877,7.94020298476375,-0.130498025524131,7.95055717692373,-0.12014383336415,-0.017274472168906,6.70057581573896,-51,-50,-51,-50.6666666666667,7.571149175,-0.085637162377002,7.485512012623,7.355013987098870,7.36536817925885,7.57581573896353,
17117,78,,400,6/6/2017,20170606,Exposure 2,117,-17.3333333333333,-191,-74,7.978886756238,8.071,0.091814254049877,7.94020298476375,-0.130498025524131,7.95055717692373,-0.12014383336415,-0.017274472168906,6.70057581573896,-15,-15,-15,-15,6.982725561,-0.085637162377002,6.897088398623,6.766590373098870,6.77694456525885,6.95969289827255,"Guts, not much fluid"
17104,79,,400,6/6/2017,20170606,Exposure 2,104,-17.3333333333333,-191,-74,7.978886756238,8.071,0.091814254049877,7.94020298476375,-0.130498025524131,7.95055717692373,-0.12014383336415,-0.017274472168906,6.70057581573896,-58,-58,-57,-57.6666666666667,7.692303254,-0.085637162377002,7.606666091623,7.476168066098870,7.48652225825885,7.69673704414587,
17198,80,,900,6/6/2017,20170606,Exposure 2,198,-17.3333333333333,-191,-74,7.978886756238,8.071,0.091814254049877,7.94020298476375,-0.130498025524131,7.95055717692373,-0.12014383336415,-0.017274472168906,6.70057581573896,-35,-35,-35,-35,7.328214341,-0.085637162377002,7.242577178623,7.112079153098870,7.12243334525885,7.30518234165067,
17032,81,,900,6/6/2017,20170606,Exposure 2,32,-17.3333333333333,-191,-74,7.978886756238,8.071,0.091814254049877,7.94020298476375,-0.130498025524131,7.95055717692373,-0.12014383336415,-0.017274472168906,6.70057581573896,-38,-40,-39,-39,7.397312097,-0.085637162377002,7.311674934623,7.181176909098870,7.19153110125885,7.3742802303263,
17155,82,,900,6/6/2017,20170606,Exposure 2,155,-17.3333333333333,-191,-74,7.978886756238,8.071,0.091814254049877,7.94020298476375,-0.130498025524131,7.95055717692373,-0.12014383336415,-0.017274472168906,6.70057581573896,-37,-38,-38,-37.6666666666667,7.346148743,-0.085637162377002,7.260511580623,7.130013555098870,7.14036774725885,7.35124760076775,
17147,83,,2800,6/6/2017,20170606,Exposure 2,147,-17.3333333333333,-191,-74,7.978886756238,8.071,0.091814254049877,7.94020298476375,-0.130498025524131,7.95055717692373,-0.12014383336415,-0.017274472168906,6.70057581573896,-35,-33,-33,-33.6666666666667,7.305181756,-0.085637162377002,7.219544593623,7.089046568098870,7.09940076025885,7.28214971209213,
17040,84,,2800,6/6/2017,20170606,Exposure 2,40,-17.3333333333333,-191,-74,7.978886756238,8.071,0.091814254049877,7.94020298476375,-0.130498025524131,7.95055717692373,-0.12014383336415,-0.017274472168906,6.70057581573896,-8,-8,-8,-8,6.832686217,-0.085637162377002,6.747049054623,6.616551029098870,6.62690522125885,6.83877159309021,
17036,85,,2800,6/6/2017,20170606,Exposure 2,36,-17.3333333333333,-191,-74,7.978886756238,8.071,0.091814254049877,7.94020298476375,-0.130498025524131,7.95055717692373,-0.12014383336415,-0.017274472168906,6.70057581573896,-67,-70,-70,-69,7.915545268,-0.085637162377002,7.829908105623,7.699410080098870,7.70976427225885,7.89251439539347,
17065,86,,900,6/6/2017,20170606,Exposure 2,65,-17.3333333333333,-191,-74,7.978886756238,8.071,0.091814254049877,7.94020298476375,-0.130498025524131,7.95055717692373,-0.12014383336415,-0.017274472168906,6.70057581573896,-49,-49,-51,-49.6666666666667,7.58157278,-0.085637162377002,7.495935617623,7.365437592098870,7.37579178425885,7.55854126679463,
17080,87,,900,6/6/2017,20170606,Exposure 2,80,-17.3333333333333,-191,-74,7.978886756238,8.071,0.091814254049877,7.94020298476375,-0.130498025524131,7.95055717692373,-0.12014383336415,-0.017274472168906,6.70057581573896,-47,-44,-46,-45.6666666666667,7.512475024,-0.085637162377002,7.426837861623,7.296339836098870,7.30669402825885,7.489443378119,
17187,88,,900,6/6/2017,20170606,Exposure 2,187,-17.3333333333333,-191,-74,7.978886756238,8.071,0.091814254049877,7.94020298476375,-0.130498025524131,7.95055717692373,-0.12014383336415,-0.017274472168906,6.70057581573896,-53,-55,-54,-54,7.628841594,-0.085637162377002,7.543204431623,7.412706406098870,7.42306059825885,7.63339731285988,
17026,89,,2800,6/6/2017,20170606,Exposure 2,26,-17.3333333333333,-191,-74,7.978886756238,8.071,0.091814254049877,7.94020298476375,-0.130498025524131,7.95055717692373,-0.12014383336415,-0.017274472168906,6.70057581573896,-3,-2,-4,-3,6.775432293,-0.085637162377002,6.689795130623,6.559297105098870,6.56965129725885,6.75239923224568,
17045,90,,2800,6/6/2017,20170606,Exposure 2,45,-17.3333333333333,-191,-74,7.978886756238,8.071,0.091814254049877,7.94020298476375,-0.130498025524131,7.95055717692373,-0.12014383336415,-0.017274472168906,6.70057581573896,-15,-15,-16,-15.3333333333333,6.959609538,-0.085637162377002,6.873972375623,6.743474350098870,6.75382854225885,6.96545105566219,
17050,91,,2800,6/6/2017,20170606,Exposure 2,50,-17.3333333333333,-191,-74,7.978886756238,8.071,0.091814254049877,7.94020298476375,-0.130498025524131,7.95055717692373,-0.12014383336415,-0.017274472168906,6.70057581573896,-18,-18,-17,-17.6666666666667,7.028790732,-0.085637162377002,6.943153569623,6.812655544098870,6.82300973625885,7.00575815738964,
17069,92,,400,6/13/2017,20170613,Exposure 3,69,-16,-189.666666666667,-75,8.01919385796546,8.071,0.051507152322421,7.94020298476375,-0.130498025524131,7.95055717692373,-0.12014383336415,-0.017274472168906,6.72360844529751,-64,-63,-63,-63.3333333333333,7.81765678,-0.085637162377002,7.732019617623,7.601521592098870,7.61187578425885,7.81765834932822,
17070,93,,400,6/13/2017,20170613,Exposure 3,70,-16,-189.666666666667,-75,8.01919385796546,8.071,0.051507152322421,7.94020298476375,-0.130498025524131,7.95055717692373,-0.12014383336415,-0.017274472168906,6.72360844529751,-3,-2,-6,-3.66666666666667,6.786948586,-0.085637162377002,6.701311423623,6.570813398098870,6.58116759025885,6.78694817658349,
17174,94,,400,6/13/2017,20170613,Exposure 3,174,-16,-189.666666666667,-75,8.01919385796546,8.071,0.051507152322421,7.94020298476375,-0.130498025524131,7.95055717692373,-0.12014383336415,-0.017274472168906,6.72360844529751,-59,-60,-60,-59.6666666666667,7.75431717,-0.085637162377002,7.668680007623,7.538181982098870,7.54853617425885,7.75431861804223,
17176,95,,400,6/13/2017,20170613,Exposure 3,176,-16,-189.666666666667,-75,8.01919385796546,8.071,0.051507152322421,7.94020298476375,-0.130498025524131,7.95055717692373,-0.12014383336415,-0.017274472168906,6.72360844529751,-22,-26,-23,-23.6666666666667,7.132437366,-0.085637162377002,7.046800203623,6.916302178098870,6.92665637025885,7.13243761996161,
17013,96,,400,6/13/2017,20170613,Exposure 3,13,-16,-189.666666666667,-75,8.01919385796546,8.071,0.051507152322421,7.94020298476375,-0.130498025524131,7.95055717692373,-0.12014383336415,-0.017274472168906,6.72360844529751,-38,-39,-38,-38.3333333333333,7.385795805,-0.085637162377002,7.300158642623,7.169660617098870,7.18001480925885,7.38579654510557,
17162,97,,400,6/13/2017,20170613,Exposure 3,162,-16,-189.666666666667,-75,8.01919385796546,8.071,0.051507152322421,7.94020298476375,-0.130498025524131,7.95055717692373,-0.12014383336415,-0.017274472168906,6.72360844529751,-49,-49,-49,-49,7.570056487,-0.085637162377002,7.484419324623,7.353921299098870,7.36427549125885,7.5700575815739,
17154,98,,900,6/13/2017,20170613,Exposure 3,154,-16,-189.666666666667,-75,8.01919385796546,8.071,0.051507152322421,7.94020298476375,-0.130498025524131,7.95055717692373,-0.12014383336415,-0.017274472168906,6.72360844529751,-44,-44,-43,-43.6666666666667,7.477926146,-0.085637162377002,7.392288983623,7.261790958098870,7.27214515025885,7.47792706333973,
17184,99,,900,6/13/2017,20170613,Exposure 3,184,-16,-189.666666666667,-75,8.01919385796546,8.071,0.051507152322421,7.94020298476375,-0.130498025524131,7.95055717692373,-0.12014383336415,-0.017274472168906,6.72360844529751,-57,-58,-59,-58,7.690977561,-0.085637162377002,7.605340398623,7.474842373098870,7.48519656525885,7.72552783109405,
17093,100,,900,6/13/2017,20170613,Exposure 3,93,-16,-189.666666666667,-75,8.01919385796546,8.071,0.051507152322421,7.94020298476375,-0.130498025524131,7.95055717692373,-0.12014383336415,-0.017274472168906,6.72360844529751,-58,58,-59,-19.6666666666667,7.731284585,-0.085637162377002,7.645647422623,7.515149397098870,7.52550358925885,7.06333973128599,
17122,101,,2800,6/13/2017,20170613,Exposure 3,122,-16,-189.666666666667,-75,8.01919385796546,8.071,0.051507152322421,7.94020298476375,-0.130498025524131,7.95055717692373,-0.12014383336415,-0.017274472168906,6.72360844529751,-65,-65,-67,-65.6666666666667,7.857963804,-0.085637162377002,7.772326641623,7.641828616098870,7.65218280825885,7.85796545105566,
17181,102,,2800,6/13/2017,20170613,Exposure 3,181,-16,-189.666666666667,-75,8.01919385796546,8.071,0.051507152322421,7.94020298476375,-0.130498025524131,7.95055717692373,-0.12014383336415,-0.017274472168906,6.72360844529751,-45,-45,-46,-45.3333333333333,7.506716878,-0.085637162377002,7.421079715623,7.290581690098870,7.30093588225885,7.50671785028791,
17072,103,,2800,6/13/2017,20170613,Exposure 3,72,-16,-189.666666666667,-75,8.01919385796546,8.071,0.051507152322421,7.94020298476375,-0.130498025524131,7.95055717692373,-0.12014383336415,-0.017274472168906,6.72360844529751,-50,-53,-52,-51.6666666666667,7.616121658,-0.085637162377002,7.530484495623,7.399986470098870,7.41034066225885,7.61612284069098,
17031,104,,900,6/13/2017,20170613,Exposure 3,31,-16,-189.666666666667,-75,8.01919385796546,8.071,0.051507152322421,7.94020298476375,-0.130498025524131,7.95055717692373,-0.12014383336415,-0.017274472168906,6.72360844529751,-27,-29,-27,-27.6666666666667,7.201535122,-0.085637162377002,7.115897959623,6.985399934098870,6.99575412625885,7.20153550863724,
17135,105,,900,6/13/2017,20170613,Exposure 3,135,-16,-189.666666666667,-75,8.01919385796546,8.071,0.051507152322421,7.94020298476375,-0.130498025524131,7.95055717692373,-0.12014383336415,-0.017274472168906,6.72360844529751,-36,-34,-33,-34.3333333333333,7.316698049,-0.085637162377002,7.231060886623,7.100562861098870,7.11091705325885,7.31669865642994,
17173,106,,900,6/13/2017,20170613,Exposure 3,173,-16,-189.666666666667,-75,8.01919385796546,8.071,0.051507152322421,7.94020298476375,-0.130498025524131,7.95055717692373,-0.12014383336415,-0.017274472168906,6.72360844529751,-48,-49,-49,-48.6666666666667,7.564298341,-0.085637162377002,7.478661178623,7.348163153098870,7.35851734525885,7.56429942418426,
17142,107,,2800,6/13/2017,20170613,Exposure 3,142,-16,-189.666666666667,-75,8.01919385796546,8.071,0.051507152322421,7.94020298476375,-0.130498025524131,7.95055717692373,-0.12014383336415,-0.017274472168906,6.72360844529751,-63,-63,-63,-63,7.811898634,-0.085637162377002,7.726261471623,7.595763446098870,7.60611763825885,7.81190019193858,
17090,108,,2800,6/13/2017,20170613,Exposure 3,90,-16,-189.666666666667,-75,8.01919385796546,8.071,0.051507152322421,7.94020298476375,-0.130498025524131,7.95055717692373,-0.12014383336415,-0.017274472168906,6.72360844529751,-40,-40,-41,-40.3333333333333,7.420344683,-0.085637162377002,7.334707520623,7.204209495098870,7.21456368725885,7.42034548944338,
17108,109,,2800,6/13/2017,20170613,Exposure 3,108,-16,-189.666666666667,-75,8.01919385796546,8.071,0.051507152322421,7.94020298476375,-0.130498025524131,7.95055717692373,-0.12014383336415,-0.017274472168906,6.72360844529751,-52,-53,-53,-52.6666666666667,7.633396097,-0.085637162377002,7.547758934623,7.417260909098870,7.42761510125885,7.63339731285989,
17008,116,2_2,400,6/26/2017,20170626,Exposure 4,8,-15,-189,-70,7.94827586206897,8.071,0.122425148218914,7.94020298476375,-0.130498025524131,7.95055717692373,-0.12014383336415,-0.017241379310345,6.74137931034483,4,4,4,4,6.672413793,-0.085637162377002,6.586776630623,6.456278605098870,6.46663279725885,6.67241379310345,
17095,117,1_1,400,6/26/2017,20170626,Exposure 4,95,-15,-189,-70,7.94827586206897,8.071,0.122425148218914,7.94020298476375,-0.130498025524131,7.95055717692373,-0.12014383336415,-0.017241379310345,6.74137931034483,-51,-52,-52,-51.6666666666667,7.632183908,-0.085637162377002,7.546546745623,7.416048720098870,7.42640291225885,7.63218390804598,
17028,118,1_3,400,6/26/2017,20170626,Exposure 4,28,-15,-189,-70,7.94827586206897,8.071,0.122425148218914,7.94020298476375,-0.130498025524131,7.95055717692373,-0.12014383336415,-0.017241379310345,6.74137931034483,-54,-53,-53,-53.3333333333333,7.66091954,-0.085637162377002,7.575282377623,7.444784352098870,7.45513854425885,7.66091954022988,
17157,124,2_3,400,6/26/2017,20170626,Exposure 4,157,-15,-189,-70,7.94827586206897,8.071,0.122425148218914,7.94020298476375,-0.130498025524131,7.95055717692373,-0.12014383336415,-0.017241379310345,6.74137931034483,-60,-60,-61,-60.3333333333333,7.781609195,-0.085637162377002,7.695972032623,7.565474007098870,7.57582819925885,7.7816091954023,
17163,125,2_1,400,6/26/2017,20170626,Exposure 4,163,-15,-189,-70,7.94827586206897,8.071,0.122425148218914,7.94020298476375,-0.130498025524131,7.95055717692373,-0.12014383336415,-0.017241379310345,6.74137931034483,-37,-38,-39,-38,7.396551724,-0.085637162377002,7.310914561623,7.180416536098870,7.19077072825885,7.39655172413793,
17182,126,1_2,400,6/26/2017,20170626,Exposure 4,182,-15,-189,-70,7.94827586206897,8.071,0.122425148218914,7.94020298476375,-0.130498025524131,7.95055717692373,-0.12014383336415,-0.017241379310345,6.74137931034483,-39,-38,-38,-38.3333333333333,7.402298851,-0.085637162377002,7.316661688623,7.186163663098870,7.19651785525885,7.40229885057471,
17075,127,3_1,900,6/26/2017,20170626,Exposure 4,75,-15,-189,-70,7.94827586206897,8.071,0.122425148218914,7.94020298476375,-0.130498025524131,7.95055717692373,-0.12014383336415,-0.017241379310345,6.74137931034483,-51,-51,-51,-51,7.620689655,-0.085637162377002,7.535052492623,7.404554467098870,7.41490865925885,7.62068965517241,
17116,128,3_2,900,6/26/2017,20170626,Exposure 4,116,-15,-189,-70,7.94827586206897,8.071,0.122425148218914,7.94020298476375,-0.130498025524131,7.95055717692373,-0.12014383336415,-0.017241379310345,6.74137931034483,-31,-31,-31,-31,7.275862069,-0.085637162377002,7.190224906623,7.059726881098870,7.07008107325885,7.27586206896552,
17206,128,,,7/24/2017,20170724,Exposure 5,206,-15.3333333333333,-189,-78.6666666666667,8.09404990403072,8.050,-0.043854735055700,7.916,-0.133743987898919,7.927,-0.12323516237838,-0.017274472168906,6.73512476007678,-17,-19,-19,-18.3333333333333,7.051823417,-0.085637162377002,6.966186254623,6.832442266724080,6.84295109224462,7.05182341650672,
17042,129,,,7/24/2017,20170724,Exposure 5,42,-15.3333333333333,-189,-78.6666666666667,8.09404990403072,8.050,-0.043854735055700,7.916,-0.133743987898919,7.927,-0.12323516237838,-0.017274472168906,6.73512476007678,-46,-48,-48,-47.3333333333333,7.552783109,-0.085637162377002,7.467145946623,7.333401958724080,7.34391078424462,7.55278310940499,
17179,129,3_3,900,6/26/2017,20170626,Exposure 4,179,-15,-189,-70,7.94827586206897,8.071,0.122425148218914,7.94020298476375,-0.130498025524131,7.95055717692373,-0.12014383336415,-0.017241379310345,6.74137931034483,-33,-33,-33,-33,7.310344828,-0.085637162377002,7.224707665623,7.094209640098870,7.10456383225885,7.31034482758621,
17053,130,4_1,2800,6/26/2017,20170626,Exposure 4,53,-15,-189,-70,7.94827586206897,8.071,0.122425148218914,7.94020298476375,-0.130498025524131,7.95055717692373,-0.12014383336415,-0.017241379310345,6.74137931034483,-45,-45,-45,-45,7.517241379,-0.085637162377002,7.431604216623,7.301106191098870,7.31146038325885,7.51724137931034,
17111,130,,,7/24/2017,20170724,Exposure 5,111,-15.3333333333333,-189,-78.6666666666667,8.09404990403072,8.050,-0.043854735055700,7.916,-0.133743987898919,7.927,-0.12323516237838,-0.017274472168906,6.73512476007678,-49,-50,-51,-50,7.598848369,-0.085637162377002,7.513211206623,7.379467218724080,7.38997604424462,7.59884836852207,
17110,131,4_2,2800,6/26/2017,20170626,Exposure 4,110,-15,-189,-70,7.94827586206897,8.071,0.122425148218914,7.94020298476375,-0.130498025524131,7.95055717692373,-0.12014383336415,-0.017241379310345,6.74137931034483,-34,-34,-35,-34.3333333333333,7.333333333,-0.085637162377002,7.247696170623,7.117198145098870,7.12755233725885,7.33333333333333,
17133,131,,,7/24/2017,20170724,Exposure 5,133,-15.3333333333333,-189,-78.6666666666667,8.09404990403072,8.050,-0.043854735055700,7.916,-0.133743987898919,7.927,-0.12323516237838,-0.017274472168906,6.73512476007678,-23,-25,-26,-24.6666666666667,7.161228407,-0.085637162377002,7.075591244623,6.941847256724080,6.95235608224462,7.16122840690979,
17001,132,,,7/24/2017,20170724,Exposure 5,1,-15.3333333333333,-189,-78.6666666666667,8.09404990403072,8.050,-0.043854735055700,7.916,-0.133743987898919,7.927,-0.12323516237838,-0.017274472168906,6.73512476007678,-28,-29,-29,-28.6666666666667,7.230326296,-0.085637162377002,7.144689133623,7.010945145724080,7.02145397124462,7.23032629558541,
17022,132,4_3,2800,6/26/2017,20170626,Exposure 4,22,-15,-189,-70,7.94827586206897,8.071,0.122425148218914,7.94020298476375,-0.130498025524131,7.95055717692373,-0.12014383336415,-0.017241379310345,6.74137931034483,-31,-31,-31,-31,7.275862069,-0.085637162377002,7.190224906623,7.059726881098870,7.07008107325885,7.27586206896552,
17030,133,5_1,900,6/26/2017,20170626,Exposure 4,30,-15,-189,-70,7.94827586206897,8.071,0.122425148218914,7.94020298476375,-0.130498025524131,7.95055717692373,-0.12014383336415,-0.017241379310345,6.74137931034483,-41,-41,-41,-41,7.448275862,-0.085637162377002,7.362638699623,7.232140674098870,7.24249486625885,7.44827586206897,
17210,133,,,7/24/2017,20170724,Exposure 5,210,-15.3333333333333,-189,-78.6666666666667,8.09404990403072,8.050,-0.043854735055700,7.916,-0.133743987898919,7.927,-0.12323516237838,-0.017274472168906,6.73512476007678,-4,-5,-5,-4.66666666666667,6.815738964,-0.085637162377002,6.730101801623,6.596357813724080,6.60686663924462,6.81573896353167,
17129,134,,,7/24/2017,20170724,Exposure 5,129,-15.3333333333333,-189,-78.6666666666667,8.09404990403072,8.050,-0.043854735055700,7.916,-0.133743987898919,7.927,-0.12323516237838,-0.017274472168906,6.73512476007678,-38,-40,-40,-39.3333333333333,7.414587332,-0.085637162377002,7.328950169623,7.195206181724080,7.20571500724462,7.41458733205374,
17151,134,5_2,900,6/26/2017,20170626,Exposure 4,151,-15,-189,-70,7.94827586206897,8.071,0.122425148218914,7.94020298476375,-0.130498025524131,7.95055717692373,-0.12014383336415,-0.017241379310345,6.74137931034483,-45,-46,-46,-45.6666666666667,7.528735632,-0.085637162377002,7.443098469623,7.312600444098870,7.32295463625885,7.52873563218391,
17048,135,5_3,900,6/26/2017,20170626,Exposure 4,48,-15,-189,-70,7.94827586206897,8.071,0.122425148218914,7.94020298476375,-0.130498025524131,7.95055717692373,-0.12014383336415,-0.017241379310345,6.74137931034483,-38,-38,-38,-38,7.396551724,-0.085637162377002,7.310914561623,7.180416536098870,7.19077072825885,7.39655172413793,
17113,135,,,7/24/2017,20170724,Exposure 5,113,-15.3333333333333,-189,-78.6666666666667,8.09404990403072,8.050,-0.043854735055700,7.916,-0.133743987898919,7.927,-0.12323516237838,-0.017274472168906,6.73512476007678,-61,-62,-62,-61.6666666666667,7.800383877,-0.085637162377002,7.714746714623,7.581002726724080,7.59151155224462,7.80038387715931,
17166,136,,,7/24/2017,20170724,Exposure 5,166,-15.3333333333333,-189,-78.6666666666667,8.09404990403072,8.050,-0.043854735055700,7.916,-0.133743987898919,7.927,-0.12323516237838,-0.017274472168906,6.73512476007678,-53,-53,-52,-52.6666666666667,7.644913628,-0.085637162377002,7.559276465623,7.425532477724080,7.43604130324462,7.64491362763916,
17190,136,6_1,2800,6/26/2017,20170626,Exposure 4,190,-15,-189,-70,7.94827586206897,8.071,0.122425148218914,7.94020298476375,-0.130498025524131,7.95055717692373,-0.12014383336415,-0.017241379310345,6.74137931034483,-31,-29,-30,-30,7.25862069,-0.085637162377002,7.172983527623,7.042485502098870,7.05283969425885,7.25862068965517,
17106,137,,,7/24/2017,20170724,Exposure 5,106,-15.3333333333333,-189,-78.6666666666667,8.09404990403072,8.050,-0.043854735055700,7.916,-0.133743987898919,7.927,-0.12323516237838,-0.017274472168906,6.73512476007678,-50,-51,-52,-51,7.644913628,-0.085637162377002,7.559276465623,7.425532477724080,7.43604130324462,7.61612284069098,
17114,137,6_2,2800,6/26/2017,20170626,Exposure 4,114,-15,-189,-70,7.94827586206897,8.071,0.122425148218914,7.94020298476375,-0.130498025524131,7.95055717692373,-0.12014383336415,-0.017241379310345,6.74137931034483,-44,-44,-44,-44,7.5,-0.085637162377002,7.414362837623,7.283864812098870,7.29421900425885,7.5,
17120,138,,,7/24/2017,20170724,Exposure 5,120,-15.3333333333333,-189,-78.6666666666667,8.09404990403072,8.050,-0.043854735055700,7.916,-0.133743987898919,7.927,-0.12323516237838,-0.017274472168906,6.73512476007678,-57,-58,-58,-57.6666666666667,7.731285988,-0.085637162377002,7.645648825623,7.511904837724080,7.52241366324462,7.73128598848369,
17222,138,6_3,2800,6/26/2017,20170626,Exposure 4,222,-15,-189,-70,7.94827586206897,8.071,0.122425148218914,7.94020298476375,-0.130498025524131,7.95055717692373,-0.12014383336415,-0.017241379310345,6.74137931034483,-19,-18,-19,-18.6666666666667,7.063218391,-0.085637162377002,6.977581228623,6.847083203098870,6.85743739525885,7.0632183908046,
17052,139,,,7/24/2017,20170724,Exposure 5,52,-15.3333333333333,-189,-78.6666666666667,8.09404990403072,8.050,-0.043854735055700,7.916,-0.133743987898919,7.927,-0.12323516237838,-0.017274472168906,6.73512476007678,-41,-41,-41,-41,7.443378119,-0.085637162377002,7.357740956623,7.223996968724080,7.23450579424462,7.44337811900192,
17085,140,,,7/24/2017,20170724,Exposure 5,85,-15.3333333333333,-189,-78.6666666666667,8.09404990403072,8.050,-0.043854735055700,7.916,-0.133743987898919,7.927,-0.12323516237838,-0.017274472168906,6.73512476007678,-15,-16,-16,-15.6666666666667,7.005758157,-0.085637162377002,6.920120994623,6.786377006724080,6.79688583224462,7.00575815738964,
17041,141,,,7/24/2017,20170724,Exposure 5,41,-15.3333333333333,-189,-78.6666666666667,8.09404990403072,8.050,-0.043854735055700,7.916,-0.133743987898919,7.927,-0.12323516237838,-0.017274472168906,6.73512476007678,-27,-28,-28,-27.6666666666667,7.213051823,-0.085637162377002,7.127414660623,6.993670672724080,7.00417949824462,7.21305182341651,
17143,142,,,7/24/2017,20170724,Exposure 5,143,-15.3333333333333,-189,-78.6666666666667,8.09404990403072,8.050,-0.043854735055700,7.916,-0.133743987898919,7.927,-0.12323516237838,-0.017274472168906,6.73512476007678,-39,-40,-41,-40,7.426103647,-0.085637162377002,7.340466484623,7.206722496724080,7.21723132224462,7.42610364683301,
17158,143,,,7/24/2017,20170724,Exposure 5,158,-15.3333333333333,-189,-78.6666666666667,8.09404990403072,8.050,-0.043854735055700,7.916,-0.133743987898919,7.927,-0.12323516237838,-0.017274472168906,6.73512476007678,-62,-64,-65,-63.6666666666667,7.834932821,-0.085637162377002,7.749295658623,7.615551670724080,7.62606049624462,7.83493282149712,
17218,144,,,7/24/2017,20170724,Exposure 5,218,-15.3333333333333,-189,-78.6666666666667,8.09404990403072,8.050,-0.043854735055700,7.916,-0.133743987898919,7.927,-0.12323516237838,-0.017274472168906,6.73512476007678,-52,-54,-53,-53,7.650671785,-0.085637162377002,7.565034622623,7.431290634724080,7.44179946024462,7.65067178502879,
17170,145,,,7/24/2017,20170724,Exposure 5,170,-15.3333333333333,-189,-78.6666666666667,8.09404990403072,8.050,-0.043854735055700,7.916,-0.133743987898919,7.927,-0.12323516237838,-0.017274472168906,6.73512476007678,-14,-15,-13,-14,6.97696737,-0.085637162377002,6.891330207623,6.757586219724080,6.76809504524462,6.97696737044146,
17079,146,2_3,400,8/22/2017,20170822,Exposure 6,79,-13.6666666666667,-187,-62.6666666666667,7.84807692307692,8.037,0.188571782764326,7.901,-0.135921512065940,7.911,-0.12531108276629,-0.017307692307692,6.76346153846154,-39,-40,-40,-39.6666666666667,7.449509521,-0.085637162377002,7.363872358623,7.227950846557060,7.23856127585671,7.45,
17204,147,5_3,900,8/22/2017,20170822,Exposure 6,204,-13.6666666666667,-187,-62.6666666666667,7.84807692307692,8.037,0.188571782764326,7.901,-0.135921512065940,7.911,-0.12531108276629,-0.017307692307692,6.76346153846154,-44,-43,-44,-43.6666666666667,7.518753606,-0.085637162377002,7.433116443623,7.297194931557060,7.30780536085671,7.51923076923077,
17082,148,3_3,900,8/22/2017,20170822,Exposure 6,82,-13.6666666666667,-187,-62.6666666666667,7.84807692307692,8.037,0.188571782764326,7.901,-0.135921512065940,7.911,-0.12531108276629,-0.017307692307692,6.76346153846154,-45,-46,-46,-45.6666666666667,7.553375649,-0.085637162377002,7.467738486623,7.331816974557060,7.34242740385671,7.55384615384615,
17203,149,2_1,400,8/22/2017,20170822,Exposure 6,203,-13.6666666666667,-187,-62.6666666666667,7.84807692307692,8.037,0.188571782764326,7.901,-0.135921512065940,7.911,-0.12531108276629,-0.017307692307692,6.76346153846154,-40,-42,-43,-41.6666666666667,7.484131564,-0.085637162377002,7.398494401623,7.262572889557060,7.27318331885671,7.48461538461538,
17145,150,6_1,2800,8/22/2017,20170822,Exposure 6,145,-13.6666666666667,-187,-62.6666666666667,7.84807692307692,8.037,0.188571782764326,7.901,-0.135921512065940,7.911,-0.12531108276629,-0.017307692307692,6.76346153846154,-8,-9,-10,-9,6.9186382,-0.085637162377002,6.833001037623,6.697079525557060,6.70768995485671,6.91923076923077,
17019,151,4_1,2800,8/22/2017,20170822,Exposure 6,19,-13.6666666666667,-187,-62.6666666666667,7.84807692307692,8.037,0.188571782764326,7.901,-0.135921512065940,7.911,-0.12531108276629,-0.017307692307692,6.76346153846154,-21,-23,-23,-22.3333333333333,7.149451818,-0.085637162377002,7.063814655623,6.927893143557060,6.93850357285671,7.15,
17007,152,1_2,400,8/22/2017,20170822,Exposure 6,7,-13.6666666666667,-187,-62.6666666666667,7.84807692307692,8.037,0.188571782764326,7.901,-0.135921512065940,7.911,-0.12531108276629,-0.017307692307692,6.76346153846154,-41,-39,-40,-40,7.455279862,-0.085637162377002,7.369642699623,7.233721187557060,7.24433161685671,7.45576923076923,
17027,153,3_2,900,8/22/2017,20170822,Exposure 6,27,-13.6666666666667,-187,-62.6666666666667,7.84807692307692,8.037,0.188571782764326,7.901,-0.135921512065940,7.911,-0.12531108276629,-0.017307692307692,6.76346153846154,-46,-46,-46,-46,7.55914599,-0.085637162377002,7.473508827623,7.337587315557060,7.34819774485671,7.55961538461539,
17208,154,5_2,900,8/22/2017,20170822,Exposure 6,208,-13.6666666666667,-187,-62.6666666666667,7.84807692307692,8.037,0.188571782764326,7.901,-0.135921512065940,7.911,-0.12531108276629,-0.017307692307692,6.76346153846154,-24,-25,-25,-24.6666666666667,7.189844201,-0.085637162377002,7.104207038623,6.968285526557060,6.97889595585671,7.19038461538462,
17211,155,2_2,400,8/22/2017,20170822,Exposure 6,211,-13.6666666666667,-187,-62.6666666666667,7.84807692307692,8.037,0.188571782764326,7.901,-0.135921512065940,7.911,-0.12531108276629,-0.017307692307692,6.76346153846154,-54,-55,-55,-54.6666666666667,7.709174841,-0.085637162377002,7.623537678623,7.487616166557060,7.49822659585671,7.70961538461539,
17213,156,4_1,2800,8/22/2017,20170822,Exposure 6,213,-13.6666666666667,-187,-62.6666666666667,7.84807692307692,8.037,0.188571782764326,7.901,-0.135921512065940,7.911,-0.12531108276629,-0.017307692307692,6.76346153846154,-6,-6,-7,-6.33333333333333,6.872475476,-0.085637162377002,6.786838313623,6.650916801557060,6.66152723085671,6.87307692307692,
17029,157,5_1,900,8/22/2017,20170822,Exposure 6,29,-13.6666666666667,-187,-62.6666666666667,7.84807692307692,8.037,0.188571782764326,7.901,-0.135921512065940,7.911,-0.12531108276629,-0.017307692307692,6.76346153846154,-39,-39,-40,-39.3333333333333,7.443739181,-0.085637162377002,7.358102018623,7.222180506557060,7.23279093585671,7.44423076923077,
17094,158,6_2,2800,8/22/2017,20170822,Exposure 6,94,-13.6666666666667,-187,-62.6666666666667,7.84807692307692,8.037,0.188571782764326,7.901,-0.135921512065940,7.911,-0.12531108276629,-0.017307692307692,6.76346153846154,-24,-23,-24,-23.6666666666667,7.172533179,-0.085637162377002,7.086896016623,6.950974504557060,6.96158493385671,7.17307692307692,
17099,159,1_3,400,8/22/2017,20170822,Exposure 6,99,-13.6666666666667,-187,-62.6666666666667,7.84807692307692,8.037,0.188571782764326,7.901,-0.135921512065940,7.911,-0.12531108276629,-0.017307692307692,6.76346153846154,-53,-52,-52,-52.3333333333333,7.668782458,-0.085637162377002,7.583145295623,7.447223783557060,7.45783421285671,7.66923076923077,
17178,160,4_2,2800,8/22/2017,20170822,Exposure 6,178,-13.6666666666667,-187,-62.6666666666667,7.84807692307692,8.037,0.188571782764326,7.901,-0.135921512065940,7.911,-0.12531108276629,-0.017307692307692,6.76346153846154,-20,-18,-19,-19,7.091748413,-0.085637162377002,7.006111250623,6.870189738557060,6.88080016785671,7.09230769230769,
17130,161,6_3,2800,8/22/2017,20170822,Exposure 6,130,-13.6666666666667,-187,-62.6666666666667,7.84807692307692,8.037,0.188571782764326,7.901,-0.135921512065940,7.911,-0.12531108276629,-0.017307692307692,6.76346153846154,-20,-19,-19,-19.3333333333333,7.097518754,-0.085637162377002,7.011881591623,6.875960079557060,6.88657050885671,7.09807692307692,
17012,162,3_1,900,8/22/2017,20170822,Exposure 6,12,-13.6666666666667,-187,-62.6666666666667,7.84807692307692,8.037,0.188571782764326,7.901,-0.135921512065940,7.911,-0.12531108276629,-0.017307692307692,6.76346153846154,-40,-41,-42,-41,7.472590883,-0.085637162377002,7.386953720623,7.251032208557060,7.26164263785671,7.47307692307692,
17062,163,2_3,400,8/24/2017,20170824,Exposure 6,62,-26,-195.666666666667,-69.6666666666667,7.7721021611002,8.037,0.264546544741054,7.901,-0.135921512065940,7.911,-0.12531108276629,-0.017681728880157,6.54027504911591,-70,-71,-71,-70.6666666666667,7.78978389,-0.085637162377002,7.704146727623,7.568225215557060,7.57883564485671,7.78978388998035,
17123,164,5_1,900,8/24/2017,20170824,Exposure 6,123,-26,-195.666666666667,-69.6666666666667,7.7721021611002,8.037,0.264546544741054,7.901,-0.135921512065940,7.911,-0.12531108276629,-0.017681728880157,6.54027504911591,-33,-34,-35,-34,7.141453831,-0.085637162377002,7.055816668623,6.919895156557060,6.93050558585671,7.14145383104126,
17168,165,3_3,900,8/24/2017,20170824,Exposure 6,168,-26,-195.666666666667,-69.6666666666667,7.7721021611002,8.037,0.264546544741054,7.901,-0.135921512065940,7.911,-0.12531108276629,-0.017681728880157,6.54027504911591,-44,-45,-45,-44.6666666666667,7.330058939,-0.085637162377002,7.244421776623,7.108500264557060,7.11911069385671,7.33005893909627,
17043,166,6_1,2800,8/24/2017,20170824,Exposure 6,43,-26,-195.666666666667,-69.6666666666667,7.7721021611002,8.037,0.264546544741054,7.901,-0.135921512065940,7.911,-0.12531108276629,-0.017681728880157,6.54027504911591,-41,-42,-42,-41.6666666666667,7.277013752,-0.085637162377002,7.191376589623,7.055455077557060,7.06606550685671,7.2770137524558,
17068,167,3_2,900,8/24/2017,20170824,Exposure 6,68,-26,-195.666666666667,-69.6666666666667,7.7721021611002,8.037,0.264546544741054,7.901,-0.135921512065940,7.911,-0.12531108276629,-0.017681728880157,6.54027504911591,-35,-35,-36,-35.3333333333333,7.16502947,-0.085637162377002,7.079392307623,6.943470795557060,6.95408122485671,7.16502946954813,
17005,168,2_2,400,8/24/2017,20170824,Exposure 6,5,-26,-195.666666666667,-69.6666666666667,7.7721021611002,8.037,0.264546544741054,7.901,-0.135921512065940,7.911,-0.12531108276629,-0.017681728880157,6.54027504911591,-16,-18,-18,-17.3333333333333,6.84675835,-0.085637162377002,6.761121187623,6.625199675557060,6.63581010485671,6.8467583497053,
17159,169,4_2,2800,8/24/2017,20170824,Exposure 6,159,-26,-195.666666666667,-69.6666666666667,7.7721021611002,8.037,0.264546544741054,7.901,-0.135921512065940,7.911,-0.12531108276629,-0.017681728880157,6.54027504911591,-25,-26,-26,-25.6666666666667,6.99410609,-0.085637162377002,6.908468927623,6.772547415557060,6.78315784485671,6.99410609037328,
17156,170,5_3,900,8/24/2017,20170824,Exposure 6,156,-26,-195.666666666667,-69.6666666666667,7.7721021611002,8.037,0.264546544741054,7.901,-0.135921512065940,7.911,-0.12531108276629,-0.017681728880157,6.54027504911591,-45,-46,-47,-46,7.353634578,-0.085637162377002,7.267997415623,7.132075903557060,7.14268633285671,7.35363457760314,
17126,171,1_2,400,8/24/2017,20170824,Exposure 6,126,-26,-195.666666666667,-69.6666666666667,7.7721021611002,8.037,0.264546544741054,7.901,-0.135921512065940,7.911,-0.12531108276629,-0.017681728880157,6.54027504911591,-60,-63,-62,-61.6666666666667,7.63064833,-0.085637162377002,7.545011167623,7.409089655557060,7.41970008485671,7.63064833005894,
17153,172,4_3,2800,8/24/2017,20170824,Exposure 6,153,-26,-195.666666666667,-69.6666666666667,7.7721021611002,8.037,0.264546544741054,7.901,-0.135921512065940,7.911,-0.12531108276629,-0.017681728880157,6.54027504911591,-32,-34,-34,-33.3333333333333,7.129666012,-0.085637162377002,7.044028849623,6.908107337557060,6.91871776685671,7.12966601178782,
17089,173,3_1,900,8/24/2017,20170824,Exposure 6,89,-26,-195.666666666667,-69.6666666666667,7.7721021611002,8.037,0.264546544741054,7.901,-0.135921512065940,7.911,-0.12531108276629,-0.017681728880157,6.54027504911591,-44,-47,-47,-46,7.353634578,-0.085637162377002,7.267997415623,7.132075903557060,7.14268633285671,7.35363457760314,
17051,174,4_1,2800,8/24/2017,20170824,Exposure 6,51,-26,-195.666666666667,-69.6666666666667,7.7721021611002,8.037,0.264546544741054,7.901,-0.135921512065940,7.911,-0.12531108276629,-0.017681728880157,6.54027504911591,-17,-18,-19,-18,6.858546169,-0.085637162377002,6.772909006623,6.636987494557060,6.64759792385671,6.85854616895874,
