"","X1","X2","chr","start.x","end","strand.x","pvalue","qvalue","meth.diff","cpg_pos","chr.x","str","end.x","gene_str","gene_end","loc","gene_id","protein_id","chr.y","method","feature","start.y","end.y","score","strand.y","phase","CDS_ID","Parent","Description","GO.SLIM","Enzyme.Codes","Enzyme.Names","InterproScan.GO.ID"
"1","DML","all","NC_035780.1",26670697,26670697,"+",4.23367853994406e-07,0.00571026823369021,-53.2789497163979,"NC_035780.1_26670697","NC_035780.1",26670696,26670698,26659273,26696606,"LOC111113238","LOC111113238","XP_022307046.1","NC_035780.1","Gnomon","CDS",26696445,26696606,".","-",0,"cds2463","rna2745","protein scribble homolog isoform X1","F:GO:0003674","","","GO:0005515"
"2","DML","all","NC_035787.1",45924918,45924918,"+",4.70033241515659e-07,0.00589086570049466,-50.2167172600689,"NC_035787.1_45924918","NC_035787.1",45924917,45924919,45920011,45934396,"LOC111109520","LOC111109520","XP_022301382.1","NC_035787.1","Gnomon","CDS",45934053,45934163,".","-",0,"cds48772","rna54019","pre-mRNA-splicing factor 18-like","C:GO:0005634; C:GO:0032991; P:GO:0034641","","","GO:0005681;GO:0008380"
"3","DML","all","NC_035781.1",58000672,58000672,"+",5.94472255899426e-07,0.00708147215197731,56.7542021903924,"NC_035781.1_58000672","NC_035781.1",58000671,58000673,57988605,58011538,"LOC111119586","LOC111119586","XP_022315600.1","NC_035781.1","Gnomon","CDS",58002381,58002571,".","+",2,"cds12114","rna13208","band 4.1-like protein 3 isoform X1","F:GO:0005198; C:GO:0005856; C:GO:0005886; P:GO:0007010; F:GO:0008092; P:GO:0040007","","","GO:0001558;GO:0003779;GO:0005198;GO:0005856;GO:0005886;GO:0005911;GO:0007016"
"4","DML","all","NC_035782.1",6358680,6358680,"+",4.39387372233076e-08,0.00143936926848693,-56.274545290019,"NC_035782.1_6358680","NC_035782.1",6358679,6358681,6357699,6367001,"LOC111122507","LOC111122507","XP_022319991.1","NC_035782.1","Gnomon","CDS",6357732,6357940,".","+",0,"cds12964","rna14128","heparanase-like","C:GO:0005575; F:GO:0016798","","","GO:0016020;GO:0016798"
"5","DML","all","NC_035782.1",37123564,37123564,"+",6.4208282939739e-07,0.00742365942857386,53.9633555466106,"NC_035782.1_37123564","NC_035782.1",37123563,37123565,37080448,37147098,"LOC111122636","LOC111122636","XP_022320170.1","NC_035782.1","Gnomon","CDS",37142120,37142314,".","-",1,"cds15839","rna17266","dynein beta chain%2C flagellar outer arm-like isoform X1","GO:0005856;GO:0008150;GO:0032991;GO:0043167","EC:3.6.1.15","Nucleoside-triphosphate phosphatase","GO:0003777;GO:0005524;GO:0005874;GO:0007018;GO:0030286"
"6","DML","C","NC_035780.1",20588953,20588953,"+",6.10219685931427e-09,4.42362159602432e-05,-63.953488372093,"NC_035780.1_20588953","NC_035780.1",20588952,20588954,20571017,20597711,"LOC111123818","LOC111123818","XP_022322138.1","NC_035780.1","Gnomon","CDS",20582705,20582839,".","+",2,"cds1879","rna2084","LOW QUALITY PROTEIN: protein argonaute-2-like","F:GO:0003674","","","GO:0003676;GO:0005515"
"7","DML","C","NC_035780.1",22258705,22258705,"+",3.32377053684726e-07,0.00103046313850987,-62.1035058430718,"NC_035780.1_22258705","NC_035780.1",22258704,22258706,22257717,22269458,"LOC111124236","LOC111124236","XP_022322803.1","NC_035780.1","Gnomon","CDS",22269244,22269378,".","-",0,"cds2009","rna2229","acetolactate synthase-like protein","F:GO:0043167","","","GO:0000287;GO:0003824;GO:0030976"
"8","DML","C","NC_035780.1",29465197,29465197,"+",1.58621329946429e-07,0.000646905284980275,62.9639422453794,"NC_035780.1_29465197","NC_035780.1",29465196,29465198,29458894,29476144,"LOC111112959","LOC111112959","XP_022306563.1","NC_035780.1","Gnomon","CDS",29459456,29459490,".","+",0,"cds2766","rna3058","DNA polymerase delta catalytic subunit-like","GO:0003677;GO:0005622;GO:0009058;GO:0016779;GO:0032991","EC:2.7.7.7","DNA-directed DNA polymerase","GO:0000166;GO:0003677;GO:0003887;GO:0006260;GO:0042575"
"9","DML","C","NC_035780.1",56226353,56226353,"+",5.38330463431114e-06,0.00761924338888259,-57.2084760817155,"NC_035780.1_56226353","NC_035780.1",56226352,56226354,56224460,56228446,"LOC111101292","LOC111101292","XP_022289445.1","NC_035780.1","Gnomon","CDS",56225518,56225682,".","-",0,"cds5131","rna5693","LOW QUALITY PROTEIN: RING finger protein 32-like","F:GO:0003674","","","GO:0005515"
"10","DML","C","NC_035780.1",56266117,56266117,"+",5.91161812421025e-26,3.84881550837138e-21,74.031279178338,"NC_035780.1_56266117","NC_035780.1",56266116,56266118,56263195,56266459,"LOC111136554","LOC111136554","XP_022343203.1","NC_035780.1","Gnomon","CDS",56263240,56263273,".","+",0,"cds5134","rna5696","nucleoporin NUP53-like","F:GO:0003674; C:GO:0005635; P:GO:0006913","","","GO:0003676;GO:0006913;GO:0031965"
"11","DML","C","NC_035781.1",1360771,1360771,"+",2.59837739744735e-06,0.00463479027683608,80.6153846153846,"NC_035781.1_1360771","NC_035781.1",1360770,1360772,1350400,1366400,"LOC111121011","LOC111121011","XP_022317800.1","NC_035781.1","Gnomon","CDS",1351718,1351782,".","+",0,"cds6157","rna6818","THO complex subunit 1-like","F:GO:0003674; P:GO:0007165","","","GO:0005515;GO:0007165"
"12","DML","C","NC_035781.1",4717262,4717262,"+",1.91852757799886e-19,1.07063633586205e-14,51.6847691650363,"NC_035781.1_4717262","NC_035781.1",4717261,4717263,4705821,4733891,"LOC111119735","LOC111119735","XP_022315899.1","NC_035781.1","Gnomon","CDS",4728964,4729018,".","-",0,"cds6609","rna7286","LOW QUALITY PROTEIN: cadherin-23-like","C:GO:0005886; P:GO:0007155; F:GO:0043167","","","GO:0005509;GO:0005886;GO:0007156"
"13","DML","C","NC_035781.1",6828572,6828572,"+",2.74881191392751e-14,6.53768646602009e-10,-58.0166666666667,"NC_035781.1_6828572","NC_035781.1",6828571,6828573,6823231,6849052,"LOC111118918","LOC111118918","XP_022314339.1","NC_035781.1","Gnomon","CDS",6844772,6844864,".","-",0,"cds6779","rna7461","probable helicase with zinc finger domain isoform X1","F:GO:0043167","","","GO:0003676;GO:0005515;GO:0046872"
"14","DML","C","NC_035781.1",30770882,30770882,"+",7.77032483380942e-09,5.10204496778976e-05,59.343039541398,"NC_035781.1_30770882","NC_035781.1",30770881,30770883,30755882,30774888,"LOC111119692","LOC111119692","XP_022315824.1","NC_035781.1","Gnomon","CDS",30757575,30757854,".","+",0,"cds9336","rna10178","coiled-coil domain-containing protein 33-like isoform X1","","","",""
"15","DML","C","NC_035781.1",41491494,41491494,"+",3.64622983124811e-08,0.000180297174527054,53.9986077721927,"NC_035781.1_41491494","NC_035781.1",41491493,41491495,41444299,41493300,"LOC111122350","LOC111122350","XP_022319794.1","NC_035781.1","Gnomon","CDS",41444439,41444505,".","+",0,"cds10370","rna11315","laminin subunit alpha-2-like isoform X1","","","",""
"16","DML","C","NC_035781.1",42656345,42656345,"+",4.30484015134041e-07,0.00126213287834352,-57.3110423704669,"NC_035781.1_42656345","NC_035781.1",42656344,42656346,42648292,42681788,"LOC111120311","LOC111120311","XP_022316747.1","NC_035781.1","Gnomon","CDS",42681676,42681682,".","-",0,"cds10497","rna11452","LOW QUALITY PROTEIN: protein KIAA0556 homolog","","","",""
"17","DML","C","NC_035781.1",54299210,54299210,"+",1.04308811215453e-06,0.00249980057568874,53.8214972576394,"NC_035781.1_54299210","NC_035781.1",54299209,54299211,54297172,54303330,"LOC111118023","LOC111118023","XP_022312997.1","NC_035781.1","Gnomon","CDS",54302730,54302966,".","-",2,"cds11705","rna12777","transcription factor E4F1-like","F:GO:0003674","","","GO:0003676"
"18","DML","C","NC_035782.1",2203332,2203332,"+",1.09388150688472e-06,0.00258975278206914,-62.3894723986322,"NC_035782.1_2203332","NC_035782.1",2203331,2203333,2190979,2203743,"LOC111123344","LOC111123344","XP_022321333.1","NC_035782.1","Gnomon","CDS",2192635,2193489,".","+",0,"cds12581","rna13718","metal-response element-binding transcription factor 2-like isoform X1","","","",""
"19","DML","C","NC_035782.1",32328781,32328781,"+",1.03845064204954e-09,1.04014341611091e-05,-73.9840106595603,"NC_035782.1_32328781","NC_035782.1",32328780,32328782,32304583,32337788,"LOC111124196","LOC111124196","XP_022322765.1","NC_035782.1","Gnomon","CDS",32336668,32336813,".","-",0,"cds15459","rna16834","uncharacterized protein LOC111124196","F:GO:0003674; C:GO:0005634; P:GO:0006950; P:GO:0009056","","","GO:0003676;GO:0005515;GO:0005634;GO:0031144;GO:0071630"
"20","DML","C","NC_035782.1",45184421,45184421,"+",6.83558333772394e-14,1.27153482738639e-09,65.6257117211259,"NC_035782.1_45184421","NC_035782.1",45184420,45184422,45161553,45190186,"LOC111124629","LOC111124629","XP_022323371.1","NC_035782.1","Gnomon","CDS",45165637,45165712,".","+",0,"cds16791","rna18267","sodium bicarbonate cotransporter 3-like","C:GO:0005575; F:GO:0022857","","","GO:0005452;GO:0006821;GO:0015701;GO:0016021"
"21","DML","C","NC_035782.1",46737404,46737404,"+",4.05461463024064e-06,0.00634980265425115,64.2384105960265,"NC_035782.1_46737404","NC_035782.1",46737403,46737405,46702564,46741192,"LOC111124528","LOC111124528","XP_022323164.1","NC_035782.1","Gnomon","CDS",46717560,46717707,".","+",1,"cds16985","rna18467","transient receptor potential cation channel subfamily M member 3-like isoform X1","","","",""
"22","DML","C","NC_035782.1",50390336,50390336,"+",3.18707197307874e-09,2.5754026618879e-05,63.1826923076923,"NC_035782.1_50390336","NC_035782.1",50390335,50390337,50374182,50392925,"LOC111125999","LOC111125999","XP_022326050.1","NC_035782.1","Gnomon","CDS",50389209,50391890,".","+",0,"cds17382","rna18885","protocadherin-9-like isoform X1","C:GO:0005886; P:GO:0007155; F:GO:0043167","","","GO:0005509;GO:0005886;GO:0007156"
"23","DML","C","NC_035782.1",58927746,58927746,"+",1.28689429201548e-11,1.79538178815543e-07,50.4050808126043,"NC_035782.1_58927746","NC_035782.1",58927745,58927747,58924168,58967420,"LOC111125846","LOC111125846","XP_022325734.1","NC_035782.1","Gnomon","CDS",58965579,58965630,".","-",0,"cds18480","rna20086","LOW QUALITY PROTEIN: ras GTPase-activating protein nGAP-like","P:GO:0007165; P:GO:0008219; P:GO:0008283; F:GO:0030234; P:GO:0048646","","","GO:0005096;GO:0008285;GO:0016525;GO:0030948;GO:0038026;GO:0043065;GO:0043087"
"24","DML","C","NC_035782.1",59562244,59562244,"+",5.13525473793529e-06,0.00739657666774403,72.345532866397,"NC_035782.1_59562244","NC_035782.1",59562243,59562245,59555347,59598272,"LOC111124168","LOC111124168","XP_022322739.1","NC_035782.1","Gnomon","CDS",59598012,59598072,".","-",0,"cds18527","rna20137","LOW QUALITY PROTEIN: protein turtle-like","F:GO:0003674","","","GO:0005515"
"25","DML","C","NC_035782.1",63227487,63227487,"+",1.15937796586734e-08,6.86203737259778e-05,-63.2709364686469,"NC_035782.1_63227487","NC_035782.1",63227486,63227488,63227254,63256489,"LOC111124594","LOC111124594","XP_022323284.1","NC_035782.1","Gnomon","CDS",63255323,63255513,".","-",0,"cds18876","rna20515","LOW QUALITY PROTEIN: uncharacterized protein LOC111124594","F:GO:0003674","","","GO:0005515"
"26","DML","C","NC_035782.1",72098980,72098980,"+",7.66898351263482e-09,5.10204496778976e-05,63.3498268184067,"NC_035782.1_72098980","NC_035782.1",72098979,72098981,72098654,72120491,"LOC111125486","LOC111125486","XP_022325084.1","NC_035782.1","Gnomon","CDS",72120102,72120197,".","-",0,"cds19832","rna21553","TBC1 domain family member 19-like isoform X1","","","",""
"27","DML","C","NC_035782.1",73105495,73105495,"+",1.46985443004693e-06,0.00315329369198701,-67.1151850570737,"NC_035782.1_73105495","NC_035782.1",73105494,73105496,73103407,73108618,"LOC111123404","LOC111123404","XP_022321411.1","NC_035782.1","Gnomon","CDS",73108505,73108539,".","-",0,"cds19971","rna21696","uncharacterized protein LOC111123404","","","",""
"28","DML","C","NC_035783.1",15722677,15722677,"+",2.45534065082046e-06,0.00450069406136696,53.1791907514451,"NC_035783.1_15722677","NC_035783.1",15722676,15722678,15717751,15752144,"LOC111129055","LOC111129055","XP_022330824.1","NC_035783.1","Gnomon","CDS",15745563,15745583,".","-",0,"cds22015","rna23903","inositol-trisphosphate 3-kinase B-like isoform X1","P:GO:0009058; F:GO:0016301; P:GO:0044281","","","GO:0016301;GO:0032958"
"29","DML","C","NC_035783.1",17535650,17535650,"+",4.73173300448445e-10,5.13440003128455e-06,-60.3586009437797,"NC_035783.1_17535650","NC_035783.1",17535649,17535651,17535317,17543418,"LOC111130113","LOC111130113","XP_022332535.1","NC_035783.1","Gnomon","CDS",17542929,17542961,".","-",0,"cds22204","rna24101","uncharacterized protein LOC111130113 isoform X1","","","",""
"30","DML","C","NC_035783.1",17580722,17580722,"+",6.85057008298925e-06,0.0090103619387171,67.7987903674661,"NC_035783.1_17580722","NC_035783.1",17580721,17580723,17551481,17592072,"LOC111130050","LOC111130050","XP_022332409.1","NC_035783.1","Gnomon","CDS",17554751,17554817,".","+",0,"cds22207","rna24104","fibrocystin-L-like isoform X1","","","",""
"31","DML","C","NC_035783.1",19563572,19563572,"+",3.1458376488076e-09,2.5754026618879e-05,53.214945474048,"NC_035783.1_19563572","NC_035783.1",19563571,19563573,19551442,19568441,"LOC111131591","LOC111131591","XP_022334904.1","NC_035783.1","Gnomon","CDS",19567847,19568233,".","-",0,"cds22427","rna24335","protein bark beetle-like isoform X1","F:GO:0003674; C:GO:0005575; P:GO:0007165","","","GO:0005044;GO:0007165;GO:0016020"
"32","DML","C","NC_035783.1",20444801,20444801,"+",1.35121800487896e-07,0.000567563485686628,-73.0769230769231,"NC_035783.1_20444801","NC_035783.1",20444800,20444802,20433545,20456805,"LOC111130223","LOC111130223","XP_022332714.1","NC_035783.1","Gnomon","CDS",20435746,20435886,".","+",0,"cds22576","rna24488","uncharacterized protein LOC111130223 isoform X1","F:GO:0003674","","","GO:0003676"
"33","DML","C","NC_035783.1",39960845,39960845,"+",5.00680672133816e-06,0.00729790162491686,-62.5,"NC_035783.1_39960845","NC_035783.1",39960844,39960846,39960050,39966282,"LOC111128304","LOC111128304","XP_022329570.1","NC_035783.1","Gnomon","CDS",39960094,39960201,".","+",0,"cds24591","rna26759","26S proteasome non-ATPase regulatory subunit 8-like","C:GO:0005622; P:GO:0008150; C:GO:0032991","","","GO:0005838;GO:0006508"
"34","DML","C","NC_035783.1",56542195,56542195,"+",1.85621824836276e-06,0.00367972954912386,51.7293029824891,"NC_035783.1_56542195","NC_035783.1",56542194,56542196,56538691,56549909,"LOC111130332","LOC111130332","XP_022332952.1","NC_035783.1","Gnomon","CDS",56546213,56546354,".","-",0,"cds25964","rna28311","uncharacterized protein LOC111130332 isoform X1","","","",""
"35","DML","C","NC_035783.1",56864882,56864882,"+",7.83652566264066e-09,5.10204496778976e-05,-57.0141517195985,"NC_035783.1_56864882","NC_035783.1",56864881,56864883,56860005,56866936,"LOC111127757","LOC111127757","XP_022328704.1","NC_035783.1","Gnomon","CDS",56860118,56860226,".","+",0,"cds26004","rna28352","LOW QUALITY PROTEIN: dolichol kinase-like","GO:0006629;GO:0009058;GO:0016301","EC:2.7.1.108","Dolichol kinase","GO:0004168;GO:0043048"
"36","DML","C","NC_035784.1",8024596,8024596,"+",1.75513809991052e-08,9.7945666550184e-05,69.7247052111069,"NC_035784.1_8024596","NC_035784.1",8024595,8024597,8010978,8058463,"LOC111135892","LOC111135892","XP_022342051.1","NC_035784.1","Gnomon","CDS",8057646,8057734,".","-",0,"cds27233","rna29683","LOW QUALITY PROTEIN: multiple epidermal growth factor-like domains protein 6","F:GO:0043167","","","GO:0005509;GO:0005515"
"37","DML","C","NC_035784.1",39672108,39672108,"+",1.17365466257324e-06,0.00274533805111632,-55.3763440860215,"NC_035784.1_39672108","NC_035784.1",39672107,39672109,39670554,39698907,"LOC111132362","LOC111132362","XP_022335874.1","NC_035784.1","Gnomon","CDS",39690183,39690257,".","+",1,"cds30732","rna33520","serine/arginine repetitive matrix protein 2-like","","","",""
"38","DML","C","NC_035784.1",48084422,48084422,"+",5.65890987397562e-07,0.00155674114883943,-51.9695910914747,"NC_035784.1_48084422",NA,NA,NA,NA,NA,NA,NA,NA,NA,NA,NA,NA,NA,NA,NA,NA,NA,NA,NA,NA,NA,NA,NA
"39","DML","C","NC_035784.1",53887094,53887094,"+",8.67219478674617e-09,5.46398258898271e-05,58.2727272727273,"NC_035784.1_53887094","NC_035784.1",53887093,53887095,53881932,53902350,"LOC111134577","LOC111134577","XP_022339435.1","NC_035784.1","Gnomon","CDS",53891343,53891414,".","+",0,"cds32116","rna35112","FYVE and coiled-coil domain-containing protein 1-like isoform X1","F:GO:0043167","","","GO:0046872"
"40","DML","C","NC_035784.1",62738461,62738461,"+",1.18409536423501e-06,0.00275327360552838,-62.2227548737616,"NC_035784.1_62738461","NC_035784.1",62738460,62738462,62723089,62766487,"LOC111134585","LOC111134585","XP_022339449.1","NC_035784.1","Gnomon","CDS",62761120,62761200,".","-",1,"cds33113","rna36195","cilia- and flagella-associated protein 46-like isoform X1","P:GO:0007010; P:GO:0022607; P:GO:0048870","","","GO:0035082;GO:0060294"
"41","DML","C","NC_035784.1",79363484,79363484,"+",1.45362476329154e-06,0.00313722531090119,51.4068024500772,"NC_035784.1_79363484","NC_035784.1",79363483,79363485,79358442,79383012,"LOC111134419","LOC111134419","XP_022339115.1","NC_035784.1","Gnomon","CDS",79358505,79358807,".","+",0,"cds34802","rna38031","LOW QUALITY PROTEIN: leucine-rich repeat-containing protein 27-like","F:GO:0003674","","","GO:0005515"
"42","DML","C","NC_035785.1",36240980,36240980,"+",2.04537597681785e-08,0.000110971799015385,-52.2819383259912,"NC_035785.1_36240980","NC_035785.1",36240979,36240981,36230415,36270023,"LOC111101036","LOC111101036","XP_022288978.1","NC_035785.1","Gnomon","CDS",36239107,36239121,".","-",0,"cds39081","rna42970","alpha-adducin-like isoform X1","","","",""
"43","DML","C","NC_035786.1",34108007,34108007,"+",1.1940694700524e-06,0.00276003673319165,-50.3203512180725,"NC_035786.1_34108007","NC_035786.1",34108006,34108008,34104347,34129158,"LOC111102779","LOC111102779","XP_022291352.1","NC_035786.1","Gnomon","CDS",34128561,34128840,".","-",0,"cds42666","rna47281","uncharacterized protein LOC111102779 isoform X1","C:GO:0005856; P:GO:0007010","","","GO:0005856;GO:0030036"
"44","DML","C","NC_035786.1",42571297,42571297,"+",6.37745940632421e-07,0.00169473711412282,-66.0046568963156,"NC_035786.1_42571297","NC_035786.1",42571296,42571298,42559220,42637290,"LOC111104284","LOC111104284","XP_022293850.1","NC_035786.1","Gnomon","CDS",42567356,42567547,".","+",0,"cds43392","rna48067","activating signal cointegrator 1 complex subunit 3-like","F:GO:0043167","","","GO:0003676;GO:0005524"
"45","DML","C","NC_035786.1",42942781,42942781,"+",2.89879937024825e-06,0.00506473053897946,68.5612634501909,"NC_035786.1_42942781","NC_035786.1",42942780,42942782,42936494,42956492,"LOC111103873","LOC111103873","XP_022293149.1","NC_035786.1","Gnomon","CDS",42936633,42936714,".","+",0,"cds43436","rna48112","LOW QUALITY PROTEIN: coiled-coil domain-containing protein 81-like","","","",""
"46","DML","C","NC_035787.1",35693602,35693602,"+",2.25900218723452e-06,0.00426302891371616,55.1487195909232,"NC_035787.1_35693602","NC_035787.1",35693601,35693603,35675400,35699037,"LOC111106992","LOC111106992","XP_022297623.1","NC_035787.1","Gnomon","CDS",35696687,35696914,".","-",0,"cds47842","rna52982","alpha-aminoadipic semialdehyde synthase%2C mitochondrial-like isoform X1","F:GO:0016491","","","GO:0016491;GO:0055114"
"47","DML","C","NC_035787.1",36949348,36949348,"+",2.67958437550731e-10,3.17194369206499e-06,53.7304760714732,"NC_035787.1_36949348","NC_035787.1",36949347,36949349,36869826,36951154,"LOC111105858","LOC111105858","XP_022296020.1","NC_035787.1","Gnomon","CDS",36943767,36943865,".","+",0,"cds47974","rna53119","E3 ubiquitin-protein ligase PDZRN3-like","F:GO:0043167","","","GO:0005515;GO:0008270"
"48","DML","C","NC_035787.1",44156378,44156378,"+",7.07471533901112e-06,0.0092027742462806,-55.2762810353936,"NC_035787.1_44156378","NC_035787.1",44156377,44156379,44148054,44174238,"LOC111108542","LOC111108542","XP_022300225.1","NC_035787.1","Gnomon","CDS",44148054,44148153,".","+",0,"cds48605","rna53836","ubiquitin carboxyl-terminal hydrolase 19-like isoform X1","GO:0006464;GO:0008233;GO:0009056","EC:3.4.19.12","Ubiquitinyl hydrolase 1","GO:0006511;GO:0016579;GO:0036459"
"49","DML","C","NC_035787.1",47988706,47988706,"+",2.35907220897002e-07,0.000811948523313968,-63.6363636363636,"NC_035787.1_47988706","NC_035787.1",47988705,47988707,47984462,47992940,"LOC111107174","LOC111107174","XP_022297923.1","NC_035787.1","Gnomon","CDS",47991851,47991989,".","-",0,"cds48968","rna54235","rabenosyn-5-like","F:GO:0043167","","","GO:0003676;GO:0046872"
"50","DML","C","NC_035787.1",55404936,55404936,"+",5.18803116823353e-06,0.00739657666774403,73.8732394366197,"NC_035787.1_55404936","NC_035787.1",55404935,55404937,55373569,55419648,"LOC111110083","LOC111110083","XP_022302125.1","NC_035787.1","Gnomon","CDS",55383928,55384027,".","+",0,"cds49684","rna55034","SLIT-ROBO Rho GTPase-activating protein 1-like isoform X1","F:GO:0003674; P:GO:0007165","","","GO:0005515;GO:0007165"
"51","DML","C","NC_035788.1",51930191,51930191,"+",7.17721632288311e-07,0.00184452446748702,-59.3466958767943,"NC_035788.1_51930191","NC_035788.1",51930190,51930192,51910310,51956228,"LOC111112730","LOC111112730","XP_022306172.1","NC_035788.1","Gnomon","CDS",51955932,51955950,".","-",0,"cds54641","rna60750","LOW QUALITY PROTEIN: ras GTPase-activating-like protein IQGAP1","F:GO:0003674; P:GO:0007165","","","GO:0005515;GO:0007165;GO:0043087"
"52","DML","C","NC_035788.1",69982405,69982405,"+",3.03011173400771e-14,6.57594406410509e-10,-66.8789808917198,"NC_035788.1_69982405","NC_035788.1",69982404,69982406,69964132,69999984,"LOC111112991","LOC111112991","XP_022306605.1","NC_035788.1","Gnomon","CDS",69968435,69968489,".","+",0,"cds55972","rna62239","multidrug resistance protein 1-like isoform X1","GO:0005575;GO:0016887;GO:0022857;GO:0043167","EC:3.6.1.3; EC:3.6.1.15","Adenosinetriphosphatase; Nucleoside-triphosphate phosphatase","GO:0005524;GO:0016021;GO:0042626;GO:0055085"
"53","DML","C","NC_035788.1",90450343,90450343,"+",1.48528663359467e-06,0.00315329369198701,-51.3251115192863,"NC_035788.1_90450343","NC_035788.1",90450342,90450344,90444848,90476791,"LOC111114293","LOC111114293","XP_022308287.1","NC_035788.1","Gnomon","CDS",90444917,90445056,".","+",0,"cds57507","rna63993","uncharacterized protein LOC111114293","F:GO:0003674; C:GO:0005575; P:GO:0007165","","","GO:0004930;GO:0005515;GO:0007166;GO:0007186;GO:0016021"
"54","DML","C","NC_035789.1",671753,671753,"+",1.41641403511056e-06,0.00309107229626775,-71.932616783795,"NC_035789.1_671753","NC_035789.1",671752,671754,669429,673117,"LOC111117133","LOC111117133","XP_022311923.1","NC_035789.1","Gnomon","CDS",672583,672684,".","-",0,"cds58468","rna65106","intraflagellar transport protein 88 homolog","","","",""
"55","DML","C","NC_035789.1",16175305,16175305,"+",6.34549719872924e-06,0.00854751026630547,-53.0258727627149,"NC_035789.1_16175305",NA,NA,NA,NA,NA,NA,NA,NA,NA,NA,NA,NA,NA,NA,NA,NA,NA,NA,NA,NA,NA,NA,NA
"56","DML","E","NC_035780.1",21891081,21891081,"+",9.92944095370988e-07,0.00385051033941862,-74.0430331424605,"NC_035780.1_21891081","NC_035780.1",21891080,21891082,21868636,21896883,"LOC111101598","LOC111101598","XP_022289882.1","NC_035780.1","Gnomon","CDS",21896708,21896769,".","-",0,"cds1953","rna2168","E3 ubiquitin-protein ligase UBR5-like isoform X1","F:GO:0003723; P:GO:0006464; F:GO:0032182; F:GO:0043167","","","GO:0003723;GO:0004842;GO:0008270;GO:0016567;GO:0043130"
"57","DML","E","NC_035780.1",22275557,22275557,"+",1.484491699442e-07,0.00101571292076641,-61.3573477948331,"NC_035780.1_22275557","NC_035780.1",22275556,22275558,22269635,22278631,"LOC111124218","LOC111124218","XP_022322788.1","NC_035780.1","Gnomon","CDS",22270241,22270381,".","+",0,"cds2010","rna2230","uncharacterized protein LOC111124218 isoform X1","C:GO:0005575; P:GO:0055085","","","GO:0016021;GO:0055085"
"58","DML","E","NC_035780.1",22633157,22633157,"+",3.13270819457414e-07,0.00169046109844897,59.1037109460505,"NC_035780.1_22633157","NC_035780.1",22633156,22633158,22630886,22638349,"LOC111099808","LOC111099808","XP_022286984.1","NC_035780.1","Gnomon","CDS",22637365,22637573,".","+",0,"cds2041","rna2273","bystin-like isoform X1","","","",""
"59","DML","E","NC_035780.1",36180337,36180337,"+",4.48111488776371e-08,0.000452615653377078,63.4004085801839,"NC_035780.1_36180337","NC_035780.1",36180336,36180338,36173540,36193327,"LOC111114331","LOC111114331","XP_022308357.1","NC_035780.1","Gnomon","CDS",36185626,36185693,".","-",2,"cds3420","rna3766","phosphatidylserine synthase 2-like","P:GO:0006629; P:GO:0009058","","","GO:0006659"
"60","DML","E","NC_035780.1",60364929,60364929,"+",8.92171878282954e-07,0.00358616735065555,-72.6518361581921,"NC_035780.1_60364929","NC_035780.1",60364928,60364930,60354242,60376358,"LOC111115059","LOC111115059","XP_022309347.1","NC_035780.1","Gnomon","CDS",60354395,60354440,".","+",0,"cds5545","rna6146","LOW QUALITY PROTEIN: low-density lipoprotein receptor-related protein 6-like","F:GO:0003674","","","GO:0005515"
"61","DML","E","NC_035781.1",4702359,4702359,"+",1.1139552026453e-07,0.00087761860187695,-56.9098061861623,"NC_035781.1_4702359","NC_035781.1",4702358,4702360,4698718,4706041,"LOC111119729","LOC111119729","XP_022315879.1","NC_035781.1","Gnomon","CDS",4698733,4698782,".","+",0,"cds6608","rna7285","LOW QUALITY PROTEIN: CAP-Gly domain-containing linker protein 4-like","F:GO:0003674","","","GO:0005515"
"62","DML","E","NC_035781.1",57154333,57154333,"+",7.63586121121518e-07,0.00330540539681467,62.7816847184436,"NC_035781.1_57154333","NC_035781.1",57154332,57154334,57146640,57164102,"LOC111119948","LOC111119948","XP_022316241.1","NC_035781.1","Gnomon","CDS",57163993,57163999,".","-",0,"cds12028","rna13119","sorting nexin-29-like","F:GO:0008289; F:GO:0043167","","","GO:0035091"
"63","DML","E","NC_035782.1",2789168,2789168,"+",1.05194089245758e-06,0.00398442903952774,63.6458333333333,"NC_035782.1_2789168","NC_035782.1",2789167,2789169,2784186,2789866,"LOC111122952","LOC111122952","XP_022320701.1","NC_035782.1","Gnomon","CDS",2784403,2784522,".","+",0,"cds12630","rna13769","putative RNA polymerase II subunit B1 CTD phosphatase RPAP2 isoform X1","GO:0005623;GO:0006464;GO:0009058;GO:0016791;GO:0019899;GO:0032991;GO:0034641","EC:3.1.3.16","Protein-serine/threonine phosphatase","GO:0008287;GO:0008420;GO:0043175;GO:0070940"
"64","DML","E","NC_035783.1",1738050,1738050,"+",8.07816349099799e-07,0.00338526665102084,60.6741573033708,"NC_035783.1_1738050","NC_035783.1",1738049,1738051,1728509,1821967,"LOC111129277","LOC111129277","XP_022331265.1","NC_035783.1","Gnomon","CDS",1801368,1801644,".","-",1,"cds20465","rna22255","uncharacterized protein LOC111129277 isoform X1","F:GO:0003674; C:GO:0005576; P:GO:0008150","","","GO:0005515;GO:0005576;GO:0006030;GO:0008061"
"65","DML","E","NC_035784.1",1882785,1882785,"+",7.22353861311187e-07,0.00319718738007556,-57.328871311226,"NC_035784.1_1882785","NC_035784.1",1882784,1882786,1875619,1887563,"LOC111137679","LOC111137679","XP_022344968.1","NC_035784.1","Gnomon","CDS",1875681,1875704,".","+",0,"cds26550","rna28948","pescadillo-like","C:GO:0005730; P:GO:0042254","","","GO:0005730;GO:0042254"
"66","DML","E","NC_035784.1",88303313,88303313,"+",1.22744918219573e-07,0.000929840108156542,65.2577025484975,"NC_035784.1_88303313","NC_035784.1",88303312,88303314,88303139,88333348,"LOC111135652","LOC111135652","","","","",NA,NA,"","",NA,"","","","","","","unknown"
"67","DML","E","NC_035785.1",31747193,31747193,"+",9.97034916212277e-07,0.00385051033941862,-53.6543715846995,"NC_035785.1_31747193","NC_035785.1",31747192,31747194,31746572,31759942,"LOC111100350","LOC111100350","XP_022287825.1","NC_035785.1","Gnomon","CDS",31746628,31746886,".","+",0,"cds38622","rna42470","serine/threonine-protein kinase Nek3-like isoform X1","P:GO:0006464; F:GO:0016301; F:GO:0043167","","","GO:0004672;GO:0005524;GO:0006468"
"68","DML","E","NC_035786.1",2472127,2472127,"+",8.2412228367367e-104,3.24638299931537e-98,87.3292695265075,"NC_035786.1_2472127","NC_035786.1",2472126,2472128,2470022,2484094,"LOC111102874","LOC111102874","XP_022291507.1","NC_035786.1","Gnomon","CDS",2483651,2484000,".","-",0,"cds40348","rna44618","telomere length regulation protein TEL2 homolog","","","",""
"69","DML","E","NC_035786.1",26780426,26780426,"+",1.53297542422536e-14,1.00644962003076e-09,-64.6655783471739,"NC_035786.1_26780426","NC_035786.1",26780425,26780427,26773135,26797754,"LOC111104972","LOC111104972","XP_022294857.1","NC_035786.1","Gnomon","CDS",26773189,26773243,".","+",0,"cds42044","rna46597","uncharacterized protein LOC111104972","F:GO:0003674","","","GO:0005515"
"70","DML","E","NC_035786.1",32741413,32741413,"+",1.17503589103459e-14,9.25740418821281e-10,57.1954186695152,"NC_035786.1_32741413","NC_035786.1",32741412,32741414,32736916,32746691,"LOC111103451","LOC111103451","XP_022292443.1","NC_035786.1","Gnomon","CDS",32746535,32746642,".","-",0,"cds42559","rna47161","aldehyde dehydrogenase family 16 member A1-like","F:GO:0016491","","","GO:0016620;GO:0055114"
"71","DML","E","NC_035787.1",42767996,42767996,"+",9.76063379662122e-08,0.000785176678383411,66.4607464607465,"NC_035787.1_42767996","NC_035787.1",42767995,42767997,42757110,42800682,"LOC111105828","LOC111105828","XP_022295942.1","NC_035787.1","Gnomon","CDS",42800033,42800393,".","-",0,"cds48475","rna53667","membrane-associated guanylate kinase%2C WW and PDZ domain-containing protein 3-like isoform X1","F:GO:0003674","","","GO:0005515"
"72","DML","E","NC_035787.1",47583646,47583646,"+",9.4796254584377e-08,0.000785176678383411,-50.1529797640463,"NC_035787.1_47583646","NC_035787.1",47583645,47583647,47582450,47636561,"LOC111108271","LOC111108271","XP_022299749.1","NC_035787.1","Gnomon","CDS",47636231,47636522,".","-",0,"cds48925","rna54192","titin homolog isoform X1","","","",""
"73","DML","tp80","NC_035780.1",2935108,2935108,"+",1.7949950439575e-09,1.34567424161826e-05,-50.0062035594646,"NC_035780.1_2935108","NC_035780.1",2935107,2935109,2931744,2936496,"LOC111137770","LOC111137770","XP_022345123.1","NC_035780.1","Gnomon","CDS",2934735,2934839,".","+",0,"cds240","rna250","serine/arginine-rich splicing factor 7-like isoform X1","F:GO:0043167","","","GO:0003676;GO:0008270"
"74","DML","tp80","NC_035780.1",23739027,23739027,"+",3.50466600654594e-08,0.000157038960829253,54.5871559633028,"NC_035780.1_23739027","NC_035780.1",23739026,23739028,23733774,23761883,"LOC111101313","LOC111101313","XP_022289472.1","NC_035780.1","Gnomon","CDS",23742368,23742459,".","-",2,"cds2163","rna2415","rho GTPase-activating protein 18-like","P:GO:0007165","","","GO:0007165"
"75","DML","tp80","NC_035780.1",32708831,32708831,"+",5.70907245897439e-06,0.00697677795504385,56.0175772283072,"NC_035780.1_32708831","NC_035780.1",32708830,32708832,32697475,32718987,"LOC111133500","LOC111133500","XP_022337664.1","NC_035780.1","Gnomon","CDS",32718310,32718402,".","-",0,"cds3095","rna3407","DNA topoisomerase 2-binding protein 1-like isoform X1","","","",""
"76","DML","tp80","NC_035780.1",36253844,36253844,"+",8.89947886605696e-06,0.00947902175217154,-52.7777777777778,"NC_035780.1_36253844","NC_035780.1",36253843,36253845,36251202,36284517,"LOC111122852","LOC111122852","XP_022320570.1","NC_035780.1","Gnomon","CDS",36252410,36252545,".","+",0,"cds3426","rna3773","lipoxygenase homology domain-containing protein 1-like isoform X1","GO:0006520;GO:0006950;GO:0016491;GO:0034641","EC:1.11.1.7; EC:1.11.1.6","Peroxidase; Catalase","GO:0004096;GO:0005515;GO:0006568;GO:0006804;GO:0006979;GO:0015947;GO:0020037;GO:0055114"
"77","DML","tp80","NC_035780.1",51241819,51241819,"+",8.58166432349493e-11,9.04169447843977e-07,60.6640168342296,"NC_035780.1_51241819","NC_035780.1",51241818,51241820,51195169,51484384,"LOC111127160","LOC111127160","XP_022327931.1","NC_035780.1","Gnomon","CDS",51479081,51479126,".","-",0,"cds4662","rna5153","TPR and ankyrin repeat-containing protein 1-like isoform X1","F:GO:0043167","","","GO:0005515;GO:0005524"
"78","DML","tp80","NC_035780.1",63202068,63202068,"+",4.02760413912182e-07,0.000966657030579023,53.616180174229,"NC_035780.1_63202068","NC_035780.1",63202067,63202069,63199975,63216977,"LOC111130913","LOC111130913","XP_022333897.1","NC_035780.1","Gnomon","CDS",63216810,63216853,".","-",0,"cds5774","rna6407","LOW QUALITY PROTEIN: UHRF1-binding protein 1-like","","","",""
"79","DML","tp80","NC_035781.1",6355371,6355371,"+",9.36637177323415e-06,0.00973688752779151,63.6652542372881,"NC_035781.1_6355371","NC_035781.1",6355370,6355372,6341116,6366119,"LOC111119255","LOC111119255","XP_022314958.1","NC_035781.1","Gnomon","CDS",6365440,6365919,".","-",0,"cds6725","rna7407","glutamine-rich protein 2-like isoform X1","","","",""
"80","DML","tp80","NC_035781.1",12991079,12991079,"+",6.81840155544909e-06,0.00788737887360164,73.75,"NC_035781.1_12991079","NC_035781.1",12991078,12991080,12980147,12997540,"LOC111120876","LOC111120876","XP_022317600.1","NC_035781.1","Gnomon","CDS",12997348,12997428,".","-",0,"cds7547","rna8270","LOW QUALITY PROTEIN: serine/threonine-protein kinase/endoribonuclease IRE1-like","F:GO:0004518; P:GO:0006397; P:GO:0006464; F:GO:0016301; F:GO:0043167","","","GO:0004540;GO:0004672;GO:0005515;GO:0005524;GO:0006397;GO:0006468;GO:0051252"
"81","DML","tp80","NC_035781.1",24176910,24176910,"+",1.82515602692693e-08,9.36195251061551e-05,50.6422607578677,"NC_035781.1_24176910","NC_035781.1",24176909,24176911,24118887,24179244,"LOC111118302","LOC111118302","XP_022313393.1","NC_035781.1","Gnomon","CDS",24118977,24119069,".","+",0,"cds8677","rna9471","LOW QUALITY PROTEIN: uncharacterized protein LOC111118302","F:GO:0003674; P:GO:0007010","","","GO:0005515;GO:0007015"
"82","DML","tp80","NC_035781.1",30623782,30623782,"+",7.78638354953039e-06,0.00855042041368204,60.0532414657062,"NC_035781.1_30623782","NC_035781.1",30623781,30623783,30611656,30628408,"LOC111118095","LOC111118095","XP_022313109.1","NC_035781.1","Gnomon","CDS",30621897,30621932,".","+",2,"cds9320","rna10160","LOW QUALITY PROTEIN: uncharacterized protein LOC111118095","","","",""
"83","DML","tp80","NC_035781.1",40743362,40743362,"+",2.64375552246002e-07,0.00072071785879127,55.1058282688704,"NC_035781.1_40743362","NC_035781.1",40743361,40743363,40730165,40800174,"LOC111120604","LOC111120604","XP_022317156.1","NC_035781.1","Gnomon","CDS",40797213,40797279,".","-",0,"cds10299","rna11237","LOW QUALITY PROTEIN: uncharacterized protein LOC111120604","C:GO:0005575; P:GO:0007155; F:GO:0043167","","","GO:0005509;GO:0007156;GO:0016020"
"84","DML","tp80","NC_035781.1",53496699,53496699,"+",1.93482719370537e-06,0.00315590783035478,-63.1638071895425,"NC_035781.1_53496699","NC_035781.1",53496698,53496700,53495604,53513542,"LOC111117607","LOC111117607","XP_022312470.1","NC_035781.1","Gnomon","CDS",53511544,53511588,".","-",0,"cds11629","rna12694","trichohyalin-like","F:GO:0003674","","","GO:0003676"
"85","DML","tp80","NC_035782.1",7795434,7795434,"+",1.14957665076573e-11,1.44562706195935e-07,62.4787197820906,"NC_035782.1_7795434","NC_035782.1",7795433,7795435,7787287,7803920,"LOC111127037","LOC111127037","XP_022327728.1","NC_035782.1","Gnomon","CDS",7803187,7803335,".","-",2,"cds13046","rna14217","LOW QUALITY PROTEIN: protein O-mannosyl-transferase 1-like","C:GO:0005794; P:GO:0006464; P:GO:0009058; F:GO:0016757; C:GO:0032991","","","GO:0000030;GO:0000136;GO:0006493"
"86","DML","tp80","NC_035782.1",13781515,13781515,"+",2.43910947413406e-12,3.39588747353115e-08,-67.3900235663787,"NC_035782.1_13781515","NC_035782.1",13781514,13781516,13780462,13783863,"LOC111123153","LOC111123153","XP_022321014.1","NC_035782.1","Gnomon","CDS",13782975,13783006,".","+",2,"cds13546","rna14775","LOW QUALITY PROTEIN: death effector domain-containing protein-like","F:GO:0003674; P:GO:0008219","","","GO:0005515;GO:0042981"
"87","DML","tp80","NC_035782.1",13781543,13781543,"+",2.30901199593035e-14,4.50066017737706e-10,-71.1504182092417,"NC_035782.1_13781543","NC_035782.1",13781542,13781544,13780462,13783863,"LOC111123153","LOC111123153","XP_022321014.1","NC_035782.1","Gnomon","CDS",13782975,13783006,".","+",2,"cds13546","rna14775","LOW QUALITY PROTEIN: death effector domain-containing protein-like","F:GO:0003674; P:GO:0008219","","","GO:0005515;GO:0042981"
"88","DML","tp80","NC_035782.1",13808718,13808718,"+",1.12897951065398e-14,2.31639430454537e-10,-58.5810421633603,"NC_035782.1_13808718","NC_035782.1",13808717,13808719,13795212,13822010,"LOC111124560","LOC111124560","XP_022323230.1","NC_035782.1","Gnomon","CDS",13795228,13795292,".","+",0,"cds13549","rna14778","LOW QUALITY PROTEIN: THO complex subunit 2-like","C:GO:0005634; P:GO:0006397; P:GO:0006913; C:GO:0032991","","","GO:0000347;GO:0006397;GO:0006406"
"89","DML","tp80","NC_035782.1",13812028,13812028,"+",1.69618083626045e-08,8.8163925313423e-05,-61.6451540568255,"NC_035782.1_13812028","NC_035782.1",13812027,13812029,13795212,13822010,"LOC111124560","LOC111124560","XP_022323230.1","NC_035782.1","Gnomon","CDS",13795228,13795292,".","+",0,"cds13549","rna14778","LOW QUALITY PROTEIN: THO complex subunit 2-like","C:GO:0005634; P:GO:0006397; P:GO:0006913; C:GO:0032991","","","GO:0000347;GO:0006397;GO:0006406"
"90","DML","tp80","NC_035782.1",20987051,20987051,"+",1.13721074061007e-06,0.00205955663603709,-58.7579553828633,"NC_035782.1_20987051","NC_035782.1",20987050,20987052,20974581,20988442,"LOC111124104","LOC111124104","XP_022322677.1","NC_035782.1","Gnomon","CDS",20988389,20988442,".","-",0,"cds14325","rna15630","LOW QUALITY PROTEIN: titin-like","","","",""
"91","DML","tp80","NC_035782.1",40315944,40315944,"+",7.06373538579102e-10,6.11930270713025e-06,-59.2405764966741,"NC_035782.1_40315944","NC_035782.1",40315943,40315945,40291933,40317010,"LOC111124767","LOC111124767","XP_022323648.1","NC_035782.1","Gnomon","CDS",40309907,40312597,".","+",0,"cds16238","rna17679","protocadherin-11 X-linked-like","C:GO:0005886; P:GO:0007155; F:GO:0043167","","","GO:0005509;GO:0005886;GO:0007156"
"92","DML","tp80","NC_035782.1",40880864,40880864,"+",1.16956784318659e-08,6.683658517841e-05,63.3781290765799,"NC_035782.1_40880864","NC_035782.1",40880863,40880865,40855462,40903364,"LOC111125018","LOC111125018","XP_022324129.1","NC_035782.1","Gnomon","CDS",40900535,40900647,".","-",2,"cds16315","rna17759","E3 ubiquitin-protein ligase MYCBP2-like isoform X1","","","",""
"93","DML","tp80","NC_035782.1",50267959,50267959,"+",2.83111121397706e-06,0.00424486234503023,-51.5546218487395,"NC_035782.1_50267959","NC_035782.1",50267958,50267960,50262661,50275592,"LOC111126331","LOC111126331","XP_022326581.1","NC_035782.1","Gnomon","CDS",50262821,50262873,".","+",0,"cds17368","rna18871","uncharacterized protein LOC111126331 isoform X1","","","",""
"94","DML","tp80","NC_035782.1",58892505,58892505,"+",4.9184850626709e-07,0.00109565376971882,-54.4336810730253,"NC_035782.1_58892505","NC_035782.1",58892504,58892506,58886345,58893566,"LOC111122707","LOC111122707","XP_022320296.1","NC_035782.1","Gnomon","CDS",58892684,58892753,".","+",2,"cds18476","rna20082","LOW QUALITY PROTEIN: phytanoyl-CoA dioxygenase domain-containing protein 1-like","","","",""
"95","DML","tp80","NC_035782.1",58927746,58927746,"+",1.8786902962743e-11,2.21932692213499e-07,-51.2315270935961,"NC_035782.1_58927746","NC_035782.1",58927745,58927747,58924168,58967420,"LOC111125846","LOC111125846","XP_022325734.1","NC_035782.1","Gnomon","CDS",58965579,58965630,".","-",0,"cds18480","rna20086","LOW QUALITY PROTEIN: ras GTPase-activating protein nGAP-like","P:GO:0007165; P:GO:0008219; P:GO:0008283; F:GO:0030234; P:GO:0048646","","","GO:0005096;GO:0008285;GO:0016525;GO:0030948;GO:0038026;GO:0043065;GO:0043087"
"96","DML","tp80","NC_035782.1",64525212,64525212,"+",3.79988892979589e-07,0.000935885813760455,50.525647637561,"NC_035782.1_64525212","NC_035782.1",64525211,64525213,64504494,64535396,"LOC111125358","LOC111125358","XP_022324800.1","NC_035782.1","Gnomon","CDS",64505027,64505157,".","+",0,"cds19019","rna20679","LOW QUALITY PROTEIN: protein dachsous-like","C:GO:0005886; P:GO:0007155; F:GO:0043167","","","GO:0005509;GO:0005886;GO:0007156"
"97","DML","tp80","NC_035782.1",68614006,68614006,"+",6.10408736142904e-08,0.000237958251886388,57.6911903551456,"NC_035782.1_68614006","NC_035782.1",68614005,68614007,68611819,68621721,"LOC111126840","LOC111126840","","","","",NA,NA,"","",NA,"","","","","","","unknown"
"98","DML","tp80","NC_035782.1",70132785,70132785,"+",4.77686615083322e-08,0.000202411542399649,-62.0370370370371,"NC_035782.1_70132785","NC_035782.1",70132784,70132786,70119043,70157302,"LOC111122882","LOC111122882","XP_022320614.1","NC_035782.1","Gnomon","CDS",70129256,70129359,".","+",2,"cds19618","rna21334","LOW QUALITY PROTEIN: neurobeachin-like protein 1","F:GO:0003674","","","GO:0005515"
"99","DML","tp80","NC_035782.1",71110106,71110106,"+",2.54425523007381e-09,1.77113913026417e-05,66.6521245964576,"NC_035782.1_71110106","NC_035782.1",71110105,71110107,71107090,71112308,"LOC111123227","LOC111123227","XP_022321126.1","NC_035782.1","Gnomon","CDS",71107167,71107201,".","+",0,"cds19694","rna21411","uncharacterized protein LOC111123227","","","",""
"100","DML","tp80","NC_035783.1",2143232,2143232,"+",1.81646966846035e-06,0.00303915086044452,50.3778662010134,"NC_035783.1_2143232",NA,NA,NA,NA,NA,NA,NA,NA,NA,NA,NA,NA,NA,NA,NA,NA,NA,NA,NA,NA,NA,NA,NA
"101","DML","tp80","NC_035783.1",5273893,5273893,"+",5.15285412859092e-07,0.0011222118400771,-73.2538128300991,"NC_035783.1_5273893",NA,NA,NA,NA,NA,NA,NA,NA,NA,NA,NA,NA,NA,NA,NA,NA,NA,NA,NA,NA,NA,NA,NA
"102","DML","tp80","NC_035783.1",10946956,10946956,"+",3.35814086510287e-06,0.00481293542567548,60.3338068181818,"NC_035783.1_10946956","NC_035783.1",10946955,10946957,10946540,10955009,"LOC111130399","LOC111130399","XP_022333153.1","NC_035783.1","Gnomon","CDS",10949100,10949354,".","+",0,"cds21401","rna23256","F-box/WD repeat-containing protein 2-like","F:GO:0003674","","","GO:0005515"
"103","DML","tp80","NC_035783.1",20970660,20970660,"+",2.8316269813656e-07,0.000746384688002894,51.1336197434852,"NC_035783.1_20970660","NC_035783.1",20970659,20970661,20945589,20975037,"LOC111129015","LOC111129015","XP_022330767.1","NC_035783.1","Gnomon","CDS",20945749,20945920,".","+",0,"cds22663","rna24581","protein-cysteine N-palmitoyltransferase HHAT-like","F:GO:0016491","","","GO:0016491;GO:0055114"
"104","DML","tp80","NC_035783.1",45449471,45449471,"+",4.94159816981316e-06,0.00619422629760345,66.5835125448029,"NC_035783.1_45449471","NC_035783.1",45449470,45449472,45433655,45481248,"LOC111129021","LOC111129021","XP_022330776.1","NC_035783.1","Gnomon","CDS",45453046,45453127,".","+",1,"cds25103","rna27320","WD repeat and HMG-box DNA-binding protein 1-like","F:GO:0003674","","","GO:0005515"
"105","DML","tp80","NC_035784.1",496227,496227,"+",2.95246149532639e-11,3.38520796943731e-07,-58.0851697438952,"NC_035784.1_496227","NC_035784.1",496226,496228,492856,506173,"LOC111134701","LOC111134701","XP_022339701.1","NC_035784.1","Gnomon","CDS",493827,494210,".","-",0,"cds26384","rna28767","uncharacterized protein LOC111134701","F:GO:0003674","","","GO:0003676"
"106","DML","tp80","NC_035784.1",12709888,12709888,"+",1.63062451443892e-07,0.000504502649324218,53.9457364341085,"NC_035784.1_12709888","NC_035784.1",12709887,12709889,12701003,12710869,"LOC111133926","LOC111133926","XP_022338374.1","NC_035784.1","Gnomon","CDS",12709492,12709565,".","+",0,"cds27758","rna30275","coiled-coil domain-containing protein 86-like isoform X1","","","",""
"107","DML","tp80","NC_035784.1",14272688,14272688,"+",1.76455598312515e-15,4.2992776011997e-11,-72.5704610939818,"NC_035784.1_14272688",NA,NA,NA,NA,NA,NA,NA,NA,NA,NA,NA,NA,NA,NA,NA,NA,NA,NA,NA,NA,NA,NA,NA
"108","DML","tp80","NC_035784.1",14272713,14272713,"+",6.18160129758541e-08,0.000238594070155901,-71.6625774039023,"NC_035784.1_14272713",NA,NA,NA,NA,NA,NA,NA,NA,NA,NA,NA,NA,NA,NA,NA,NA,NA,NA,NA,NA,NA,NA,NA
"109","DML","tp80","NC_035784.1",36797030,36797030,"+",4.73771560865733e-06,0.00611564227332879,-51.9809569918502,"NC_035784.1_36797030","NC_035784.1",36797029,36797031,36791265,36801233,"LOC111135726","LOC111135726","XP_022341739.1","NC_035784.1","Gnomon","CDS",36791354,36791389,".","+",0,"cds30303","rna33070","DNA topoisomerase I%2C mitochondrial-like","GO:0003677;GO:0005694;GO:0006259;GO:0016853;GO:0051276","EC:5.99.1.2","DNA topoisomerase","GO:0003677;GO:0003917;GO:0005694;GO:0006265"
"110","DML","tp80","NC_035784.1",37712896,37712896,"+",7.16036773029575e-06,0.00802290347472755,-50.4396482813749,"NC_035784.1_37712896","NC_035784.1",37712895,37712897,37707964,37715195,"LOC111133487","LOC111133487","XP_022337643.1","NC_035784.1","Gnomon","CDS",37711382,37712144,".","+",0,"cds30426","rna33194","uncharacterized protein LOC111133487 isoform X1","","","",""
"111","DML","tp80","NC_035784.1",44590823,44590823,"+",9.33214787318738e-06,0.00972724912671524,-50.9340659340659,"NC_035784.1_44590823","NC_035784.1",44590822,44590824,44590677,44593259,"LOC111133438","LOC111133438","","","","",NA,NA,"","",NA,"","","","","","","unknown"
"112","DML","tp80","NC_035784.1",48619806,48619806,"+",1.94599501527262e-22,1.08373653023746e-17,-56.8195672051204,"NC_035784.1_48619806","NC_035784.1",48619805,48619807,48619386,48623487,"LOC111132419","LOC111132419","XP_022335930.1","NC_035784.1","Gnomon","CDS",48622584,48622669,".","-",2,"cds31581","rna34518","uncharacterized protein LOC111132419","F:GO:0003674","","","GO:0003676"
"113","DML","tp80","NC_035784.1",68684824,68684824,"+",3.39588900556346e-10,3.07868361639136e-06,75.78125,"NC_035784.1_68684824","NC_035784.1",68684823,68684825,68652998,68721088,"LOC111138403","LOC111138403","XP_022346052.1","NC_035784.1","Gnomon","CDS",68653309,68653389,".","+",0,"cds33840","rna36985","fibrillin-2-like isoform X1","C:GO:0005576; P:GO:0008150; F:GO:0043167","","","GO:0005509;GO:0005576;GO:0006030;GO:0008061"
"114","DML","tp80","NC_035784.1",86884125,86884125,"+",2.74682239728424e-08,0.00012901271557855,50.3135888501742,"NC_035784.1_86884125","NC_035784.1",86884124,86884126,86861250,86913712,"LOC111132948","LOC111132948","XP_022336615.1","NC_035784.1","Gnomon","CDS",86913485,86913635,".","-",0,"cds35450","rna38782","RRP12-like protein","","","",""
"115","DML","tp80","NC_035785.1",16144009,16144009,"+",3.61644819715405e-07,0.000921448032237379,50.8397108843538,"NC_035785.1_16144009","NC_035785.1",16144008,16144010,16142309,16154278,"LOC111100430","LOC111100430","XP_022288029.1","NC_035785.1","Gnomon","CDS",16151075,16151140,".","-",2,"cds37631","rna41274","tumor susceptibility gene 101 protein-like","P:GO:0006464; P:GO:0006810","","","GO:0006464;GO:0015031"
"116","DML","tp80","NC_035785.1",31872466,31872466,"+",1.56223237060948e-10,1.56156855335302e-06,-54.451273046532,"NC_035785.1_31872466","NC_035785.1",31872465,31872467,31870553,31885515,"LOC111100852","LOC111100852","XP_022288671.1","NC_035785.1","Gnomon","CDS",31872509,31872799,".","-",0,"cds38646","rna42494","protein FAM53A-like","","","",""
"117","DML","tp80","NC_035785.1",36240980,36240980,"+",3.74193167139848e-12,5.03011465348989e-08,53.130423174476,"NC_035785.1_36240980","NC_035785.1",36240979,36240981,36230415,36270023,"LOC111101036","LOC111101036","XP_022288978.1","NC_035785.1","Gnomon","CDS",36239107,36239121,".","-",0,"cds39081","rna42970","alpha-adducin-like isoform X1","","","",""
"118","DML","tp80","NC_035786.1",53584110,53584110,"+",6.47205942599724e-06,0.00766878615427255,66.0890546172406,"NC_035786.1_53584110","NC_035786.1",53584109,53584111,53578807,53596609,"LOC111104139","LOC111104139","XP_022293641.1","NC_035786.1","Gnomon","CDS",53585349,53585520,".","+",1,"cds44455","rna49214","E3 ubiquitin-protein ligase HACE1-like isoform X1","F:GO:0003674; P:GO:0006464","","","GO:0004842;GO:0005515;GO:0016567"
"119","DML","tp80","NC_035786.1",57064916,57064916,"+",1.61539549161172e-06,0.00276303474020272,-68.7325107267543,"NC_035786.1_57064916","NC_035786.1",57064915,57064917,57042999,57066098,"LOC111102931","LOC111102931","XP_022291591.1","NC_035786.1","Gnomon","CDS",57065617,57065668,".","-",0,"cds44704","rna49490","coiled-coil alpha-helical rod protein 1-like isoform X1","P:GO:0030154","","","GO:0030154"
"120","DML","tp80","NC_035787.1",10314153,10314153,"+",3.3735181270966e-08,0.000154590666279992,-54.3797189205352,"NC_035787.1_10314153","NC_035787.1",10314152,10314154,10311449,10353830,"LOC111106820","LOC111106820","XP_022297354.1","NC_035787.1","Gnomon","CDS",10311646,10314336,".","+",0,"cds45531","rna50407","cadherin EGF LAG seven-pass G-type receptor 1-like","C:GO:0005886; P:GO:0007155; P:GO:0007165; F:GO:0043167","","","GO:0004930;GO:0005509;GO:0005886;GO:0007156;GO:0007166;GO:0007186;GO:0016021"
"121","DML","tp80","NC_035787.1",28804311,28804311,"+",1.01577603567006e-08,5.91021376685965e-05,-59.565966494373,"NC_035787.1_28804311","NC_035787.1",28804310,28804312,28770266,28849084,"LOC111107250","LOC111107250","XP_022298048.1","NC_035787.1","Gnomon","CDS",28770543,28770557,".","+",0,"cds47260","rna52363","dynein heavy chain 3%2C axonemal-like isoform X1","GO:0005856;GO:0008150;GO:0032991;GO:0043167","EC:3.6.1.15","Nucleoside-triphosphate phosphatase","GO:0003777;GO:0005524;GO:0005874;GO:0007018;GO:0030286"
"122","DML","tp80","NC_035787.1",28817588,28817588,"+",4.58953204307846e-06,0.00600388232392926,73.6493308984498,"NC_035787.1_28817588","NC_035787.1",28817587,28817589,28770266,28849084,"LOC111107250","LOC111107250","XP_022298048.1","NC_035787.1","Gnomon","CDS",28770543,28770557,".","+",0,"cds47260","rna52363","dynein heavy chain 3%2C axonemal-like isoform X1","GO:0005856;GO:0008150;GO:0032991;GO:0043167","EC:3.6.1.15","Nucleoside-triphosphate phosphatase","GO:0003777;GO:0005524;GO:0005874;GO:0007018;GO:0030286"
"123","DML","tp80","NC_035787.1",45924918,45924918,"+",9.67169003102031e-06,0.00988624790045298,-60.882385646854,"NC_035787.1_45924918","NC_035787.1",45924917,45924919,45920011,45934396,"LOC111109520","LOC111109520","XP_022301382.1","NC_035787.1","Gnomon","CDS",45934053,45934163,".","-",0,"cds48772","rna54019","pre-mRNA-splicing factor 18-like","C:GO:0005634; C:GO:0032991; P:GO:0034641","","","GO:0005681;GO:0008380"
"124","DML","tp80","NC_035787.1",52937310,52937310,"+",2.66272959544277e-07,0.000720849501531305,-58.9788680547083,"NC_035787.1_52937310","NC_035787.1",52937309,52937311,52934771,52944652,"LOC111106496","LOC111106496","XP_022296906.1","NC_035787.1","Gnomon","CDS",52939780,52939926,".","-",0,"cds49451","rna54768","DNA-binding protein P3A2-like isoform X1","F:GO:0003700; C:GO:0005622; P:GO:0009058; C:GO:0032991; P:GO:0034641","","","GO:0003700;GO:0005667;GO:0006355;GO:0006357"
"125","DML","tp80","NC_035787.1",59167850,59167850,"+",1.61433504097562e-08,8.50436679653105e-05,-50.9319189739902,"NC_035787.1_59167850","NC_035787.1",59167849,59167851,59166393,59168383,"LOC111107622","LOC111107622","XP_022298607.1","NC_035787.1","Gnomon","CDS",59168275,59168285,".","-",0,"cds50031","rna55408","tripartite motif-containing protein 2-like","","","",""
"126","DML","tp80","NC_035787.1",69871034,69871034,"+",1.2242454537079e-06,0.00218923324977985,54.5356305183402,"NC_035787.1_69871034","NC_035787.1",69871033,69871035,69868997,69893822,"LOC111107135","LOC111107135","XP_022297839.1","NC_035787.1","Gnomon","CDS",69893528,69893611,".","-",0,"cds50927","rna56412","cortactin-binding protein 2-like isoform X1","GO:0016887;GO:0043167","EC:3.6.1.3; EC:3.6.1.15","Adenosinetriphosphatase; Nucleoside-triphosphate phosphatase","GO:0005515;GO:0005524;GO:0016887"
"127","DML","tp80","NC_035788.1",20530517,20530517,"+",4.96911826185945e-06,0.00620875850609265,-59.3118463657003,"NC_035788.1_20530517","NC_035788.1",20530516,20530518,20096599,20548306,"LOC111113098","LOC111113098","XP_022306788.1","NC_035788.1","Gnomon","CDS",20547430,20547705,".","-",0,"cds52698","rna58437","dynein heavy chain 6%2C axonemal-like isoform X1","GO:0005737;GO:0005856;GO:0005929;GO:0016887;GO:0032991;GO:0043167;GO:0048870","EC:3.6.1.3; EC:3.6.1.15","Adenosinetriphosphatase; Nucleoside-triphosphate phosphatase","GO:0003777;GO:0005524;GO:0005858;GO:0005874;GO:0007018;GO:0016887;GO:0060285"
"128","DML","tp80","NC_035788.1",42707738,42707738,"+",1.61927111055373e-11,1.97264810027273e-07,-54.6240563150377,"NC_035788.1_42707738","NC_035788.1",42707737,42707739,42704671,42723149,"LOC111112641","LOC111112641","XP_022306006.1","NC_035788.1","Gnomon","CDS",42714391,42714545,".","+",0,"cds54099","rna60100","guanine nucleotide-binding protein G(q) subunit alpha-like","GO:0003924;GO:0007165","EC:3.6.1.15","Nucleoside-triphosphate phosphatase","GO:0001664;GO:0003924;GO:0007186;GO:0019001;GO:0031683"
"129","DML","tp80","NC_035788.1",51481880,51481880,"+",4.69479659807606e-06,0.00608037430177956,-59.7176013941698,"NC_035788.1_51481880","NC_035788.1",51481879,51481881,51461798,51495130,"LOC111115769","LOC111115769","XP_022310316.1","NC_035788.1","Gnomon","CDS",51461969,51462172,".","+",0,"cds54607","rna60713","furin-like protease kpc-1 isoform X1","GO:0005575;GO:0006464;GO:0007165;GO:0008233;GO:0016301;GO:0043167","EC:2.7.10; EC:2.7.10.1; EC:2.7.11; EC:3.4.21","Transferring phosphorus-containing groups; Receptor protein-tyrosine kinase; Transferring phosphorus-containing groups; Acting on peptide bonds (peptidases)","GO:0004252;GO:0004714;GO:0005524;GO:0006468;GO:0006508;GO:0007169;GO:0016020"
"130","DML","tp80","NC_035788.1",66990671,66990671,"+",8.13172234274195e-07,0.00157712644161271,71.1964285714286,"NC_035788.1_66990671","NC_035788.1",66990670,66990672,66968589,66993270,"LOC111112526","LOC111112526","XP_022305761.1","NC_035788.1","Gnomon","CDS",66993133,66993207,".","-",0,"cds55724","rna61978","serine/threonine-protein phosphatase 6 regulatory ankyrin repeat subunit A-like isoform X1","F:GO:0003674","","","GO:0005515"
"131","DML","tp9","NC_035780.1",61199900,61199900,"+",1.24821084932784e-06,0.00338248888645189,-55.6721322698799,"NC_035780.1_61199900",NA,NA,NA,NA,NA,NA,NA,NA,NA,NA,NA,NA,NA,NA,NA,NA,NA,NA,NA,NA,NA,NA,NA
"132","DML","tp9","NC_035781.1",1151131,1151131,"+",4.75191854555073e-15,2.07464075779103e-10,52.9113924050633,"NC_035781.1_1151131","NC_035781.1",1151130,1151132,1144874,1152819,"LOC111119190","LOC111119190","XP_022314800.1","NC_035781.1","Gnomon","CDS",1148863,1148964,".","+",0,"cds6147","rna6806","ornithine decarboxylase-like","F:GO:0003674; P:GO:0009058; P:GO:0034641","","","GO:0003824;GO:0006596"
"133","DML","tp9","NC_035781.1",1360714,1360714,"+",2.31536943393891e-18,1.81956141539579e-13,82.9328249636282,"NC_035781.1_1360714","NC_035781.1",1360713,1360715,1350400,1366400,"LOC111121011","LOC111121011","XP_022317800.1","NC_035781.1","Gnomon","CDS",1351718,1351782,".","+",0,"cds6157","rna6818","THO complex subunit 1-like","F:GO:0003674; P:GO:0007165","","","GO:0005515;GO:0007165"
"134","DML","tp9","NC_035781.1",1360771,1360771,"+",3.53936884242829e-08,0.000289977868704231,73.9805825242718,"NC_035781.1_1360771","NC_035781.1",1360770,1360772,1350400,1366400,"LOC111121011","LOC111121011","XP_022317800.1","NC_035781.1","Gnomon","CDS",1351718,1351782,".","+",0,"cds6157","rna6818","THO complex subunit 1-like","F:GO:0003674; P:GO:0007165","","","GO:0005515;GO:0007165"
"135","DML","tp9","NC_035781.1",30803514,30803514,"+",1.96497065387856e-07,0.000887469105951055,-56.8197787751031,"NC_035781.1_30803514","NC_035781.1",30803513,30803515,30799383,30817008,"LOC111119689","LOC111119689","XP_022315818.1","NC_035781.1","Gnomon","CDS",30816952,30817006,".","-",0,"cds9343","rna10185","rapamycin-insensitive companion of mTOR-like","C:GO:0005622; P:GO:0007165; C:GO:0032991","","","GO:0031929;GO:0031932"
"136","DML","tp9","NC_035781.1",30803532,30803532,"+",1.90668967083784e-06,0.00451323921786678,-62.1135646687697,"NC_035781.1_30803532","NC_035781.1",30803531,30803533,30799383,30817008,"LOC111119689","LOC111119689","XP_022315818.1","NC_035781.1","Gnomon","CDS",30816952,30817006,".","-",0,"cds9343","rna10185","rapamycin-insensitive companion of mTOR-like","C:GO:0005622; P:GO:0007165; C:GO:0032991","","","GO:0031929;GO:0031932"
"137","DML","tp9","NC_035781.1",54155118,54155118,"+",3.81354627579735e-07,0.00140043085415268,-61.6161616161616,"NC_035781.1_54155118","NC_035781.1",54155117,54155119,54154390,54158289,"LOC111118267","LOC111118267","XP_022313344.1","NC_035781.1","Gnomon","CDS",54158114,54158137,".","-",0,"cds11683","rna12755","ubiquitin-conjugating enzyme E2 D2B-like","","","",""
"138","DML","tp9","NC_035781.1",54189309,54189309,"+",1.17671946160688e-07,0.000599914919796663,-70.4100845399258,"NC_035781.1_54189309","NC_035781.1",54189308,54189310,54183608,54210381,"LOC111121273","LOC111121273","XP_022318171.1","NC_035781.1","Gnomon","CDS",54207872,54207987,".","-",0,"cds11687","rna12759","helicase with zinc finger domain 2-like isoform X1","F:GO:0003723; F:GO:0004518; C:GO:0005622; P:GO:0009058; C:GO:0032991; F:GO:0043167","","","GO:0003723;GO:0004540;GO:0005515;GO:0005667;GO:0030374;GO:0045893;GO:0046872"
"139","DML","tp9","NC_035781.1",57154333,57154333,"+",3.33904539525306e-07,0.00127380082615044,-64.7579693034239,"NC_035781.1_57154333","NC_035781.1",57154332,57154334,57146640,57164102,"LOC111119948","LOC111119948","XP_022316241.1","NC_035781.1","Gnomon","CDS",57163993,57163999,".","-",0,"cds12028","rna13119","sorting nexin-29-like","F:GO:0008289; F:GO:0043167","","","GO:0035091"
"140","DML","tp9","NC_035782.1",47971980,47971980,"+",1.66094647258423e-06,0.00410463874053988,-54.9668874172185,"NC_035782.1_47971980","NC_035782.1",47971979,47971981,47966355,47976362,"LOC111124625","LOC111124625","XP_022323367.1","NC_035782.1","Gnomon","CDS",47969632,47969724,".","-",0,"cds17104","rna18597","MPN domain-containing protein-like","F:GO:0003674","","","GO:0005515"
"141","DML","tp9","NC_035782.1",52754312,52754312,"+",1.02197228984308e-08,0.00012953700570831,55.1351351351351,"NC_035782.1_52754312","NC_035782.1",52754311,52754313,52731841,52773759,"LOC111125942","LOC111125942","XP_022325911.1","NC_035782.1","Gnomon","CDS",52746599,52746622,".","+",2,"cds17717","rna19282","centriolin-like isoform X1","P:GO:0000278; F:GO:0003674; P:GO:0051301","","","GO:0000278;GO:0005515;GO:0051301"
"142","DML","tp9","NC_035782.1",59562244,59562244,"+",8.72476005870465e-07,0.00252075717071585,67.9474800672957,"NC_035782.1_59562244","NC_035782.1",59562243,59562245,59555347,59598272,"LOC111124168","LOC111124168","XP_022322739.1","NC_035782.1","Gnomon","CDS",59598012,59598072,".","-",0,"cds18527","rna20137","LOW QUALITY PROTEIN: protein turtle-like","F:GO:0003674","","","GO:0005515"
"143","DML","tp9","NC_035783.1",20348269,20348269,"+",4.85374586669833e-28,1.90718780548048e-22,-57.7573077867846,"NC_035783.1_20348269","NC_035783.1",20348268,20348270,20340566,20353587,"LOC111128768","LOC111128768","XP_022330313.1","NC_035783.1","Gnomon","CDS",20353315,20353524,".","-",0,"cds22562","rna24474","striatin-3-like isoform X1","F:GO:0003674","","","GO:0005515"
"144","DML","tp9","NC_035783.1",30800388,30800388,"+",3.61613392257538e-08,0.000289977868704231,51.5438084613404,"NC_035783.1_30800388","NC_035783.1",30800387,30800389,30796057,30812320,"LOC111130428","LOC111130428","XP_022333208.1","NC_035783.1","Gnomon","CDS",30796062,30796277,".","+",0,"cds23625","rna25632","peptide-N(4)-(N-acetyl-beta-glucosaminyl)asparagine amidase-like","C:GO:0005737; P:GO:0009056","","","GO:0005737;GO:0006516"
"145","DML","tp9","NC_035784.1",441436,441436,"+",4.05267597083788e-09,5.68722326118126e-05,55.5704326146175,"NC_035784.1_441436","NC_035784.1",441435,441437,430215,443487,"LOC111135248","LOC111135248","XP_022340848.1","NC_035784.1","Gnomon","CDS",443432,443454,".","-",0,"cds26378","rna28759","uncharacterized protein LOC111135248 isoform X1","GO:0006464;GO:0006520;GO:0016791","EC:3.1.3.16; EC:3.1.3.48","Protein-serine/threonine phosphatase; Protein-tyrosine-phosphatase","GO:0004725;GO:0005515;GO:0006470;GO:0006570"
"146","DML","tp9","NC_035784.1",1029080,1029080,"+",3.09478293438901e-07,0.00120399656269071,56.0815803734174,"NC_035784.1_1029080","NC_035784.1",1029079,1029081,1022278,1061925,"LOC111133205","LOC111133205","XP_022337050.1","NC_035784.1","Gnomon","CDS",1024591,1024623,".","+",0,"cds26435","rna28828","trichohyalin-like isoform X1","","","",""
"147","DML","tp9","NC_035784.1",7656308,7656308,"+",2.140802734113e-17,1.40198003101499e-12,51.4247375483464,"NC_035784.1_7656308","NC_035784.1",7656307,7656309,7621973,7657566,"LOC111136911","LOC111136911","XP_022343787.1","NC_035784.1","Gnomon","CDS",7622025,7622113,".","+",0,"cds27190","rna29637","uncharacterized protein LOC111136911","GO:0003677;GO:0006259;GO:0006950;GO:0016887;GO:0043167","EC:3.6.1.3; EC:3.6.1.15","Adenosinetriphosphatase; Nucleoside-triphosphate phosphatase","GO:0003677;GO:0005515;GO:0005524;GO:0006281;GO:0008094"
"148","DML","tp9","NC_035784.1",36479461,36479461,"+",9.90056256019783e-07,0.00275903485631865,57.0659414790455,"NC_035784.1_36479461","NC_035784.1",36479460,36479462,36474671,36480325,"LOC111135946","LOC111135946","XP_022342144.1","NC_035784.1","Gnomon","CDS",36474748,36474934,".","+",0,"cds30271","rna33036","cytochrome b-c1 complex subunit Rieske%2C mitochondrial-like","GO:0005622;GO:0006091;GO:0016491;GO:0032991;GO:0055085","EC:1.10.2; EC:1.10.2.2","Acting on diphenols and related substances as donors; Quinol--cytochrome-c reductase","GO:0006118;GO:0006119;GO:0008121;GO:0045275;GO:0051537;GO:0055114;GO:1902600"
"149","DML","tp9","NC_035784.1",39672108,39672108,"+",2.14570275408e-09,3.83233358612997e-05,-55.3763440860215,"NC_035784.1_39672108","NC_035784.1",39672107,39672109,39670554,39698907,"LOC111132362","LOC111132362","XP_022335874.1","NC_035784.1","Gnomon","CDS",39690183,39690257,".","+",1,"cds30732","rna33520","serine/arginine repetitive matrix protein 2-like","","","",""
"150","DML","tp9","NC_035784.1",96289229,96289229,"+",4.8215253597363e-06,0.0090495621867303,-56.6584766584767,"NC_035784.1_96289229","NC_035784.1",96289228,96289230,96285134,96289874,"LOC111138058","LOC111138058","XP_022345556.1","NC_035784.1","Gnomon","CDS",96285179,96285246,".","+",0,"cds36215","rna39621","uncharacterized protein LOC111138058","","","",""
"151","DML","tp9","NC_035786.1",2472127,2472127,"+",2.85580064333375e-15,1.40266618592929e-10,-55.9187788018433,"NC_035786.1_2472127","NC_035786.1",2472126,2472128,2470022,2484094,"LOC111102874","LOC111102874","XP_022291507.1","NC_035786.1","Gnomon","CDS",2483651,2484000,".","-",0,"cds40348","rna44618","telomere length regulation protein TEL2 homolog","","","",""
"152","DML","tp9","NC_035787.1",55630836,55630836,"+",6.76399168460658e-08,0.000442963806083656,-64.2115644139936,"NC_035787.1_55630836","NC_035787.1",55630835,55630837,55623162,55631418,"LOC111105864","LOC111105864","XP_022296027.1","NC_035787.1","Gnomon","CDS",55625965,55626182,".","+",2,"cds49715","rna55065","kelch-like protein 12","F:GO:0003674","","","GO:0005515"
"153","DML","tp9","NC_035788.1",2475427,2475427,"+",2.7904173395675e-06,0.00612537326193298,56.6295979469632,"NC_035788.1_2475427","NC_035788.1",2475426,2475428,2450175,2483153,"LOC111115099","LOC111115099","XP_022309395.1","NC_035788.1","Gnomon","CDS",2475362,2475700,".","+",0,"cds51543","rna57107","potassium voltage-gated channel unc-103-like isoform X1","C:GO:0005886; F:GO:0022857; C:GO:0032991","","","GO:0005249;GO:0006813;GO:0008076;GO:0055085"
"154","DML","tp9","NC_035788.1",38945819,38945819,"+",3.92265863150268e-06,0.0076879143909999,-57.3553570511833,"NC_035788.1_38945819","NC_035788.1",38945818,38945820,38932763,38949267,"LOC111114986","LOC111114986","XP_022309242.1","NC_035788.1","Gnomon","CDS",38948266,38949171,".","-",0,"cds53876","rna59830","zinc finger protein 420-like","F:GO:0003674","","","GO:0003676"
"155","DML","tp9","NC_035788.1",100973654,100973654,"+",5.03746299389374e-07,0.0017211965063089,-61.9783108774236,"NC_035788.1_100973654","NC_035788.1",100973653,100973655,100968306,101001945,"LOC111112178","LOC111112178","XP_022305278.1","NC_035788.1","Gnomon","CDS",100982702,100982812,".","+",0,"cds58152","rna64747","uncharacterized protein LOC111112178 isoform X1","","","",""
"156","DMR","all","NC_035780.1",26670601,26670700,"*",4.23367853994406e-07,0.00398266309784434,-53.2789497163979,"NC_035780.1_26670601",NA,NA,NA,NA,NA,NA,NA,NA,NA,NA,NA,NA,NA,NA,NA,NA,NA,NA,NA,NA,NA,NA,NA
"157","DMR","C","NC_035780.1",21887401,21887500,"*",1.10510961274342e-05,0.00703301313316676,-61.8745331276965,"NC_035780.1_21887401",NA,NA,NA,NA,NA,NA,NA,NA,NA,NA,NA,NA,NA,NA,NA,NA,NA,NA,NA,NA,NA,NA,NA
"158","DMR","C","NC_035780.1",56266101,56266200,"*",9.95834039146991e-13,2.12222177712715e-08,62.7895868163363,"NC_035780.1_56266101",NA,NA,NA,NA,NA,NA,NA,NA,NA,NA,NA,NA,NA,NA,NA,NA,NA,NA,NA,NA,NA,NA,NA
"159","DMR","C","NC_035781.1",9375801,9375900,"*",3.01423356053011e-12,4.49654289412396e-08,79.39446098979,"NC_035781.1_9375801",NA,NA,NA,NA,NA,NA,NA,NA,NA,NA,NA,NA,NA,NA,NA,NA,NA,NA,NA,NA,NA,NA,NA
"160","DMR","C","NC_035782.1",45184401,45184500,"*",3.95976241288337e-08,0.000107400988630746,52.8531226758327,"NC_035782.1_45184401",NA,NA,NA,NA,NA,NA,NA,NA,NA,NA,NA,NA,NA,NA,NA,NA,NA,NA,NA,NA,NA,NA,NA
"161","DMR","C","NC_035782.1",73105401,73105500,"*",2.93395564450858e-07,0.000521046037553501,-60.7979654798633,"NC_035782.1_73105401",NA,NA,NA,NA,NA,NA,NA,NA,NA,NA,NA,NA,NA,NA,NA,NA,NA,NA,NA,NA,NA,NA,NA
"162","DMR","C","NC_035783.1",56864801,56864900,"*",7.83652566264066e-09,3.24730363783033e-05,-57.0141517195985,"NC_035783.1_56864801",NA,NA,NA,NA,NA,NA,NA,NA,NA,NA,NA,NA,NA,NA,NA,NA,NA,NA,NA,NA,NA,NA,NA
"163","DMR","C","NC_035784.1",39672101,39672200,"*",1.17365466257324e-06,0.00142343308734627,-55.3763440860215,"NC_035784.1_39672101",NA,NA,NA,NA,NA,NA,NA,NA,NA,NA,NA,NA,NA,NA,NA,NA,NA,NA,NA,NA,NA,NA,NA
"164","DMR","C","NC_035784.1",53887001,53887100,"*",8.67219478674617e-09,3.49646463271488e-05,58.2727272727273,"NC_035784.1_53887001",NA,NA,NA,NA,NA,NA,NA,NA,NA,NA,NA,NA,NA,NA,NA,NA,NA,NA,NA,NA,NA,NA,NA
"165","DMR","C","NC_035786.1",34108001,34108100,"*",1.1940694700524e-06,0.00143651362316693,-50.3203512180725,"NC_035786.1_34108001",NA,NA,NA,NA,NA,NA,NA,NA,NA,NA,NA,NA,NA,NA,NA,NA,NA,NA,NA,NA,NA,NA,NA
"166","DMR","C","NC_035788.1",21624001,21624100,"*",1.23290679091124e-05,0.00744494009717539,53.5149100186383,"NC_035788.1_21624001",NA,NA,NA,NA,NA,NA,NA,NA,NA,NA,NA,NA,NA,NA,NA,NA,NA,NA,NA,NA,NA,NA,NA
"167","DMR","C","NC_035788.1",51930101,51930200,"*",7.17721632288311e-07,0.00101007125179396,-59.3466958767943,"NC_035788.1_51930101",NA,NA,NA,NA,NA,NA,NA,NA,NA,NA,NA,NA,NA,NA,NA,NA,NA,NA,NA,NA,NA,NA,NA
"168","DMR","E","NC_035784.1",1882701,1882800,"*",7.22353861311187e-07,0.00158356970425309,-57.328871311226,"NC_035784.1_1882701",NA,NA,NA,NA,NA,NA,NA,NA,NA,NA,NA,NA,NA,NA,NA,NA,NA,NA,NA,NA,NA,NA,NA
"169","DMR","E","NC_035784.1",43355701,43355800,"*",8.66075063464608e-06,0.00886823826602449,-52.8955646429695,"NC_035784.1_43355701",NA,NA,NA,NA,NA,NA,NA,NA,NA,NA,NA,NA,NA,NA,NA,NA,NA,NA,NA,NA,NA,NA,NA
"170","DMR","E","NC_035785.1",31747101,31747200,"*",2.38475192305562e-09,1.80363846505382e-05,-58.6849154528713,"NC_035785.1_31747101",NA,NA,NA,NA,NA,NA,NA,NA,NA,NA,NA,NA,NA,NA,NA,NA,NA,NA,NA,NA,NA,NA,NA
"171","DMR","E","NC_035786.1",26780401,26780500,"*",1.53297542422536e-14,2.31884366200431e-09,-64.6655783471739,"NC_035786.1_26780401",NA,NA,NA,NA,NA,NA,NA,NA,NA,NA,NA,NA,NA,NA,NA,NA,NA,NA,NA,NA,NA,NA,NA
"172","DMR","E","NC_035787.1",64539301,64539400,"*",7.56481825954408e-06,0.00835245622705849,52.1336977086399,"NC_035787.1_64539301",NA,NA,NA,NA,NA,NA,NA,NA,NA,NA,NA,NA,NA,NA,NA,NA,NA,NA,NA,NA,NA,NA,NA
"173","DMR","tp09","NC_035782.1",47971901,47972000,"*",2.72282164001942e-06,0.00342309744515878,-51.9158361018826,"NC_035782.1_47971901",NA,NA,NA,NA,NA,NA,NA,NA,NA,NA,NA,NA,NA,NA,NA,NA,NA,NA,NA,NA,NA,NA,NA
"174","DMR","tp09","NC_035784.1",1029001,1029100,"*",3.09478293438901e-07,0.000648453758429831,56.0815803734174,"NC_035784.1_1029001",NA,NA,NA,NA,NA,NA,NA,NA,NA,NA,NA,NA,NA,NA,NA,NA,NA,NA,NA,NA,NA,NA,NA
"175","DMR","tp09","NC_035784.1",39672101,39672200,"*",2.14570275408e-09,1.34877538572615e-05,-55.3763440860215,"NC_035784.1_39672101",NA,NA,NA,NA,NA,NA,NA,NA,NA,NA,NA,NA,NA,NA,NA,NA,NA,NA,NA,NA,NA,NA,NA
"176","DMR","tp09","NC_035784.1",60367201,60367300,"*",6.34326437985523e-07,0.00116007420985501,51.6003072589937,"NC_035784.1_60367201",NA,NA,NA,NA,NA,NA,NA,NA,NA,NA,NA,NA,NA,NA,NA,NA,NA,NA,NA,NA,NA,NA,NA
"177","DMR","tp80","NC_035780.1",2935101,2935200,"*",1.7949950439575e-09,9.90161706833107e-06,-50.0062035594646,"NC_035780.1_2935101",NA,NA,NA,NA,NA,NA,NA,NA,NA,NA,NA,NA,NA,NA,NA,NA,NA,NA,NA,NA,NA,NA,NA
"178","DMR","tp80","NC_035780.1",24213501,24213600,"*",1.76655137331539e-05,0.00811304626000951,-51.4385118603481,"NC_035780.1_24213501",NA,NA,NA,NA,NA,NA,NA,NA,NA,NA,NA,NA,NA,NA,NA,NA,NA,NA,NA,NA,NA,NA,NA
"179","DMR","tp80","NC_035782.1",13781501,13781600,"*",1.39679394540251e-13,5.20090581958723e-09,-68.9551123627795,"NC_035782.1_13781501",NA,NA,NA,NA,NA,NA,NA,NA,NA,NA,NA,NA,NA,NA,NA,NA,NA,NA,NA,NA,NA,NA,NA
"180","DMR","tp80","NC_035782.1",50267901,50268000,"*",2.83111121397706e-06,0.00254012728118355,-51.5546218487395,"NC_035782.1_50267901",NA,NA,NA,NA,NA,NA,NA,NA,NA,NA,NA,NA,NA,NA,NA,NA,NA,NA,NA,NA,NA,NA,NA
"181","DMR","tp80","NC_035782.1",64525201,64525300,"*",3.79988892979589e-07,0.000583452903060997,50.525647637561,"NC_035782.1_64525201",NA,NA,NA,NA,NA,NA,NA,NA,NA,NA,NA,NA,NA,NA,NA,NA,NA,NA,NA,NA,NA,NA,NA
"182","DMR","tp80","NC_035783.1",45449401,45449500,"*",4.94159816981316e-06,0.00383876439966171,66.5835125448029,"NC_035783.1_45449401",NA,NA,NA,NA,NA,NA,NA,NA,NA,NA,NA,NA,NA,NA,NA,NA,NA,NA,NA,NA,NA,NA,NA
"183","DMR","tp80","NC_035784.1",13537001,13537100,"*",2.05417164201063e-05,0.00881685891895395,-53.3523323833808,"NC_035784.1_13537001",NA,NA,NA,NA,NA,NA,NA,NA,NA,NA,NA,NA,NA,NA,NA,NA,NA,NA,NA,NA,NA,NA,NA
"184","DMR","tp80","NC_035784.1",51247201,51247300,"*",2.05016134458081e-05,0.00881685891895395,-60.3130995988139,"NC_035784.1_51247201",NA,NA,NA,NA,NA,NA,NA,NA,NA,NA,NA,NA,NA,NA,NA,NA,NA,NA,NA,NA,NA,NA,NA
"185","DMR","tp80","NC_035784.1",68684801,68684900,"*",8.86250713749952e-07,0.00110474002927011,59.095021547106,"NC_035784.1_68684801",NA,NA,NA,NA,NA,NA,NA,NA,NA,NA,NA,NA,NA,NA,NA,NA,NA,NA,NA,NA,NA,NA,NA
"186","DMR","tp80","NC_035784.1",90008501,90008600,"*",1.68725741664334e-05,0.00801795526783261,-59.6205186880244,"NC_035784.1_90008501",NA,NA,NA,NA,NA,NA,NA,NA,NA,NA,NA,NA,NA,NA,NA,NA,NA,NA,NA,NA,NA,NA,NA
"187","DMR","tp80","NC_035785.1",16144001,16144100,"*",3.61644819715405e-07,0.000561070780957669,50.8397108843538,"NC_035785.1_16144001",NA,NA,NA,NA,NA,NA,NA,NA,NA,NA,NA,NA,NA,NA,NA,NA,NA,NA,NA,NA,NA,NA,NA
"188","DMR","tp80","NC_035785.1",31872401,31872500,"*",1.56223237060948e-10,1.66197403184703e-06,-54.451273046532,"NC_035785.1_31872401",NA,NA,NA,NA,NA,NA,NA,NA,NA,NA,NA,NA,NA,NA,NA,NA,NA,NA,NA,NA,NA,NA,NA
"189","DMR","tp80","NC_035788.1",66990601,66990700,"*",8.13172234274195e-07,0.00103515007141065,71.1964285714286,"NC_035788.1_66990601",NA,NA,NA,NA,NA,NA,NA,NA,NA,NA,NA,NA,NA,NA,NA,NA,NA,NA,NA,NA,NA,NA,NA
