Date,Date_WQ,PCO2,Shelf,Tank,TankID,acclimation_experimental,Exp_Temp,Sal_Corr,Temperature,pH_scaleFree,pH_NBS,pH_SW,pH_Total
2017-06-05,20170605,550,1,1,1,Exposure_09,17,30.421,18.2,7.829,8.118,7.987,7.996
2017-06-05,20170605,550,1,2,2,Exposure_09,17,30.523,18.1,7.806,8.096,7.966,7.975
2017-06-05,20170605,550,1,3,3,Exposure_09,17,30.523,18.1,7.818,8.108,7.977,7.986
2017-06-05,20170605,550,2,1,4,Exposure_09,17,30.523,17.9,7.789,8.079,7.949,7.958
2017-06-05,20170605,550,2,2,5,Exposure_09,17,30.523,17.9,7.789,8.079,7.949,7.958
2017-06-05,20170605,550,2,3,6,Exposure_09,17,30.523,17.9,7.784,8.074,7.943,7.952
2017-06-05,20170605,1000,3,1,7,Exposure_09,17,30.523,17.5,7.519,7.809,7.678,7.687
2017-06-05,20170605,1000,3,2,8,Exposure_09,17,30.523,17.4,7.496,7.786,7.656,7.664
2017-06-05,20170605,1000,3,3,9,Exposure_09,17,30.523,17.4,7.502,7.792,7.661,7.67
2017-06-05,20170605,2800,4,1,10,Exposure_09,17,30.523,17.8,7.085,7.374,7.244,7.253
2017-06-05,20170605,2800,4,2,11,Exposure_09,17,30.523,18.2,7.102,7.391,7.261,7.27
2017-06-05,20170605,2800,4,3,12,Exposure_09,17,30.523,18.8,7.107,7.397,7.267,7.275
2017-06-05,20170605,1000,5,1,13,Exposure_09,17,30.523,18,7.547,7.837,7.706,7.715
2017-06-05,20170605,1000,5,2,14,Exposure_09,17,30.523,18,7.541,7.831,7.701,7.709
2017-06-05,20170605,1000,5,3,15,Exposure_09,17,30.523,18.1,7.547,7.837,7.706,7.715
2017-06-05,20170605,2800,6,1,16,Exposure_09,17,30.523,17.6,7.068,7.358,7.227,7.236
2017-06-05,20170605,2800,6,2,17,Exposure_09,17,30.523,17.6,7.09,7.38,7.25,7.258
2017-06-05,20170605,2800,6,3,18,Exposure_09,17,30.523,17.6,7.096,7.386,7.255,7.264
2017-06-06,20170606,550,1,1,1,Exposure_09,17,30.022,17.1,7.802,8.087,7.957,7.965
2017-06-06,20170606,550,1,2,2,Exposure_09,17,30.123,17.1,7.796,8.082,7.952,7.961
2017-06-06,20170606,550,1,3,3,Exposure_09,17,30.123,17.1,7.791,8.077,7.946,7.955
2017-06-06,20170606,550,2,1,4,Exposure_09,17,30.291,17.8,7.836,8.123,7.993,8.001
2017-06-06,20170606,550,2,2,5,Exposure_09,17,30.224,17.8,7.824,8.111,7.981,7.99
2017-06-06,20170606,550,2,3,6,Exposure_09,17,30.19,17.9,7.83,8.117,7.986,7.995
2017-06-06,20170606,1000,3,1,7,Exposure_09,17,30.157,17,7.505,7.791,7.661,7.669
2017-06-06,20170606,1000,3,2,8,Exposure_09,17,30.157,17.5,7.505,7.791,7.661,7.669
2017-06-06,20170606,1000,3,3,9,Exposure_09,17,30.123,17.5,7.51,7.796,7.666,7.675
2017-06-06,20170606,2800,4,1,10,Exposure_09,17,30.19,17,7.084,7.371,7.24,7.249
2017-06-06,20170606,2800,4,2,11,Exposure_09,17,30.157,17,7.095,7.382,7.251,7.26
2017-06-06,20170606,2800,4,3,12,Exposure_09,17,30.123,17.1,7.095,7.381,7.251,7.26
2017-06-06,20170606,1000,5,1,13,Exposure_09,17,30.224,18,7.555,7.842,7.712,7.72
2017-06-06,20170606,1000,5,2,14,Exposure_09,17,30.224,18.5,7.527,7.814,7.684,7.692
2017-06-06,20170606,1000,5,3,15,Exposure_09,17,30.123,18.5,7.55,7.836,7.705,7.714
2017-06-06,20170606,2800,6,1,16,Exposure_09,17,30.157,17.8,7.095,7.382,7.251,7.26
2017-06-06,20170606,2800,6,2,17,Exposure_09,17,30.224,17.5,7.09,7.377,7.246,7.255
2017-06-06,20170606,2800,6,3,18,Exposure_09,17,30.123,17.5,7.09,7.376,7.245,7.254
2017-06-07,20170607,550,1,1,1,Exposure_09,17,29.962,17.3,7.769,8.053,7.923,7.932
2017-06-07,20170607,550,1,2,2,Exposure_09,17,30.063,17.3,7.837,8.123,7.992,8.001
2017-06-07,20170607,550,1,3,3,Exposure_09,17,30.063,17.3,7.786,8.071,7.941,7.95
2017-06-07,20170607,550,2,1,4,Exposure_09,17,30.063,16.7,7.746,8.032,7.901,7.91
2017-06-07,20170607,550,2,2,5,Exposure_09,17,30.063,16.8,7.775,8.06,7.93,7.938
2017-06-07,20170607,550,2,3,6,Exposure_09,17,30.063,16.8,7.746,8.032,7.901,7.91
2017-06-07,20170607,1000,3,1,7,Exposure_09,17,30.063,16.8,7.44,7.725,7.595,7.603
2017-06-07,20170607,1000,3,2,8,Exposure_09,17,30.063,16.9,7.434,7.719,7.589,7.598
2017-06-07,20170607,1000,3,3,9,Exposure_09,17,30.063,16.9,7.445,7.731,7.6,7.609
2017-06-07,20170607,2800,4,1,10,Exposure_09,17,30.063,17.1,7.048,7.333,7.203,7.212
2017-06-07,20170607,2800,4,2,11,Exposure_09,17,30.097,17.1,7.014,7.3,7.169,7.178
2017-06-07,20170607,2800,4,3,12,Exposure_09,17,30.063,17.1,7.025,7.311,7.18,7.189
2017-06-07,20170607,1000,5,1,13,Exposure_09,17,30.063,17,7.565,7.85,7.72,7.728
2017-06-07,20170607,1000,5,2,14,Exposure_09,17,30.063,17,7.57,7.856,7.725,7.734
2017-06-07,20170607,1000,5,3,15,Exposure_09,17,30.063,17,7.582,7.867,7.737,7.745
2017-06-07,20170607,2800,6,1,16,Exposure_09,17,30.131,16.8,7.156,7.442,7.311,7.32
2017-06-07,20170607,2800,6,2,17,Exposure_09,17,30.063,16.7,7.133,7.419,7.288,7.297
2017-06-07,20170607,2800,6,3,18,Exposure_09,17,30.063,16.7,7.11,7.396,7.265,7.274
2017-06-09,20170609,550,1,1,1,Exposure_09,17,30.06,17.4,7.925,8.211,8.08,8.089
2017-06-09,20170609,550,1,2,2,Exposure_09,17,30.094,17.4,7.925,8.211,8.081,8.089
2017-06-09,20170609,550,1,3,3,Exposure_09,17,30.094,17.4,7.925,8.211,8.081,8.089
2017-06-09,20170609,550,2,1,4,Exposure_09,17,30.094,17.2,7.948,8.234,8.104,8.112
2017-06-09,20170609,550,2,2,5,Exposure_09,17,30.094,17.2,7.931,8.217,8.086,8.095
2017-06-09,20170609,550,2,3,6,Exposure_09,17,30.094,17.2,7.948,8.234,8.104,8.112
2017-06-09,20170609,1000,3,1,7,Exposure_09,17,30.094,16.9,7.632,7.918,7.787,7.796
2017-06-09,20170609,1000,3,2,8,Exposure_09,17,30.094,16.9,7.632,7.918,7.787,7.796
2017-06-09,20170609,1000,3,3,9,Exposure_09,17,30.094,16.9,7.626,7.912,7.782,7.79
2017-06-09,20170609,2800,4,1,10,Exposure_09,17,30.094,17.5,7.253,7.539,7.408,7.417
2017-06-09,20170609,2800,4,2,11,Exposure_09,17,30.094,17.5,7.218,7.504,7.374,7.382
2017-06-09,20170609,2800,4,3,12,Exposure_09,17,30.094,17.5,7.241,7.527,7.397,7.405
2017-06-09,20170609,1000,5,1,13,Exposure_09,17,30.094,17.4,7.701,7.987,7.856,7.865
2017-06-09,20170609,1000,5,2,14,Exposure_09,17,30.094,17.4,7.684,7.97,7.839,7.848
2017-06-09,20170609,1000,5,3,15,Exposure_09,17,30.094,17.4,7.678,7.964,7.833,7.842
2017-06-09,20170609,2800,6,1,16,Exposure_09,17,30.128,17,7.264,7.551,7.42,7.429
2017-06-09,20170609,2800,6,2,17,Exposure_09,17,30.094,17,7.27,7.556,7.425,7.434
2017-06-09,20170609,2800,6,3,18,Exposure_09,17,30.094,17,7.253,7.539,7.408,7.417
2017-06-12,20170612,550,1,1,1,Exposure_09,17,30.297,17.5,7.809,8.097,7.966,7.975
2017-06-12,20170612,550,1,2,2,Exposure_09,17,30.297,17.5,7.803,8.091,7.96,7.969
2017-06-12,20170612,550,1,3,3,Exposure_09,17,30.297,17.5,7.826,8.114,7.983,7.992
2017-06-12,20170612,550,2,1,4,Exposure_09,17,30.229,17.8,7.809,8.096,7.965,7.974
2017-06-12,20170612,550,2,2,5,Exposure_09,17,30.263,17.8,7.82,8.108,7.977,7.986
2017-06-12,20170612,550,2,3,6,Exposure_09,17,30.297,17.8,7.82,8.108,7.978,7.986
2017-06-12,20170612,1000,3,1,7,Exposure_09,17,30.297,17.2,7.516,7.804,7.673,7.682
2017-06-12,20170612,1000,3,2,8,Exposure_09,17,30.297,17.2,7.499,7.787,7.656,7.665
2017-06-12,20170612,1000,3,3,9,Exposure_09,17,30.297,17.2,7.516,7.804,7.673,7.682
2017-06-12,20170612,2800,4,1,10,Exposure_09,17,30.331,17.7,7.155,7.443,7.312,7.321
2017-06-12,20170612,2800,4,2,11,Exposure_09,17,30.297,17.7,7.138,7.425,7.295,7.304
2017-06-12,20170612,2800,4,3,12,Exposure_09,17,30.365,17.7,7.143,7.432,7.301,7.31
2017-06-12,20170612,1000,5,1,13,Exposure_09,17,30.195,17.9,7.562,7.849,7.718,7.727
2017-06-12,20170612,1000,5,2,14,Exposure_09,17,30.297,17.9,7.562,7.85,7.719,7.728
2017-06-12,20170612,1000,5,3,15,Exposure_09,17,30.297,17.9,7.568,7.856,7.725,7.734
2017-06-12,20170612,2800,6,1,16,Exposure_09,17,30.297,17.1,7.189,7.477,7.347,7.355
2017-06-12,20170612,2800,6,2,17,Exposure_09,17,30.297,17.1,7.172,7.46,7.329,7.338
2017-06-12,20170612,2800,6,3,18,Exposure_09,17,30.297,17.1,7.155,7.443,7.312,7.321
2017-06-14,20170614,550,1,1,1,Exposure_09,17,30.425,16.7,7.804,8.093,7.962,7.971
2017-06-14,20170614,550,1,2,2,Exposure_09,17,30.56,16.8,7.809,8.1,7.969,7.978
2017-06-14,20170614,550,1,3,3,Exposure_09,17,30.56,16.8,7.809,8.1,7.969,7.978
2017-06-14,20170614,550,2,1,4,Exposure_09,17,30.526,16.6,7.809,8.099,7.969,7.978
2017-06-14,20170614,550,2,2,5,Exposure_09,17,30.526,16.6,7.809,8.099,7.969,7.978
2017-06-14,20170614,550,2,3,6,Exposure_09,17,30.627,16.6,7.809,8.1,7.97,7.979
2017-06-14,20170614,1000,3,1,7,Exposure_09,17,30.526,16.8,7.532,7.822,7.691,7.7
2017-06-14,20170614,1000,3,2,8,Exposure_09,17,30.493,16.7,7.543,7.833,7.703,7.711
2017-06-14,20170614,1000,3,3,9,Exposure_09,17,30.627,16.7,7.509,7.8,7.67,7.679
2017-06-14,20170614,2800,4,1,10,Exposure_09,17,30.493,16.7,7.153,7.442,7.312,7.321
2017-06-14,20170614,2800,4,2,11,Exposure_09,17,30.56,16.7,7.147,7.437,7.307,7.316
2017-06-14,20170614,2800,4,3,12,Exposure_09,17,30.493,16.6,7.181,7.471,7.34,7.349
2017-06-14,20170614,1000,5,1,13,Exposure_09,17,30.526,17,7.549,7.839,7.708,7.717
2017-06-14,20170614,1000,5,2,14,Exposure_09,17,30.526,16.9,7.572,7.862,7.731,7.74
2017-06-14,20170614,1000,5,3,15,Exposure_09,17,30.526,16.9,7.572,7.862,7.731,7.74
2017-06-14,20170614,2800,6,1,16,Exposure_09,17,30.526,16.8,7.204,7.494,7.363,7.372
2017-06-14,20170614,2800,6,2,17,Exposure_09,17,30.526,16.8,7.164,7.454,7.324,7.332
2017-06-14,20170614,2800,6,3,18,Exposure_09,17,30.526,16.8,7.209,7.499,7.369,7.378
2017-06-16,20170616,550,1,1,1,Exposure_80,17,30.315,17.6,7.89,8.178,8.047,8.056
2017-06-16,20170616,550,1,2,2,Exposure_80,17,30.417,17.6,7.901,8.19,8.06,8.068
2017-06-16,20170616,550,1,3,3,Exposure_80,17,30.417,17.6,7.89,8.179,8.048,8.057
2017-06-16,20170616,550,2,1,4,Exposure_80,17,30.45,17,7.89,8.179,8.048,8.057
2017-06-16,20170616,550,2,2,5,Exposure_80,17,30.417,17,7.907,8.196,8.065,8.074
2017-06-16,20170616,550,2,3,6,Exposure_80,17,30.417,17,7.907,8.196,8.065,8.074
2017-06-16,20170616,1000,3,1,7,Exposure_80,17,30.383,17.1,7.605,7.893,7.763,7.771
2017-06-16,20170616,1000,3,2,8,Exposure_80,17,30.45,17.1,7.616,7.905,7.775,7.783
2017-06-16,20170616,1000,3,3,9,Exposure_80,17,30.484,17.1,7.61,7.9,7.769,7.778
2017-06-16,20170616,2800,4,1,10,Exposure_80,17,30.417,17.5,7.2,7.488,7.358,7.367
2017-06-16,20170616,2800,4,2,11,Exposure_80,17,30.417,17.5,7.188,7.477,7.347,7.355
2017-06-16,20170616,2800,4,3,12,Exposure_80,17,30.417,17.5,7.165,7.454,7.324,7.333
2017-06-16,20170616,1000,5,1,13,Exposure_80,17,30.417,17.2,7.633,7.922,7.791,7.8
2017-06-16,20170616,1000,5,2,14,Exposure_80,17,30.417,17.2,7.633,7.922,7.791,7.8
2017-06-16,20170616,1000,5,3,15,Exposure_80,17,30.417,17.3,7.639,7.928,7.797,7.806
2017-06-16,20170616,2800,6,1,16,Exposure_80,17,30.417,17.4,7.222,7.511,7.381,7.39
2017-06-16,20170616,2800,6,2,17,Exposure_80,17,30.484,17.4,7.24,7.529,7.399,7.407
2017-06-16,20170616,2800,6,3,18,Exposure_80,17,30.45,17.4,7.205,7.495,7.364,7.373
2017-06-19,20170619,550,1,1,1,Exposure_80,17,30.185,17.4,7.968,8.254,8.124,8.132
2017-06-19,20170619,550,1,2,2,Exposure_80,17,30.252,17.4,7.95,8.238,8.107,8.116
2017-06-19,20170619,550,1,3,3,Exposure_80,17,30.252,17.4,7.968,8.255,8.124,8.133
2017-06-19,20170619,550,2,1,4,Exposure_80,17,30.252,17.1,7.968,8.255,8.124,8.133
2017-06-19,20170619,550,2,2,5,Exposure_80,17,30.252,17.1,7.968,8.255,8.124,8.133
2017-06-19,20170619,550,2,3,6,Exposure_80,17,30.252,17.1,7.979,8.266,8.136,8.145
2017-06-19,20170619,1000,3,1,7,Exposure_80,17,30.152,17.2,7.676,7.962,7.831,7.84
2017-06-19,20170619,1000,3,2,8,Exposure_80,17,30.285,17.2,7.658,7.946,7.816,7.824
2017-06-19,20170619,1000,3,3,9,Exposure_80,17,30.252,17.2,7.676,7.963,7.832,7.841
2017-06-19,20170619,2800,4,1,10,Exposure_80,17,30.318,17,7.298,7.586,7.455,7.464
2017-06-19,20170619,2800,4,2,11,Exposure_80,17,30.352,17,7.298,7.586,7.455,7.464
2017-06-19,20170619,2800,4,3,12,Exposure_80,17,30.352,17,7.281,7.569,7.438,7.447
2017-06-19,20170619,1000,5,1,13,Exposure_80,17,30.285,17.3,7.71,7.998,7.867,7.876
2017-06-19,20170619,1000,5,2,14,Exposure_80,17,30.252,17.3,7.693,7.98,7.85,7.858
2017-06-19,20170619,1000,5,3,15,Exposure_80,17,30.252,17.3,7.71,7.997,7.867,7.875
2017-06-19,20170619,2800,6,1,16,Exposure_80,17,30.252,16.9,7.349,7.637,7.506,7.515
2017-06-19,20170619,2800,6,2,17,Exposure_80,17,30.252,16.9,7.355,7.642,7.512,7.521
2017-06-19,20170619,2800,6,3,18,Exposure_80,17,30.285,16.9,7.326,7.614,7.483,7.492
2017-06-21,20170621,550,1,1,1,Exposure_80,17,31.051,15.8,7.935,8.23,8.1,8.109
2017-06-21,20170621,550,1,2,2,Exposure_80,17,31.084,15.7,7.924,8.219,8.089,8.097
2017-06-21,20170621,550,1,3,3,Exposure_80,17,31.15,15.8,7.924,8.22,8.089,8.098
2017-06-21,20170621,550,2,1,4,Exposure_80,17,31.051,15.5,7.947,8.242,8.111,8.12
2017-06-21,20170621,550,2,2,5,Exposure_80,17,30.984,15.5,7.93,8.224,8.093,8.102
2017-06-21,20170621,550,2,3,6,Exposure_80,17,31.084,15.5,7.941,8.236,8.106,8.115
2017-06-21,20170621,1000,3,1,7,Exposure_80,17,31.051,16.7,7.667,7.962,7.832,7.84
2017-06-21,20170621,1000,3,2,8,Exposure_80,17,31.051,16.7,7.662,7.956,7.826,7.835
2017-06-21,20170621,1000,3,3,9,Exposure_80,17,31.051,16.7,7.667,7.962,7.832,7.84
2017-06-21,20170621,2800,4,1,10,Exposure_80,17,31.051,17.1,7.279,7.574,7.444,7.453
2017-06-21,20170621,2800,4,2,11,Exposure_80,17,31.051,17.1,7.279,7.574,7.444,7.453
2017-06-21,20170621,2800,4,3,12,Exposure_80,17,31.051,17.1,7.245,7.54,7.41,7.418
2017-06-21,20170621,1000,5,1,13,Exposure_80,17,31.051,16.5,7.684,7.979,7.849,7.858
2017-06-21,20170621,1000,5,2,14,Exposure_80,17,31.051,16.5,7.684,7.979,7.849,7.858
2017-06-21,20170621,1000,5,3,15,Exposure_80,17,31.051,16.5,7.667,7.962,7.832,7.84
2017-06-21,20170621,2800,6,1,16,Exposure_80,17,31.051,17.1,7.325,7.62,7.489,7.498
2017-06-21,20170621,2800,6,2,17,Exposure_80,17,31.051,17.1,7.342,7.637,7.507,7.515
2017-06-21,20170621,2800,6,3,18,Exposure_80,17,31.051,17.2,7.325,7.62,7.489,7.498
2017-06-23,20170623,550,1,1,1,Exposure_80,17,30.982,17.1,7.934,8.228,8.097,8.106
2017-06-23,20170623,550,1,2,2,Exposure_80,17,31.082,17.1,7.911,8.206,8.076,8.084
2017-06-23,20170623,550,1,3,3,Exposure_80,17,31.082,17.1,7.939,8.234,8.104,8.113
2017-06-23,20170623,550,2,1,4,Exposure_80,17,31.082,16.9,7.939,8.234,8.104,8.113
2017-06-23,20170623,550,2,2,5,Exposure_80,17,31.082,16.9,7.945,8.24,8.11,8.118
2017-06-23,20170623,550,2,3,6,Exposure_80,17,31.082,16.9,7.945,8.24,8.11,8.118
2017-06-23,20170623,1000,3,1,7,Exposure_80,17,31.082,16.8,7.649,7.944,7.814,7.822
2017-06-23,20170623,1000,3,2,8,Exposure_80,17,30.982,16.8,7.66,7.955,7.824,7.833
2017-06-23,20170623,1000,3,3,9,Exposure_80,17,30.982,16.8,7.666,7.96,7.83,7.839
2017-06-23,20170623,2800,4,1,10,Exposure_80,17,31.082,16.5,7.256,7.551,7.421,7.43
2017-06-23,20170623,2800,4,2,11,Exposure_80,17,31.048,16.5,7.256,7.551,7.421,7.429
2017-06-23,20170623,2800,4,3,12,Exposure_80,17,31.082,16.5,7.25,7.546,7.415,7.424
2017-06-23,20170623,1000,5,1,13,Exposure_80,17,31.082,16.8,7.683,7.978,7.848,7.857
2017-06-23,20170623,1000,5,2,14,Exposure_80,17,31.148,16.8,7.683,7.979,7.848,7.857
2017-06-23,20170623,1000,5,3,15,Exposure_80,17,31.082,16.8,7.706,8.001,7.871,7.879
2017-06-23,20170623,2800,6,1,16,Exposure_80,17,31.082,16.7,7.285,7.58,7.449,7.458
2017-06-23,20170623,2800,6,2,17,Exposure_80,17,31.082,16.7,7.262,7.557,7.427,7.435
2017-06-23,20170623,2800,6,3,18,Exposure_80,17,31.082,16.7,7.273,7.568,7.438,7.447
2017-06-26,20170626,550,1,1,1,Exposure_80,17,31.146,17.5,7.959,8.255,8.124,8.133
2017-06-26,20170626,550,1,2,2,Exposure_80,17,31.246,17.5,7.976,8.273,8.142,8.151
2017-06-26,20170626,550,1,3,3,Exposure_80,17,31.313,17.5,7.97,8.268,8.137,8.146
2017-06-26,20170626,550,2,1,4,Exposure_80,17,31.213,17.3,7.959,8.256,8.125,8.134
2017-06-26,20170626,550,2,2,5,Exposure_80,17,31.279,17.1,7.959,8.256,8.126,8.134
2017-06-26,20170626,550,2,3,6,Exposure_80,17,31.246,16.9,7.959,8.256,8.125,8.134
2017-06-26,20170626,1000,3,1,7,Exposure_80,17,31.179,17.2,7.691,7.988,7.857,7.866
2017-06-26,20170626,1000,3,2,8,Exposure_80,17,31.213,16.8,7.675,7.971,7.841,7.849
2017-06-26,20170626,1000,3,3,9,Exposure_80,17,31.279,16.9,7.669,7.966,7.836,7.844
2017-06-26,20170626,2800,4,1,10,Exposure_80,17,31.113,16.6,7.29,7.585,7.455,7.464
2017-06-26,20170626,2800,4,2,11,Exposure_80,17,31.279,16.6,7.323,7.62,7.49,7.499
2017-06-26,20170626,2800,4,3,12,Exposure_80,17,31.313,16.6,7.312,7.61,7.479,7.488
2017-06-26,20170626,1000,5,1,13,Exposure_80,17,31.213,16.8,7.725,8.021,7.891,7.9
2017-06-26,20170626,1000,5,2,14,Exposure_80,17,31.313,16.8,7.675,7.972,7.842,7.85
2017-06-26,20170626,1000,5,3,15,Exposure_80,17,31.313,16.8,7.708,8.006,7.875,7.884
2017-06-26,20170626,2800,6,1,16,Exposure_80,17,31.213,16.6,7.418,7.715,7.584,7.593
2017-06-26,20170626,2800,6,2,17,Exposure_80,17,31.313,16.6,7.452,7.749,7.619,7.627
2017-06-26,20170626,2800,6,3,18,Exposure_80,17,31.313,16.6,7.463,7.76,7.63,7.638
2017-06-28,20170628,550,1,1,1,Exposure_80,17,31.34,17.2,7.953,8.25,8.12,8.129
2017-06-28,20170628,550,1,2,2,Exposure_80,17,31.407,17.2,7.953,8.251,8.121,8.129
2017-06-28,20170628,550,1,3,3,Exposure_80,17,31.407,17.2,7.953,8.251,8.121,8.129
2017-06-28,20170628,550,2,1,4,Exposure_80,17,31.407,17.2,7.941,8.24,8.109,8.118
2017-06-28,20170628,550,2,2,5,Exposure_80,17,31.441,17.2,7.936,8.234,8.104,8.113
2017-06-28,20170628,550,2,3,6,Exposure_80,17,31.407,17.2,7.936,8.234,8.104,8.112
2017-06-28,20170628,1000,3,1,7,Exposure_80,17,31.407,16.8,7.675,7.973,7.843,7.851
2017-06-28,20170628,1000,3,2,8,Exposure_80,17,31.407,16.8,7.669,7.967,7.837,7.846
2017-06-28,20170628,1000,3,3,9,Exposure_80,17,31.407,16.8,7.664,7.962,7.831,7.84
2017-06-28,20170628,2800,4,1,10,Exposure_80,17,31.407,16.9,7.187,7.485,7.355,7.364
2017-06-28,20170628,2800,4,2,11,Exposure_80,17,31.441,16.8,7.187,7.486,7.355,7.364
2017-06-28,20170628,2800,4,3,12,Exposure_80,17,31.407,16.8,7.181,7.48,7.349,7.358
2017-06-28,20170628,1000,5,1,13,Exposure_80,17,31.441,17,7.686,7.985,7.854,7.863
2017-06-28,20170628,1000,5,2,14,Exposure_80,17,31.474,17,7.681,7.979,7.849,7.858
2017-06-28,20170628,1000,5,3,15,Exposure_80,17,31.474,17,7.698,7.996,7.866,7.875
2017-06-28,20170628,2800,6,1,16,Exposure_80,17,31.407,16.6,7.221,7.519,7.389,7.398
2017-06-28,20170628,2800,6,2,17,Exposure_80,17,31.407,16.6,7.17,7.468,7.338,7.347
2017-06-28,20170628,2800,6,3,18,Exposure_80,17,31.441,16.6,7.187,7.486,7.355,7.364
2017-06-30,20170630,550,1,1,1,Exposure_80,17,31.246,17.4,7.951,8.247,8.117,8.126
2017-06-30,20170630,550,1,2,2,Exposure_80,17,31.38,17.4,7.945,8.243,8.112,8.121
2017-06-30,20170630,550,1,3,3,Exposure_80,17,31.313,17.4,7.945,8.242,8.112,8.121
2017-06-30,20170630,550,2,1,4,Exposure_80,17,31.346,17,7.945,8.243,8.112,8.121
2017-06-30,20170630,550,2,2,5,Exposure_80,17,31.313,17.1,7.934,8.231,8.1,8.109
2017-06-30,20170630,550,2,3,6,Exposure_80,17,31.313,17.1,7.934,8.231,8.1,8.109
2017-06-30,20170630,1000,3,1,7,Exposure_80,17,31.313,18.3,7.683,7.981,7.85,7.859
2017-06-30,20170630,1000,3,2,8,Exposure_80,17,31.346,18.3,7.677,7.975,7.845,7.853
2017-06-30,20170630,1000,3,3,9,Exposure_80,17,31.313,18.5,7.672,7.969,7.839,7.847
2017-06-30,20170630,2800,4,1,10,Exposure_80,17,31.313,17.4,7.211,7.508,7.378,7.386
2017-06-30,20170630,2800,4,2,11,Exposure_80,17,31.313,17.4,7.182,7.48,7.349,7.358
2017-06-30,20170630,2800,4,3,12,Exposure_80,17,31.313,17.4,7.194,7.491,7.36,7.369
2017-06-30,20170630,1000,5,1,13,Exposure_80,17,31.313,17.5,7.672,7.969,7.839,7.847
2017-06-30,20170630,1000,5,2,14,Exposure_80,17,31.346,17.5,7.694,7.992,7.862,7.87
2017-06-30,20170630,1000,5,3,15,Exposure_80,17,31.313,17.5,7.694,7.992,7.861,7.87
2017-06-30,20170630,2800,6,1,16,Exposure_80,17,31.313,17.3,7.194,7.491,7.36,7.369
2017-06-30,20170630,2800,6,2,17,Exposure_80,17,31.346,17.3,7.199,7.497,7.366,7.375
2017-06-30,20170630,2800,6,3,18,Exposure_80,17,31.313,17.3,7.194,7.491,7.36,7.369
2017-07-03,20170703,550,1,1,1,Exposure_80,17,31.15,18,7.935,8.231,8.101,8.109
2017-07-03,20170703,550,1,2,2,Exposure_80,17,31.15,17.9,7.941,8.237,8.106,8.115
2017-07-03,20170703,550,1,3,3,Exposure_80,17,31.15,17.9,7.958,8.254,8.124,8.132
2017-07-03,20170703,550,2,1,4,Exposure_80,17,31.15,17.6,7.924,8.22,8.089,8.098
2017-07-03,20170703,550,2,2,5,Exposure_80,17,31.15,17.5,7.918,8.214,8.084,8.092
2017-07-03,20170703,550,2,3,6,Exposure_80,17,31.117,17.5,7.924,8.219,8.089,8.098
2017-07-03,20170703,1000,3,1,7,Exposure_80,17,31.15,17.4,7.667,7.963,7.833,7.841
2017-07-03,20170703,1000,3,2,8,Exposure_80,17,31.15,17.4,7.662,7.957,7.827,7.836
2017-07-03,20170703,1000,3,3,9,Exposure_80,17,31.15,17.4,7.662,7.957,7.827,7.836
2017-07-03,20170703,2800,4,1,10,Exposure_80,17,31.15,17.6,7.194,7.49,7.359,7.368
2017-07-03,20170703,2800,4,2,11,Exposure_80,17,31.15,17.6,7.2,7.495,7.365,7.374
2017-07-03,20170703,2800,4,3,12,Exposure_80,17,31.15,17.5,7.183,7.478,7.348,7.357
2017-07-03,20170703,1000,5,1,13,Exposure_80,17,31.15,17.8,7.662,7.957,7.827,7.836
2017-07-03,20170703,1000,5,2,14,Exposure_80,17,31.15,17.8,7.679,7.975,7.844,7.853
2017-07-03,20170703,1000,5,3,15,Exposure_80,17,31.15,17.7,7.662,7.957,7.827,7.836
2017-07-03,20170703,2800,6,1,16,Exposure_80,17,31.15,17.9,7.16,7.456,7.325,7.334
2017-07-03,20170703,2800,6,2,17,Exposure_80,17,31.15,17.8,7.148,7.444,7.314,7.322
2017-07-03,20170703,2800,6,3,18,Exposure_80,17,31.15,17.8,7.148,7.444,7.314,7.322
2017-07-05,20170705,550,1,1,1,Exposure_80,17,31.213,17.3,7.826,8.122,7.992,8.001
2017-07-05,20170705,550,1,2,2,Exposure_80,17,31.213,17.3,7.832,8.128,7.998,8.006
2017-07-05,20170705,550,1,3,3,Exposure_80,17,31.213,17.3,7.826,8.122,7.992,8.001
2017-07-05,20170705,550,2,1,4,Exposure_80,17,31.213,17.5,7.815,8.111,7.98,7.989
2017-07-05,20170705,550,2,2,5,Exposure_80,17,31.213,17.5,7.809,8.105,7.975,7.983
2017-07-05,20170705,550,2,3,6,Exposure_80,17,31.213,17.5,7.809,8.105,7.975,7.983
2017-07-05,20170705,1000,3,1,7,Exposure_80,17,31.213,17.5,7.516,7.813,7.682,7.691
2017-07-05,20170705,1000,3,2,8,Exposure_80,17,31.213,17.5,7.522,7.818,7.688,7.697
2017-07-05,20170705,1000,3,3,9,Exposure_80,17,31.213,17.5,7.533,7.83,7.699,7.708
2017-07-05,20170705,2800,4,1,10,Exposure_80,17,31.213,17.6,7.052,7.348,7.218,7.226
2017-07-05,20170705,2800,4,2,11,Exposure_80,17,31.213,17.5,7.052,7.348,7.218,7.226
2017-07-05,20170705,2800,4,3,12,Exposure_80,17,31.213,17.5,7.034,7.331,7.2,7.209
2017-07-05,20170705,1000,5,1,13,Exposure_80,17,31.213,17.5,7.551,7.847,7.717,7.725
2017-07-05,20170705,1000,5,2,14,Exposure_80,17,31.213,17.5,7.551,7.847,7.717,7.725
2017-07-05,20170705,1000,5,3,15,Exposure_80,17,31.213,17.5,7.551,7.847,7.717,7.725
2017-07-05,20170705,2800,6,1,16,Exposure_80,17,31.213,17.4,7.052,7.348,7.218,7.226
2017-07-05,20170705,2800,6,2,17,Exposure_80,17,31.213,17.4,7.052,7.348,7.218,7.226
2017-07-05,20170705,2800,6,3,18,Exposure_80,17,31.213,17.4,7.052,7.348,7.218,7.226
2017-07-07,20170707,550,1,1,1,Exposure_80,17,31.244,17.2,7.814,8.11,7.98,7.989
2017-07-07,20170707,550,1,2,2,Exposure_80,17,31.244,17.2,7.814,8.11,7.98,7.989
2017-07-07,20170707,550,1,3,3,Exposure_80,17,31.244,17.2,7.802,8.099,7.969,7.977
2017-07-07,20170707,550,2,1,4,Exposure_80,17,31.244,18,7.814,8.11,7.98,7.989
2017-07-07,20170707,550,2,2,5,Exposure_80,17,31.244,18,7.814,8.11,7.98,7.989
2017-07-07,20170707,550,2,3,6,Exposure_80,17,31.244,18,7.814,8.11,7.98,7.989
2017-07-07,20170707,1000,3,1,7,Exposure_80,17,31.211,18,7.525,7.822,7.691,7.7
2017-07-07,20170707,1000,3,2,8,Exposure_80,17,31.244,18.1,7.508,7.805,7.675,7.683
2017-07-07,20170707,1000,3,3,9,Exposure_80,17,31.244,18,7.508,7.805,7.675,7.683
2017-07-07,20170707,2800,4,1,10,Exposure_80,17,31.244,17.2,7.034,7.331,7.2,7.209
2017-07-07,20170707,2800,4,2,11,Exposure_80,17,31.244,17.1,7.051,7.348,7.217,7.226
2017-07-07,20170707,2800,4,3,12,Exposure_80,17,31.244,17.1,7.034,7.331,7.2,7.209
2017-07-07,20170707,1000,5,1,13,Exposure_80,17,31.244,16.9,7.531,7.828,7.697,7.706
2017-07-07,20170707,1000,5,2,14,Exposure_80,17,31.244,16.8,7.525,7.822,7.692,7.7
2017-07-07,20170707,1000,5,3,15,Exposure_80,17,31.244,16.8,7.525,7.822,7.692,7.7
2017-07-07,20170707,2800,6,1,16,Exposure_80,17,31.144,17,7.051,7.347,7.216,7.225
2017-07-07,20170707,2800,6,2,17,Exposure_80,17,31.244,17,7.051,7.348,7.217,7.226
2017-07-07,20170707,2800,6,3,18,Exposure_80,17,31.244,17,7.034,7.331,7.2,7.209
2017-07-10,20170710,550,1,1,1,Exposure_80,17,31.082,16.8,7.814,8.109,7.978,7.987
2017-07-10,20170710,550,1,2,2,Exposure_80,17,31.082,16.8,7.814,8.109,7.978,7.987
2017-07-10,20170710,550,1,3,3,Exposure_80,17,31.082,16.8,7.814,8.109,7.978,7.987
2017-07-10,20170710,550,2,1,4,Exposure_80,17,31.182,17.8,7.797,8.093,7.962,7.971
2017-07-10,20170710,550,2,2,5,Exposure_80,17,31.182,17.8,7.797,8.093,7.962,7.971
2017-07-10,20170710,550,2,3,6,Exposure_80,17,31.082,17.8,7.797,8.092,7.961,7.97
2017-07-10,20170710,1000,3,1,7,Exposure_80,17,31.082,16.7,7.508,7.804,7.673,7.682
2017-07-10,20170710,1000,3,2,8,Exposure_80,17,31.082,16.8,7.492,7.787,7.656,7.665
2017-07-10,20170710,1000,3,3,9,Exposure_80,17,31.082,16.8,7.508,7.804,7.673,7.682
2017-07-10,20170710,2800,4,1,10,Exposure_80,17,31.082,16.5,7.034,7.329,7.199,7.207
2017-07-10,20170710,2800,4,2,11,Exposure_80,17,31.082,16.5,7.034,7.329,7.199,7.207
2017-07-10,20170710,2800,4,3,12,Exposure_80,17,31.082,16,7.034,7.329,7.199,7.207
2017-07-10,20170710,1000,5,1,13,Exposure_80,17,31.082,16.5,7.514,7.809,7.679,7.688
2017-07-10,20170710,1000,5,2,14,Exposure_80,17,31.082,16.6,7.525,7.821,7.69,7.699
2017-07-10,20170710,1000,5,3,15,Exposure_80,17,31.082,16.6,7.525,7.821,7.69,7.699
2017-07-10,20170710,2800,6,1,16,Exposure_80,17,31.182,16.8,7,7.296,7.166,7.174
2017-07-10,20170710,2800,6,2,17,Exposure_80,17,31.182,16.8,7,7.296,7.166,7.174
2017-07-10,20170710,2800,6,3,18,Exposure_80,17,31.182,16.8,7.006,7.302,7.171,7.18
2017-07-12,20170712,550,1,1,1,Exposure_80,17,31.144,17.3,7.823,8.119,7.988,7.997
2017-07-12,20170712,550,1,2,2,Exposure_80,17,31.144,17.3,7.817,8.113,7.982,7.991
2017-07-12,20170712,550,1,3,3,Exposure_80,17,31.144,17.4,7.823,8.119,7.988,7.997
2017-07-12,20170712,550,2,1,4,Exposure_80,17,31.244,17,7.772,8.069,7.939,7.947
2017-07-12,20170712,550,2,2,5,Exposure_80,17,31.211,17,7.772,8.069,7.938,7.947
2017-07-12,20170712,550,2,3,6,Exposure_80,17,31.211,17,7.772,8.069,7.938,7.947
2017-07-12,20170712,1000,3,1,7,Exposure_80,17,31.144,17,7.504,7.8,7.669,7.678
2017-07-12,20170712,1000,3,2,8,Exposure_80,17,31.144,17.3,7.487,7.783,7.652,7.661
2017-07-12,20170712,1000,3,3,9,Exposure_80,17,31.244,17.2,7.504,7.8,7.67,7.679
2017-07-12,20170712,2800,4,1,10,Exposure_80,17,31.144,17.6,7.039,7.335,7.204,7.213
2017-07-12,20170712,2800,4,2,11,Exposure_80,17,31.144,17.7,7.034,7.329,7.199,7.208
2017-07-12,20170712,2800,4,3,12,Exposure_80,17,31.144,17.6,7.05,7.346,7.216,7.224
2017-07-12,20170712,1000,5,1,13,Exposure_80,17,31.177,17,7.504,7.8,7.669,7.678
2017-07-12,20170712,1000,5,2,14,Exposure_80,17,31.244,16.9,7.509,7.806,7.676,7.684
2017-07-12,20170712,1000,5,3,15,Exposure_80,17,31.244,16.9,7.498,7.795,7.664,7.673
2017-07-12,20170712,2800,6,1,16,Exposure_80,17,31.244,18.1,6.983,7.28,7.149,7.158
2017-07-12,20170712,2800,6,2,17,Exposure_80,17,31.244,18,6.994,7.291,7.161,7.169
2017-07-12,20170712,2800,6,3,18,Exposure_80,17,31.244,18.1,6.983,7.28,7.149,7.158
2017-07-14,20170714,550,1,1,1,Exposure_80,17,30.944,18,7.807,8.101,7.971,7.98
2017-07-14,20170714,550,1,2,2,Exposure_80,17,30.944,18,7.83,8.124,7.993,8.002
2017-07-14,20170714,550,1,3,3,Exposure_80,17,30.944,18,7.83,8.124,7.993,8.002
2017-07-14,20170714,550,2,1,4,Exposure_80,17,30.944,18.7,7.802,8.096,7.965,7.974
2017-07-14,20170714,550,2,2,5,Exposure_80,17,30.944,18.7,7.807,8.101,7.971,7.98
2017-07-14,20170714,550,2,3,6,Exposure_80,17,30.944,18.7,7.813,8.107,7.976,7.985
2017-07-14,20170714,1000,3,1,7,Exposure_80,17,30.877,18.2,7.533,7.826,7.695,7.704
2017-07-14,20170714,1000,3,2,8,Exposure_80,17,30.944,18.2,7.538,7.832,7.702,7.71
2017-07-14,20170714,1000,3,3,9,Exposure_80,17,30.843,18.2,7.538,7.831,7.701,7.709
2017-07-14,20170714,2800,4,1,10,Exposure_80,17,30.843,19.1,7.067,7.36,7.23,7.238
2017-07-14,20170714,2800,4,2,11,Exposure_80,17,30.877,19.1,7.073,7.366,7.236,7.244
2017-07-14,20170714,2800,4,3,12,Exposure_80,17,30.843,19.1,7.084,7.377,7.247,7.255
2017-07-14,20170714,1000,5,1,13,Exposure_80,17,30.877,19.1,7.561,7.854,7.724,7.732
2017-07-14,20170714,1000,5,2,14,Exposure_80,17,30.877,19.1,7.555,7.848,7.718,7.727
2017-07-14,20170714,1000,5,3,15,Exposure_80,17,30.91,19.1,7.572,7.866,7.735,7.744
2017-07-14,20170714,2800,6,1,16,Exposure_80,17,30.877,19,7.05,7.344,7.213,7.222
2017-07-14,20170714,2800,6,2,17,Exposure_80,17,30.944,19,7.062,7.356,7.225,7.234
2017-07-14,20170714,2800,6,3,18,Exposure_80,17,30.843,19,7.062,7.355,7.224,7.233
2017-07-17,20170717,550,1,1,1,Exposure_80,17,30.042,18.5,7.935,8.22,8.09,8.099
2017-07-17,20170717,550,1,2,2,Exposure_80,17,30.076,18.5,7.952,8.237,8.107,8.116
2017-07-17,20170717,550,1,3,3,Exposure_80,17,30.042,18.5,7.935,8.22,8.09,8.099
2017-07-17,20170717,550,2,1,4,Exposure_80,17,30.843,18.5,7.902,8.195,8.064,8.073
2017-07-17,20170717,550,2,2,5,Exposure_80,17,30.843,18.5,7.902,8.195,8.064,8.073
2017-07-17,20170717,550,2,3,6,Exposure_80,17,30.643,18.6,7.902,8.193,8.062,8.071
2017-07-17,20170717,1000,3,1,7,Exposure_80,17,30.91,19.1,7.651,7.945,7.814,7.823
2017-07-17,20170717,1000,3,2,8,Exposure_80,17,30.843,19.1,7.64,7.933,7.803,7.811
2017-07-17,20170717,1000,3,3,9,Exposure_80,17,30.877,19.1,7.629,7.922,7.792,7.8
2017-07-17,20170717,2800,4,1,10,Exposure_80,17,30.843,18.3,7.2,7.493,7.363,7.372
2017-07-17,20170717,2800,4,2,11,Exposure_80,17,30.843,18.3,7.167,7.46,7.329,7.338
2017-07-17,20170717,2800,4,3,12,Exposure_80,17,30.843,18.4,7.167,7.46,7.329,7.338
2017-07-17,20170717,1000,5,1,13,Exposure_80,17,30.843,18.4,7.635,7.927,7.797,7.806
2017-07-17,20170717,1000,5,2,14,Exposure_80,17,30.944,18.4,7.651,7.945,7.815,7.823
2017-07-17,20170717,1000,5,3,15,Exposure_80,17,30.81,18.4,7.635,7.927,7.797,7.805
2017-07-17,20170717,2800,6,1,16,Exposure_80,17,30.843,19.1,7.184,7.477,7.346,7.355
2017-07-17,20170717,2800,6,2,17,Exposure_80,17,30.843,19.1,7.184,7.477,7.346,7.355
2017-07-17,20170717,2800,6,3,18,Exposure_80,17,30.81,19.1,7.161,7.454,7.324,7.332
2017-07-19,20170719,550,1,1,1,Exposure_80,17,31.03,18.3,7.795,8.09,7.959,7.968
2017-07-19,20170719,550,1,2,2,Exposure_80,17,31.097,18.2,7.812,8.107,7.977,7.986
2017-07-19,20170719,550,1,3,3,Exposure_80,17,31.03,18.3,7.795,8.09,7.959,7.968
2017-07-19,20170719,550,2,1,4,Exposure_80,17,31.131,18.5,7.795,8.091,7.96,7.969
2017-07-19,20170719,550,2,2,5,Exposure_80,17,31.131,18.5,7.795,8.091,7.96,7.969
2017-07-19,20170719,550,2,3,6,Exposure_80,17,31.131,18.5,7.795,8.091,7.96,7.969
2017-07-19,20170719,1000,3,1,7,Exposure_80,17,31.03,18.3,7.491,7.785,7.655,7.664
2017-07-19,20170719,1000,3,2,8,Exposure_80,17,31.03,18.3,7.491,7.785,7.655,7.664
2017-07-19,20170719,1000,3,3,9,Exposure_80,17,31.03,18.3,7.491,7.785,7.655,7.664
2017-07-19,20170719,2800,4,1,10,Exposure_80,17,31.03,18.9,7,7.295,7.164,7.173
2017-07-19,20170719,2800,4,2,11,Exposure_80,17,31.03,18.9,7.006,7.3,7.17,7.179
2017-07-19,20170719,2800,4,3,12,Exposure_80,17,31.03,18.9,7,7.295,7.164,7.173
2017-07-19,20170719,1000,5,1,13,Exposure_80,17,31.131,18.8,7.508,7.803,7.673,7.681
2017-07-19,20170719,1000,5,2,14,Exposure_80,17,31.131,18.8,7.513,7.809,7.678,7.687
2017-07-19,20170719,1000,5,3,15,Exposure_80,17,31.131,18.8,7.508,7.803,7.673,7.681
2017-07-19,20170719,2800,6,1,16,Exposure_80,17,31.131,19.1,7,7.296,7.165,7.174
2017-07-19,20170719,2800,6,2,17,Exposure_80,17,31.131,19.1,7,7.296,7.165,7.174
2017-07-19,20170719,2800,6,3,18,Exposure_80,17,31.131,19.1,7,7.296,7.165,7.174
2017-07-21,20170721,550,1,1,1,Exposure_80,18.5,31.044,18.5,7.792,8.087,7.953,7.962
2017-07-21,20170721,550,1,2,2,Exposure_80,18.5,31.044,18.5,7.792,8.087,7.953,7.962
2017-07-21,20170721,550,1,3,3,Exposure_80,18.5,31.044,18.5,7.798,8.093,7.959,7.968
2017-07-21,20170721,550,2,1,4,Exposure_80,18.5,30.843,18.3,7.792,8.085,7.951,7.96
2017-07-21,20170721,550,2,2,5,Exposure_80,18.5,30.81,18.3,7.792,8.085,7.951,7.96
2017-07-21,20170721,550,2,3,6,Exposure_80,18.5,30.843,18.3,7.792,8.085,7.951,7.96
2017-07-21,20170721,1000,3,1,7,Exposure_80,18.5,31.044,18.8,7.522,7.817,7.684,7.693
2017-07-21,20170721,1000,3,2,8,Exposure_80,18.5,31.044,18.8,7.522,7.817,7.684,7.693
2017-07-21,20170721,1000,3,3,9,Exposure_80,18.5,31.044,18.8,7.522,7.817,7.684,7.693
2017-07-21,20170721,2800,4,1,10,Exposure_80,18.5,31.044,19,7.056,7.351,7.217,7.226
2017-07-21,20170721,2800,4,2,11,Exposure_80,18.5,31.044,19,7.051,7.346,7.212,7.221
2017-07-21,20170721,2800,4,3,12,Exposure_80,18.5,31.077,19,7.056,7.351,7.218,7.227
2017-07-21,20170721,1000,5,1,13,Exposure_80,18.5,31.044,19,7.573,7.868,7.734,7.743
2017-07-21,20170721,1000,5,2,14,Exposure_80,18.5,31.044,18.9,7.556,7.851,7.717,7.726
2017-07-21,20170721,1000,5,3,15,Exposure_80,18.5,31.044,18.9,7.556,7.851,7.717,7.726
2017-07-21,20170721,2800,6,1,16,Exposure_80,18.5,31.044,18.8,7.039,7.334,7.201,7.209
2017-07-21,20170721,2800,6,2,17,Exposure_80,18.5,31.044,18.8,7.051,7.346,7.212,7.221
2017-07-21,20170721,2800,6,3,18,Exposure_80,18.5,31.044,18.8,7.034,7.329,7.195,7.204
2017-07-24,20170724,550,1,1,1,Exposure_80,18.5,30.643,18.3,7.806,8.097,7.963,7.972
2017-07-24,20170724,550,1,2,2,Exposure_80,18.5,30.576,18.3,7.806,8.096,7.962,7.971
2017-07-24,20170724,550,1,3,3,Exposure_80,18.5,30.61,18.3,7.794,8.085,7.951,7.96
2017-07-24,20170724,550,2,1,4,Exposure_80,18.5,30.643,18,7.811,8.103,7.969,7.978
2017-07-24,20170724,550,2,2,5,Exposure_80,18.5,30.643,18,7.806,8.097,7.963,7.972
2017-07-24,20170724,550,2,3,6,Exposure_80,18.5,30.643,18,7.806,8.097,7.963,7.972
2017-07-24,20170724,1000,3,1,7,Exposure_80,18.5,30.677,18,7.514,7.806,7.672,7.681
2017-07-24,20170724,1000,3,2,8,Exposure_80,18.5,30.743,18,7.52,7.812,7.678,7.687
2017-07-24,20170724,1000,3,3,9,Exposure_80,18.5,30.743,18.1,7.514,7.806,7.673,7.682
2017-07-24,20170724,2800,4,1,10,Exposure_80,18.5,30.643,18.9,7.051,7.343,7.209,7.218
2017-07-24,20170724,2800,4,2,11,Exposure_80,18.5,30.643,19,7.034,7.325,7.192,7.201
2017-07-24,20170724,2800,4,3,12,Exposure_80,18.5,30.543,19,7.04,7.33,7.196,7.205
2017-07-24,20170724,1000,5,1,13,Exposure_80,18.5,30.543,18.9,7.549,7.839,7.705,7.714
2017-07-24,20170724,1000,5,2,14,Exposure_80,18.5,30.543,18.8,7.531,7.822,7.688,7.697
2017-07-24,20170724,1000,5,3,15,Exposure_80,18.5,30.543,18.9,7.531,7.822,7.688,7.697
2017-07-24,20170724,2800,6,1,16,Exposure_80,18.5,30.743,19.1,7,7.292,7.158,7.167
2017-07-24,20170724,2800,6,2,17,Exposure_80,18.5,30.743,19.1,7.011,7.304,7.17,7.179
2017-07-24,20170724,2800,6,3,18,Exposure_80,18.5,30.643,19.1,7,7.291,7.157,7.166
2017-07-26,20170726,550,1,1,1,Exposure_80,18.5,30.843,18.9,7.872,8.165,8.031,8.04
2017-07-26,20170726,550,1,2,2,Exposure_80,18.5,30.843,19,7.877,8.17,8.036,8.045
2017-07-26,20170726,550,1,3,3,Exposure_80,18.5,30.843,19,7.872,8.165,8.031,8.04
2017-07-26,20170726,550,2,1,4,Exposure_80,18.5,29.141,18.6,7.855,8.132,7.998,8.007
2017-07-26,20170726,550,2,2,5,Exposure_80,18.5,29.041,18.6,7.855,8.131,7.997,8.006
2017-07-26,20170726,550,2,3,6,Exposure_80,18.5,29.041,18.6,7.855,8.131,7.997,8.006
2017-07-26,20170726,1000,3,1,7,Exposure_80,18.5,29.809,19,7.603,7.887,7.753,7.762
2017-07-26,20170726,1000,3,2,8,Exposure_80,18.5,29.675,19.1,7.587,7.869,7.735,7.744
2017-07-26,20170726,1000,3,3,9,Exposure_80,18.5,29.842,19.1,7.587,7.87,7.736,7.745
2017-07-26,20170726,2800,4,1,10,Exposure_80,18.5,29.041,18.9,7.067,7.343,7.209,7.218
2017-07-26,20170726,2800,4,2,11,Exposure_80,18.5,29.041,18.9,7.05,7.326,7.192,7.201
2017-07-26,20170726,2800,4,3,12,Exposure_80,18.5,29.041,18.9,7.067,7.343,7.209,7.218
2017-07-26,20170726,1000,5,1,13,Exposure_80,18.5,30.843,19.5,7.654,7.947,7.813,7.822
2017-07-26,20170726,1000,5,2,14,Exposure_80,18.5,30.843,19.5,7.637,7.93,7.796,7.805
2017-07-26,20170726,1000,5,3,15,Exposure_80,18.5,30.843,19.5,7.654,7.947,7.813,7.822
2017-07-26,20170726,2800,6,1,16,Exposure_80,18.5,30.877,19.5,7.084,7.377,7.243,7.252
2017-07-26,20170726,2800,6,2,17,Exposure_80,18.5,30.944,19.5,7.101,7.395,7.261,7.27
2017-07-26,20170726,2800,6,3,18,Exposure_80,18.5,30.944,19.5,7.05,7.344,7.211,7.219
2017-07-28,20170728,550,1,1,1,Exposure_80,18.5,28.482,19.6,7.851,8.122,7.988,7.997
2017-07-28,20170728,550,1,2,2,Exposure_80,18.5,28.248,19.6,7.806,8.074,7.94,7.949
2017-07-28,20170728,550,1,3,3,Exposure_80,18.5,28.382,19.6,7.851,8.121,7.987,7.996
2017-07-28,20170728,550,2,1,4,Exposure_80,18.5,30.886,19.5,7.909,8.202,8.068,8.077
2017-07-28,20170728,550,2,2,5,Exposure_80,18.5,30.819,19.5,7.903,8.196,8.062,8.071
2017-07-28,20170728,550,2,3,6,Exposure_80,18.5,30.853,19.5,7.891,8.185,8.051,8.06
2017-07-28,20170728,1000,3,1,7,Exposure_80,18.5,28.081,19.5,7.646,7.913,7.779,7.788
2017-07-28,20170728,1000,3,2,8,Exposure_80,18.5,28.248,19.5,7.617,7.886,7.752,7.761
2017-07-28,20170728,1000,3,3,9,Exposure_80,18.5,28.015,19.5,7.629,7.895,7.761,7.77
2017-07-28,20170728,2800,4,1,10,Exposure_80,18.5,30.953,19.5,7.206,7.5,7.366,7.375
2017-07-28,20170728,2800,4,2,11,Exposure_80,18.5,30.853,19.5,7.166,7.459,7.325,7.334
2017-07-28,20170728,2800,4,3,12,Exposure_80,18.5,30.986,19.5,7.189,7.483,7.349,7.358
2017-07-28,20170728,1000,5,1,13,Exposure_80,18.5,31.487,19.4,7.651,7.951,7.817,7.826
2017-07-28,20170728,1000,5,2,14,Exposure_80,18.5,31.454,19.4,7.634,7.933,7.799,7.808
2017-07-28,20170728,1000,5,3,15,Exposure_80,18.5,30.92,19.4,7.64,7.934,7.8,7.809
2017-07-28,20170728,2800,6,1,16,Exposure_80,18.5,31.053,19.4,7.16,7.455,7.321,7.33
2017-07-28,20170728,2800,6,2,17,Exposure_80,18.5,31.053,19.3,7.131,7.426,7.293,7.302
2017-07-28,20170728,2800,6,3,18,Exposure_80,18.5,31.086,19.3,7.149,7.444,7.31,7.319
2017-08-02,20170802,550,1,1,1,Exposure_80,19.5,30.611,19.5,7.746,8.045,7.909,7.918
2017-08-02,20170802,550,1,2,2,Exposure_80,19.5,30.611,19.5,7.746,8.045,7.909,7.918
2017-08-02,20170802,550,1,3,3,Exposure_80,19.5,30.511,19.5,7.763,8.061,7.925,7.934
2017-08-02,20170802,550,2,1,4,Exposure_80,19.5,30.511,19.4,7.746,8.044,7.908,7.917
2017-08-02,20170802,550,2,2,5,Exposure_80,19.5,30.511,19.4,7.746,8.044,7.908,7.917
2017-08-02,20170802,550,2,3,6,Exposure_80,19.5,30.511,19.4,7.746,8.044,7.908,7.917
2017-08-02,20170802,1000,3,1,7,Exposure_80,19.5,30.611,19.4,7.465,7.765,7.629,7.638
2017-08-02,20170802,1000,3,2,8,Exposure_80,19.5,30.611,19.4,7.477,7.776,7.64,7.649
2017-08-02,20170802,1000,3,3,9,Exposure_80,19.5,30.611,19.4,7.46,7.759,7.623,7.632
2017-08-02,20170802,2800,4,1,10,Exposure_80,19.5,30.611,19.8,7.073,7.372,7.236,7.245
2017-08-02,20170802,2800,4,2,11,Exposure_80,19.5,30.611,19.8,7.039,7.339,7.203,7.212
2017-08-02,20170802,2800,4,3,12,Exposure_80,19.5,30.611,19.8,7.056,7.356,7.22,7.229
2017-08-02,20170802,1000,5,1,13,Exposure_80,19.5,30.511,19.5,7.527,7.826,7.69,7.699
2017-08-02,20170802,1000,5,2,14,Exposure_80,19.5,30.611,19.5,7.544,7.843,7.708,7.717
2017-08-02,20170802,1000,5,3,15,Exposure_80,19.5,30.478,19.5,7.527,7.825,7.689,7.698
2017-08-02,20170802,2800,6,1,16,Exposure_80,19.5,30.511,19.5,7.056,7.355,7.219,7.228
2017-08-02,20170802,2800,6,2,17,Exposure_80,19.5,30.511,19.5,7.056,7.355,7.219,7.228
2017-08-02,20170802,2800,6,3,18,Exposure_80,19.5,30.611,19.5,7,7.3,7.164,7.173
2017-08-04,20170804,550,1,1,1,Exposure_80,19.5,30.796,19.5,7.779,8.08,7.944,7.953
2017-08-04,20170804,550,1,2,2,Exposure_80,19.5,30.796,19.5,7.779,8.08,7.944,7.953
2017-08-04,20170804,550,1,3,3,Exposure_80,19.5,30.796,19.5,7.779,8.08,7.944,7.953
2017-08-04,20170804,550,2,1,4,Exposure_80,19.5,30.863,19.5,7.796,8.098,7.962,7.971
2017-08-04,20170804,550,2,2,5,Exposure_80,19.5,30.796,19.5,7.796,8.097,7.962,7.971
2017-08-04,20170804,550,2,3,6,Exposure_80,19.5,30.662,19.5,7.785,8.085,7.949,7.958
2017-08-04,20170804,1000,3,1,7,Exposure_80,19.5,30.796,19.5,7.537,7.838,7.702,7.711
2017-08-04,20170804,1000,3,2,8,Exposure_80,19.5,30.595,19.5,7.519,7.819,7.683,7.692
2017-08-04,20170804,1000,3,3,9,Exposure_80,19.5,30.628,19.5,7.519,7.819,7.683,7.692
2017-08-04,20170804,2800,4,1,10,Exposure_80,19.5,30.83,19.6,7.104,7.405,7.27,7.279
2017-08-04,20170804,2800,4,2,11,Exposure_80,19.5,30.796,19.6,7.098,7.399,7.263,7.272
2017-08-04,20170804,2800,4,3,12,Exposure_80,19.5,30.964,19.6,7.104,7.407,7.271,7.28
2017-08-04,20170804,1000,5,1,13,Exposure_80,19.5,30.528,19.5,7.565,7.864,7.728,7.737
2017-08-04,20170804,1000,5,2,14,Exposure_80,19.5,30.595,19.5,7.548,7.847,7.712,7.72
2017-08-04,20170804,1000,5,3,15,Exposure_80,19.5,30.762,19.5,7.56,7.861,7.725,7.734
2017-08-04,20170804,2800,6,1,16,Exposure_80,19.5,30.897,19.5,6.988,7.291,7.155,7.164
2017-08-04,20170804,2800,6,2,17,Exposure_80,19.5,30.796,19.5,7.052,7.353,7.217,7.226
2017-08-04,20170804,2800,6,3,18,Exposure_80,19.5,30.796,19.5,7.006,7.307,7.171,7.18
2017-08-07,20170807,550,1,1,1,Exposure_80,19.5,30.99,18.9,7.684,7.988,7.852,7.861
2017-08-07,20170807,550,1,2,2,Exposure_80,19.5,30.99,18.9,7.684,7.988,7.852,7.861
2017-08-07,20170807,550,1,3,3,Exposure_80,19.5,30.99,18.9,7.684,7.988,7.852,7.861
2017-08-07,20170807,550,2,1,4,Exposure_80,19.5,31.091,18.3,7.702,8.006,7.87,7.879
2017-08-07,20170807,550,2,2,5,Exposure_80,19.5,30.99,18.3,7.702,8.005,7.869,7.878
2017-08-07,20170807,550,2,3,6,Exposure_80,19.5,30.99,18.3,7.702,8.005,7.869,7.878
2017-08-07,20170807,1000,3,1,7,Exposure_80,19.5,31.091,19.5,7.428,7.732,7.596,7.605
2017-08-07,20170807,1000,3,2,8,Exposure_80,19.5,31.091,19.5,7.462,7.766,7.63,7.639
2017-08-07,20170807,1000,3,3,9,Exposure_80,19.5,30.99,19.8,7.462,7.765,7.629,7.638
2017-08-07,20170807,2800,4,1,10,Exposure_80,19.5,30.788,18.8,7.017,7.318,7.182,7.191
2017-08-07,20170807,2800,4,2,11,Exposure_80,19.5,30.99,18.8,7.017,7.32,7.184,7.193
2017-08-07,20170807,2800,4,3,12,Exposure_80,19.5,30.889,18.8,7.017,7.319,7.183,7.192
2017-08-07,20170807,1000,5,1,13,Exposure_80,19.5,30.889,18.9,7.496,7.798,7.663,7.671
2017-08-07,20170807,1000,5,2,14,Exposure_80,19.5,30.889,18.9,7.479,7.781,7.645,7.654
2017-08-07,20170807,1000,5,3,15,Exposure_80,19.5,30.889,18.9,7.496,7.798,7.663,7.671
2017-08-07,20170807,2800,6,1,16,Exposure_80,19.5,30.99,18.4,6.966,7.269,7.133,7.142
2017-08-07,20170807,2800,6,2,17,Exposure_80,19.5,30.99,18.4,6.994,7.298,7.162,7.171
2017-08-07,20170807,2800,6,3,18,Exposure_80,19.5,30.99,18.4,6.966,7.269,7.133,7.142
2017-08-09,20170809,550,1,1,1,Exposure_80,19.5,30.83,18.9,7.723,8.024,7.888,7.897
2017-08-09,20170809,550,1,2,2,Exposure_80,19.5,30.931,18.9,7.723,8.025,7.889,7.898
2017-08-09,20170809,550,1,3,3,Exposure_80,19.5,30.83,18.9,7.728,8.03,7.894,7.903
2017-08-09,20170809,550,2,1,4,Exposure_80,19.5,31.133,18.6,7.74,8.045,7.909,7.918
2017-08-09,20170809,550,2,2,5,Exposure_80,19.5,31.133,18.6,7.728,8.033,7.897,7.906
2017-08-09,20170809,550,2,3,6,Exposure_80,19.5,31.133,18.6,7.74,8.045,7.909,7.918
2017-08-09,20170809,1000,3,1,7,Exposure_80,19.5,31.032,19.5,7.465,7.768,7.632,7.641
2017-08-09,20170809,1000,3,2,8,Exposure_80,19.5,31.032,19.5,7.476,7.78,7.644,7.653
2017-08-09,20170809,1000,3,3,9,Exposure_80,19.5,31.032,19.5,7.482,7.785,7.65,7.659
2017-08-09,20170809,2800,4,1,10,Exposure_80,19.5,31.032,19,6.966,7.269,7.133,7.142
2017-08-09,20170809,2800,4,2,11,Exposure_80,19.5,31.032,19,6.983,7.286,7.15,7.159
2017-08-09,20170809,2800,4,3,12,Exposure_80,19.5,31.032,19,6.983,7.286,7.15,7.159
2017-08-09,20170809,1000,5,1,13,Exposure_80,19.5,31.032,19.4,7.499,7.803,7.667,7.676
2017-08-09,20170809,1000,5,2,14,Exposure_80,19.5,31.032,19.4,7.499,7.803,7.667,7.676
2017-08-09,20170809,1000,5,3,15,Exposure_80,19.5,31.032,19.4,7.505,7.808,7.672,7.681
2017-08-09,20170809,2800,6,1,16,Exposure_80,19.5,31.066,18.8,7,7.304,7.168,7.177
2017-08-09,20170809,2800,6,2,17,Exposure_80,19.5,31.032,18.8,7,7.304,7.168,7.177
2017-08-09,20170809,2800,6,3,18,Exposure_80,19.5,31.032,18.8,7,7.304,7.168,7.177
2017-08-11,20170811,550,1,1,1,Exposure_80,19.5,30.918,19.8,7.787,8.089,7.953,7.962
2017-08-11,20170811,550,1,2,2,Exposure_80,19.5,30.918,19.7,7.803,8.106,7.97,7.979
2017-08-11,20170811,550,1,3,3,Exposure_80,19.5,31.018,19.8,7.803,8.107,7.971,7.98
2017-08-11,20170811,550,2,1,4,Exposure_80,19.5,30.918,19.6,7.82,8.122,7.986,7.995
2017-08-11,20170811,550,2,2,5,Exposure_80,19.5,31.018,19.6,7.82,8.123,7.987,7.996
2017-08-11,20170811,550,2,3,6,Exposure_80,19.5,30.918,19.6,7.803,8.106,7.97,7.979
2017-08-11,20170811,1000,3,1,7,Exposure_80,19.5,31.018,20,7.574,7.877,7.741,7.75
2017-08-11,20170811,1000,3,2,8,Exposure_80,19.5,31.018,20.1,7.541,7.844,7.709,7.718
2017-08-11,20170811,1000,3,3,9,Exposure_80,19.5,31.018,20,7.557,7.861,7.725,7.734
2017-08-11,20170811,2800,4,1,10,Exposure_80,19.5,31.018,19.4,7.115,7.418,7.282,7.291
2017-08-11,20170811,2800,4,2,11,Exposure_80,19.5,31.018,19.4,7.098,7.402,7.266,7.275
2017-08-11,20170811,2800,4,3,12,Exposure_80,19.5,31.018,19.4,7.115,7.418,7.282,7.291
2017-08-11,20170811,1000,5,1,13,Exposure_80,19.5,31.018,19.2,7.525,7.828,7.692,7.701
2017-08-11,20170811,1000,5,2,14,Exposure_80,19.5,31.018,19.2,7.525,7.828,7.692,7.701
2017-08-11,20170811,1000,5,3,15,Exposure_80,19.5,31.018,19.2,7.525,7.828,7.692,7.701
2017-08-11,20170811,2800,6,1,16,Exposure_80,19.5,31.018,19.5,7.087,7.391,7.255,7.264
2017-08-11,20170811,2800,6,2,17,Exposure_80,19.5,31.018,19.5,7.115,7.418,7.282,7.291
2017-08-11,20170811,2800,6,3,18,Exposure_80,19.5,31.018,19.5,7.082,7.385,7.249,7.258
2017-08-14,20170814,550,1,1,1,Exposure_80,19.5,30.586,19.4,7.743,8.042,7.906,7.915
2017-08-14,20170814,550,1,2,2,Exposure_80,19.5,30.586,19.4,7.754,8.053,7.918,7.927
2017-08-14,20170814,550,1,3,3,Exposure_80,19.5,30.586,19.3,7.743,8.042,7.906,7.915
2017-08-14,20170814,550,2,1,4,Exposure_80,19.5,30.788,19.5,7.76,8.061,7.925,7.934
2017-08-14,20170814,550,2,2,5,Exposure_80,19.5,30.788,19.5,7.743,8.044,7.908,7.917
2017-08-14,20170814,550,2,3,6,Exposure_80,19.5,30.788,19.5,7.76,8.061,7.925,7.934
2017-08-14,20170814,1000,3,1,7,Exposure_80,19.5,30.755,19.7,7.473,7.774,7.638,7.647
2017-08-14,20170814,1000,3,2,8,Exposure_80,19.5,30.788,19.7,7.473,7.774,7.638,7.647
2017-08-14,20170814,1000,3,3,9,Exposure_80,19.5,30.788,19.7,7.473,7.774,7.638,7.647
2017-08-14,20170814,2800,4,1,10,Exposure_80,19.5,30.586,19,7,7.299,7.163,7.172
2017-08-14,20170814,2800,4,2,11,Exposure_80,19.5,30.586,19,7,7.299,7.163,7.172
2017-08-14,20170814,2800,4,3,12,Exposure_80,19.5,30.586,19,7,7.299,7.163,7.172
2017-08-14,20170814,1000,5,1,13,Exposure_80,19.5,30.889,19.5,7.507,7.809,7.673,7.682
2017-08-14,20170814,1000,5,2,14,Exposure_80,19.5,30.889,19.5,7.523,7.826,7.69,7.699
2017-08-14,20170814,1000,5,3,15,Exposure_80,19.5,30.889,19.5,7.523,7.826,7.69,7.699
2017-08-14,20170814,2800,6,1,16,Exposure_80,19.5,30.889,19.7,6.983,7.285,7.149,7.158
2017-08-14,20170814,2800,6,2,17,Exposure_80,19.5,30.889,19.7,6.994,7.297,7.161,7.17
2017-08-14,20170814,2800,6,3,18,Exposure_80,19.5,30.889,19.6,6.983,7.285,7.149,7.158
2017-08-16,20170816,550,1,1,1,Exposure_80,19.5,32.207,19.2,7.789,8.104,7.968,7.977
2017-08-16,20170816,550,1,2,2,Exposure_80,19.5,32.207,19.2,7.806,8.121,7.985,7.994
2017-08-16,20170816,550,1,3,3,Exposure_80,19.5,32.207,19.2,7.789,8.104,7.968,7.977
2017-08-16,20170816,550,2,1,4,Exposure_80,19.5,32.311,19.5,7.823,8.139,8.003,8.012
2017-08-16,20170816,550,2,2,5,Exposure_80,19.5,32.311,19.5,7.823,8.139,8.003,8.012
2017-08-16,20170816,550,2,3,6,Exposure_80,19.5,32.311,19.5,7.823,8.139,8.003,8.012
2017-08-16,20170816,1000,3,1,7,Exposure_80,19.5,32.207,20,7.549,7.864,7.728,7.737
2017-08-16,20170816,1000,3,2,8,Exposure_80,19.5,32.207,20,7.566,7.881,7.745,7.754
2017-08-16,20170816,1000,3,3,9,Exposure_80,19.5,32.207,20,7.549,7.864,7.728,7.737
2017-08-16,20170816,2800,4,1,10,Exposure_80,19.5,32.207,18.9,7.063,7.378,7.242,7.251
2017-08-16,20170816,2800,4,2,11,Exposure_80,19.5,32.207,18.9,7.069,7.384,7.248,7.257
2017-08-16,20170816,2800,4,3,12,Exposure_80,19.5,32.207,18.9,7.069,7.384,7.248,7.257
2017-08-16,20170816,1000,5,1,13,Exposure_80,19.5,32.311,19.2,7.549,7.865,7.729,7.738
2017-08-16,20170816,1000,5,2,14,Exposure_80,19.5,32.311,19.2,7.531,7.848,7.712,7.721
2017-08-16,20170816,1000,5,3,15,Exposure_80,19.5,32.311,19.2,7.566,7.882,7.746,7.755
2017-08-16,20170816,2800,6,1,16,Exposure_80,19.5,32.311,19.1,7.051,7.368,7.232,7.241
2017-08-16,20170816,2800,6,2,17,Exposure_80,19.5,32.311,19.2,7.069,7.385,7.249,7.258
2017-08-16,20170816,2800,6,3,18,Exposure_80,19.5,32.311,19.2,7.04,7.356,7.22,7.229
2017-08-18,20170818,550,1,1,1,Exposure_80,19.5,31.105,19.5,7.802,8.107,7.971,7.98
2017-08-18,20170818,550,1,2,2,Exposure_80,19.5,31.105,19.5,7.802,8.107,7.971,7.98
2017-08-18,20170818,550,1,3,3,Exposure_80,19.5,31.105,19.5,7.802,8.107,7.971,7.98
2017-08-18,20170818,550,2,1,4,Exposure_80,19.5,31.004,19.3,7.814,8.117,7.981,7.99
2017-08-18,20170818,550,2,2,5,Exposure_80,19.5,31.004,19.3,7.814,8.117,7.981,7.99
2017-08-18,20170818,550,2,3,6,Exposure_80,19.5,31.004,19.3,7.814,8.117,7.981,7.99
2017-08-18,20170818,1000,3,1,7,Exposure_80,19.5,30.904,19.8,7.571,7.873,7.737,7.746
2017-08-18,20170818,1000,3,2,8,Exposure_80,19.5,30.904,19.8,7.571,7.873,7.737,7.746
2017-08-18,20170818,1000,3,3,9,Exposure_80,19.5,30.904,19.8,7.571,7.873,7.737,7.746
2017-08-18,20170818,2800,4,1,10,Exposure_80,19.5,31.004,18.9,7.085,7.388,7.252,7.261
2017-08-18,20170818,2800,4,2,11,Exposure_80,19.5,31.004,18.9,7.085,7.388,7.252,7.261
2017-08-18,20170818,2800,4,3,12,Exposure_80,19.5,31.004,18.9,7.079,7.382,7.246,7.255
2017-08-18,20170818,1000,5,1,13,Exposure_80,19.5,30.904,18.9,7.582,7.884,7.748,7.757
2017-08-18,20170818,1000,5,2,14,Exposure_80,19.5,30.904,18.9,7.576,7.879,7.743,7.752
2017-08-18,20170818,1000,5,3,15,Exposure_80,19.5,30.904,18.9,7.576,7.879,7.743,7.752
2017-08-18,20170818,2800,6,1,16,Exposure_80,19.5,30.804,19.5,7.079,7.38,7.245,7.254
2017-08-18,20170818,2800,6,2,17,Exposure_80,19.5,30.804,19.5,7.085,7.386,7.25,7.259
2017-08-18,20170818,2800,6,3,18,Exposure_80,19.5,30.804,19.5,7.085,7.386,7.25,7.259
2017-08-21,20170821,550,1,1,1,Exposure_80,19.5,31.228,19.5,7.814,8.12,7.984,7.993
2017-08-21,20170821,550,1,2,2,Exposure_80,19.5,31.228,19.5,7.836,8.142,8.006,8.015
2017-08-21,20170821,550,1,3,3,Exposure_80,19.5,31.228,19.5,7.825,8.131,7.995,8.004
2017-08-21,20170821,550,2,1,4,Exposure_80,19.5,31.228,19.4,7.836,8.142,8.006,8.015
2017-08-21,20170821,550,2,2,5,Exposure_80,19.5,31.228,19.4,7.842,8.148,8.012,8.021
2017-08-21,20170821,550,2,3,6,Exposure_80,19.5,31.228,19.4,7.836,8.142,8.006,8.015
2017-08-21,20170821,1000,3,1,7,Exposure_80,19.5,31.228,19.4,7.552,7.858,7.722,7.731
2017-08-21,20170821,1000,3,2,8,Exposure_80,19.5,31.228,19.4,7.569,7.874,7.738,7.747
2017-08-21,20170821,1000,3,3,9,Exposure_80,19.5,31.228,19.4,7.569,7.874,7.738,7.747
2017-08-21,20170821,2800,4,1,10,Exposure_80,19.5,31.262,18.9,7.061,7.367,7.231,7.24
2017-08-21,20170821,2800,4,2,11,Exposure_80,19.5,31.228,18.9,7.067,7.372,7.236,7.245
2017-08-21,20170821,2800,4,3,12,Exposure_80,19.5,31.228,18.9,7.061,7.367,7.231,7.24
2017-08-21,20170821,1000,5,1,13,Exposure_80,19.5,31.228,18.9,7.569,7.874,7.738,7.747
2017-08-21,20170821,1000,5,2,14,Exposure_80,19.5,31.228,19,7.563,7.869,7.733,7.742
2017-08-21,20170821,1000,5,3,15,Exposure_80,19.5,31.228,18.9,7.569,7.874,7.738,7.747
2017-08-21,20170821,2800,6,1,16,Exposure_80,19.5,31.228,19.3,7.067,7.372,7.236,7.245
2017-08-21,20170821,2800,6,2,17,Exposure_80,19.5,31.228,19.3,7.067,7.372,7.236,7.245
2017-08-21,20170821,2800,6,3,18,Exposure_80,19.5,31.228,19.3,7.067,7.372,7.236,7.245
2017-08-23,20170823,550,1,1,1,Exposure_80,19.5,31.495,19.2,7.688,7.997,7.861,7.87
2017-08-23,20170823,550,1,2,2,Exposure_80,19.5,31.495,19.2,7.688,7.997,7.861,7.87
2017-08-23,20170823,550,1,3,3,Exposure_80,19.5,31.495,19.2,7.688,7.997,7.861,7.87
2017-08-23,20170823,550,2,1,4,Exposure_80,19.5,31.596,19,7.705,8.014,7.878,7.887
2017-08-23,20170823,550,2,2,5,Exposure_80,19.5,31.596,19,7.705,8.014,7.878,7.887
2017-08-23,20170823,550,2,3,6,Exposure_80,19.5,31.562,19,7.705,8.014,7.878,7.887
2017-08-23,20170823,1000,3,1,7,Exposure_80,19.5,31.596,19.9,7.448,7.757,7.621,7.63
2017-08-23,20170823,1000,3,2,8,Exposure_80,19.5,31.596,19.9,7.453,7.762,7.627,7.636
2017-08-23,20170823,1000,3,3,9,Exposure_80,19.5,31.562,19.9,7.448,7.757,7.621,7.63
2017-08-23,20170823,2800,4,1,10,Exposure_80,19.5,31.495,19.8,6.989,7.297,7.161,7.17
2017-08-23,20170823,2800,4,2,11,Exposure_80,19.5,31.495,19.8,6.966,7.275,7.139,7.148
2017-08-23,20170823,2800,4,3,12,Exposure_80,19.5,31.495,19.8,7,7.308,7.172,7.181
2017-08-23,20170823,1000,5,1,13,Exposure_80,19.5,31.495,19.5,7.47,7.778,7.642,7.651
2017-08-23,20170823,1000,5,2,14,Exposure_80,19.5,31.495,19.5,7.47,7.778,7.642,7.651
2017-08-23,20170823,1000,5,3,15,Exposure_80,19.5,31.495,19.5,7.47,7.778,7.642,7.651
2017-08-23,20170823,2800,6,1,16,Exposure_80,19.5,31.495,19.5,6.966,7.275,7.139,7.148
2017-08-23,20170823,2800,6,2,17,Exposure_80,19.5,31.495,19.5,6.994,7.303,7.167,7.176
2017-08-23,20170823,2800,6,3,18,Exposure_80,19.5,31.495,19.5,6.966,7.275,7.139,7.148
2017-08-25,20170825,550,1,1,1,Exposure_80,19.5,31.484,19,7.734,8.042,7.906,7.915
2017-08-25,20170825,550,1,2,2,Exposure_80,19.5,31.484,19,7.751,8.059,7.924,7.933
2017-08-25,20170825,550,1,3,3,Exposure_80,19.5,31.484,19,7.746,8.054,7.918,7.927
2017-08-25,20170825,550,2,1,4,Exposure_80,19.5,31.653,19.4,7.751,8.061,7.925,7.934
2017-08-25,20170825,550,2,2,5,Exposure_80,19.5,31.585,19.5,7.751,8.06,7.925,7.934
2017-08-25,20170825,550,2,3,6,Exposure_80,19.5,31.619,19.6,7.751,8.061,7.925,7.934
2017-08-25,20170825,1000,3,1,7,Exposure_80,19.5,31.552,19.5,7.528,7.836,7.7,7.709
2017-08-25,20170825,1000,3,2,8,Exposure_80,19.5,31.552,19.6,7.511,7.819,7.683,7.692
2017-08-25,20170825,1000,3,3,9,Exposure_80,19.5,31.552,19.6,7.539,7.848,7.712,7.721
2017-08-25,20170825,2800,4,1,10,Exposure_80,19.5,31.687,19.7,7.029,7.339,7.203,7.212
2017-08-25,20170825,2800,4,2,11,Exposure_80,19.5,31.619,19.7,7.046,7.355,7.219,7.228
2017-08-25,20170825,2800,4,3,12,Exposure_80,19.5,31.687,19.7,7.04,7.35,7.214,7.223
2017-08-25,20170825,1000,5,1,13,Exposure_80,19.5,31.484,19.5,7.516,7.824,7.688,7.697
2017-08-25,20170825,1000,5,2,14,Exposure_80,19.5,31.552,19.6,7.528,7.836,7.7,7.709
2017-08-25,20170825,1000,5,3,15,Exposure_80,19.5,31.518,19.6,7.528,7.836,7.7,7.709
2017-08-25,20170825,2800,6,1,16,Exposure_80,19.5,31.653,19.5,7.029,7.338,7.202,7.211
2017-08-25,20170825,2800,6,2,17,Exposure_80,19.5,31.653,19.5,7.034,7.344,7.208,7.217
2017-08-25,20170825,2800,6,3,18,Exposure_80,19.5,31.687,19.4,7.011,7.322,7.186,7.195
